ISO-10303-21;
HEADER;

/* File generated by HOOPS Exchange Version 24.2.0 */

FILE_DESCRIPTION(('HOOPS Exchange Step'),'2;1');

FILE_NAME('C:\\Users\\sou16\\OneDrive\\\X2\30C730B930AF30C830C330D7\X0\\\\X2\81EA4F5C30AD30FC30DC30FC30C9\X0\\\\X2\78C16C1730AD30FC30DC30FC30C9\X0\\\Chai45HE\\Chai45HE\\switch_plate.stp',
'2025-12-21T00:53:46-15:00',
('sou16'),
('Unknown organisation'),
'HOOPS Exchange 2024.2',
'HOOPS Exchange',
'Unknown authorisation');

FILE_SCHEMA( ('AP203_CONFIGURATION_CONTROLLED_3D_DESIGN_OF_MECHANICAL_PARTS_AND_ASSEMBLIES_MIM_LF') );

ENDSEC;

DATA;
#3=(NAMED_UNIT(*)PLANE_ANGLE_UNIT()SI_UNIT($,.RADIAN.));
#4=PLANE_ANGLE_MEASURE_WITH_UNIT(PLANE_ANGLE_MEASURE(0.0174532925),#3);
#5=(CONVERSION_BASED_UNIT('DEGREE',#4)NAMED_UNIT(#6)PLANE_ANGLE_UNIT());
#6=DIMENSIONAL_EXPONENTS(0.,0.,0.,0.,0.,0.,0.);
#7=(NAMED_UNIT(*)SI_UNIT($,.STERADIAN.)SOLID_ANGLE_UNIT());
#8=(LENGTH_UNIT()NAMED_UNIT(*)SI_UNIT(.MILLI.,.METRE.));
#9=UNCERTAINTY_MEASURE_WITH_UNIT(LENGTH_MEASURE(1.000000E-03),#8,'DISTANCE_ACCURACY_VALUE','Maximum Tolerance applied to model');
#10=(GEOMETRIC_REPRESENTATION_CONTEXT(3)GLOBAL_UNCERTAINTY_ASSIGNED_CONTEXT((#9))GLOBAL_UNIT_ASSIGNED_CONTEXT((#8,#5,#7))REPRESENTATION_CONTEXT('','root'));
#12=CARTESIAN_POINT('',(0.,0.,0.));
#13=DIRECTION('',(0.,0.,1.));
#14=DIRECTION('',(1.,0.,0.));
#15=AXIS2_PLACEMENT_3D('',#12,#13,#14);
#26=(NAMED_UNIT(*)PLANE_ANGLE_UNIT()SI_UNIT($,.RADIAN.));
#27=PLANE_ANGLE_MEASURE_WITH_UNIT(PLANE_ANGLE_MEASURE(0.0174532925),#26);
#28=(CONVERSION_BASED_UNIT('DEGREE',#27)NAMED_UNIT(#29)PLANE_ANGLE_UNIT());
#29=DIMENSIONAL_EXPONENTS(0.,0.,0.,0.,0.,0.,0.);
#30=(NAMED_UNIT(*)SI_UNIT($,.STERADIAN.)SOLID_ANGLE_UNIT());
#31=(LENGTH_UNIT()NAMED_UNIT(*)SI_UNIT(.MILLI.,.METRE.));
#32=UNCERTAINTY_MEASURE_WITH_UNIT(LENGTH_MEASURE(1.000000E-03),#31,'DISTANCE_ACCURACY_VALUE','Maximum Tolerance applied to model');
#33=(GEOMETRIC_REPRESENTATION_CONTEXT(3)GLOBAL_UNCERTAINTY_ASSIGNED_CONTEXT((#32))GLOBAL_UNIT_ASSIGNED_CONTEXT((#31,#28,#30))REPRESENTATION_CONTEXT('','0'));
#35=CARTESIAN_POINT('',(0.,0.,0.));
#36=DIRECTION('',(0.,0.,1.));
#37=DIRECTION('',(1.,0.,0.));
#38=AXIS2_PLACEMENT_3D('',#35,#36,#37);
#49=CARTESIAN_POINT('',(0.,0.,0.));
#50=DIRECTION('',(0.,0.,1.));
#51=DIRECTION('',(1.,0.,-0.));
#52=AXIS2_PLACEMENT_3D('',#49,#50,#51);
#53=ITEM_DEFINED_TRANSFORMATION('','',#52,#38);
#54=(REPRESENTATION_RELATIONSHIP('','',#39,#16)REPRESENTATION_RELATIONSHIP_WITH_TRANSFORMATION(#53)SHAPE_REPRESENTATION_RELATIONSHIP());
#55=NEXT_ASSEMBLY_USAGE_OCCURRENCE('Chai45HE.step_1','Chai45HE.step','Chai45HE.step',#25,#48,$);
#56=PRODUCT_DEFINITION_SHAPE('','',#55);
#57=CONTEXT_DEPENDENT_SHAPE_REPRESENTATION(#54,#56);
#58=(NAMED_UNIT(*)PLANE_ANGLE_UNIT()SI_UNIT($,.RADIAN.));
#59=PLANE_ANGLE_MEASURE_WITH_UNIT(PLANE_ANGLE_MEASURE(0.0174532925),#58);
#60=(CONVERSION_BASED_UNIT('DEGREE',#59)NAMED_UNIT(#61)PLANE_ANGLE_UNIT());
#61=DIMENSIONAL_EXPONENTS(0.,0.,0.,0.,0.,0.,0.);
#62=(NAMED_UNIT(*)SI_UNIT($,.STERADIAN.)SOLID_ANGLE_UNIT());
#63=(LENGTH_UNIT()NAMED_UNIT(*)SI_UNIT(.MILLI.,.METRE.));
#64=UNCERTAINTY_MEASURE_WITH_UNIT(LENGTH_MEASURE(1.000000E-05),#63,'DISTANCE_ACCURACY_VALUE','Maximum Tolerance applied to model');
#65=(GEOMETRIC_REPRESENTATION_CONTEXT(3)GLOBAL_UNCERTAINTY_ASSIGNED_CONTEXT((#64))GLOBAL_UNIT_ASSIGNED_CONTEXT((#63,#60,#62))REPRESENTATION_CONTEXT('','0'));
#67=CARTESIAN_POINT('',(0.,0.,0.));
#68=DIRECTION('',(0.,0.,1.));
#69=DIRECTION('',(1.,0.,0.));
#70=AXIS2_PLACEMENT_3D('',#67,#68,#69);
#81=CARTESIAN_POINT('',(0.,0.,0.));
#82=DIRECTION('',(0.,0.,1.));
#83=DIRECTION('',(1.,0.,-0.));
#84=AXIS2_PLACEMENT_3D('',#81,#82,#83);
#85=ITEM_DEFINED_TRANSFORMATION('','',#84,#70);
#86=(REPRESENTATION_RELATIONSHIP('','',#71,#39)REPRESENTATION_RELATIONSHIP_WITH_TRANSFORMATION(#85)SHAPE_REPRESENTATION_RELATIONSHIP());
#87=NEXT_ASSEMBLY_USAGE_OCCURRENCE('Chai45HE_PCB_2','Chai45HE_PCB','Chai45HE_PCB',#48,#80,$);
#88=PRODUCT_DEFINITION_SHAPE('','',#87);
#89=CONTEXT_DEPENDENT_SHAPE_REPRESENTATION(#86,#88);
#91=CARTESIAN_POINT('',(67.324998662,-60.300001335,0.));
#92=DIRECTION('',(0.,0.,-1.));
#93=DIRECTION('',(0.000102676,0.999999995,0.));
#94=AXIS2_PLACEMENT_3D('',#91,#92,#93);
#95=CYLINDRICAL_SURFACE('',#94,0.500001338);
#96=CARTESIAN_POINT('',(67.32505,-59.8,0.));
#97=VERTEX_POINT('',#96);
#98=CARTESIAN_POINT('',(67.32505,-59.8,1.5));
#99=VERTEX_POINT('',#98);
#100=CARTESIAN_POINT('',(67.32505,-59.8,0.));
#101=DIRECTION('',(-0.,-0.,1.));
#102=VECTOR('',#101,1.5);
#103=LINE('',#100,#102);
#104=EDGE_CURVE('',#97,#99,#103,.T.);
#105=ORIENTED_EDGE('',*,*,#104,.T.);
#106=CARTESIAN_POINT('',(67.825,-60.3,1.5));
#107=VERTEX_POINT('',#106);
#108=CARTESIAN_POINT('',(67.324998662,-60.300001335,1.5));
#109=DIRECTION('',(-0.,-0.,-1.));
#110=DIRECTION('',(1.,0.,-0.));
#111=AXIS2_PLACEMENT_3D('',#108,#109,#110);
#112=CIRCLE('',#111,0.500001338);
#113=EDGE_CURVE('',#99,#107,#112,.T.);
#114=ORIENTED_EDGE('',*,*,#113,.T.);
#115=CARTESIAN_POINT('',(67.825,-60.3,0.));
#116=VERTEX_POINT('',#115);
#117=CARTESIAN_POINT('',(67.825,-60.3,0.));
#118=DIRECTION('',(-0.,-0.,1.));
#119=VECTOR('',#118,1.5);
#120=LINE('',#117,#119);
#121=EDGE_CURVE('',#116,#107,#120,.T.);
#122=ORIENTED_EDGE('',*,*,#121,.F.);
#123=CARTESIAN_POINT('',(67.324998662,-60.300001335,0.));
#124=DIRECTION('',(0.,0.,-1.));
#125=DIRECTION('',(0.000102676,0.999999995,0.));
#126=AXIS2_PLACEMENT_3D('',#123,#124,#125);
#127=CIRCLE('',#126,0.500001338);
#128=EDGE_CURVE('',#97,#116,#127,.T.);
#129=ORIENTED_EDGE('',*,*,#128,.F.);
#130=EDGE_LOOP('',(#105,#114,#122,#129));
#131=FACE_BOUND('',#130,.T.);
#132=ADVANCED_FACE('',(#131),#95,.T.);
#133=CARTESIAN_POINT('',(33.225,-59.8,0.));
#134=DIRECTION('',(0.,1.,0.));
#135=DIRECTION('',(1.,0.,0.));
#136=AXIS2_PLACEMENT_3D('',#133,#134,#135);
#137=PLANE('',#136);
#138=CARTESIAN_POINT('',(33.225,-59.8,0.));
#139=VERTEX_POINT('',#138);
#140=CARTESIAN_POINT('',(33.225,-59.8,1.505));
#141=VERTEX_POINT('',#140);
#142=CARTESIAN_POINT('',(33.225,-59.8,0.));
#143=DIRECTION('',(-0.,-0.,1.));
#144=VECTOR('',#143,1.51);
#145=LINE('',#142,#144);
#146=EDGE_CURVE('',#139,#141,#145,.T.);
#147=ORIENTED_EDGE('',*,*,#146,.T.);
#148=CARTESIAN_POINT('',(33.225,-59.8,1.5));
#149=DIRECTION('',(1.,0.,-0.));
#150=VECTOR('',#149,34.10005);
#151=LINE('',#148,#150);
#152=EDGE_CURVE('',#141,#99,#151,.T.);
#153=ORIENTED_EDGE('',*,*,#152,.T.);
#154=ORIENTED_EDGE('',*,*,#104,.F.);
#155=CARTESIAN_POINT('',(33.225,-59.8,0.));
#156=DIRECTION('',(1.,0.,0.));
#157=VECTOR('',#156,34.10005);
#158=LINE('',#155,#157);
#159=EDGE_CURVE('',#139,#97,#158,.T.);
#160=ORIENTED_EDGE('',*,*,#159,.F.);
#161=EDGE_LOOP('',(#147,#153,#154,#160));
#162=FACE_BOUND('',#161,.T.);
#163=ADVANCED_FACE('',(#162),#137,.T.);
#164=CARTESIAN_POINT('',(67.825,-60.3,0.));
#165=DIRECTION('',(1.,0.,0.));
#166=DIRECTION('',(0.,-1.,0.));
#167=AXIS2_PLACEMENT_3D('',#164,#165,#166);
#168=PLANE('',#167);
#169=ORIENTED_EDGE('',*,*,#121,.T.);
#170=CARTESIAN_POINT('',(67.825,-60.6,1.505));
#171=VERTEX_POINT('',#170);
#172=CARTESIAN_POINT('',(67.825,-60.3,1.5));
#173=DIRECTION('',(0.,-1.,0.));
#174=VECTOR('',#173,0.3);
#175=LINE('',#172,#174);
#176=EDGE_CURVE('',#107,#171,#175,.T.);
#177=ORIENTED_EDGE('',*,*,#176,.T.);
#178=CARTESIAN_POINT('',(67.825,-60.6,0.));
#179=VERTEX_POINT('',#178);
#180=CARTESIAN_POINT('',(67.825,-60.6,0.));
#181=DIRECTION('',(-0.,-0.,1.));
#182=VECTOR('',#181,1.51);
#183=LINE('',#180,#182);
#184=EDGE_CURVE('',#179,#171,#183,.T.);
#185=ORIENTED_EDGE('',*,*,#184,.F.);
#186=CARTESIAN_POINT('',(67.825,-60.3,0.));
#187=DIRECTION('',(0.,-1.,0.));
#188=VECTOR('',#187,0.3);
#189=LINE('',#186,#188);
#190=EDGE_CURVE('',#116,#179,#189,.T.);
#191=ORIENTED_EDGE('',*,*,#190,.F.);
#192=EDGE_LOOP('',(#169,#177,#185,#191));
#193=FACE_BOUND('',#192,.T.);
#194=ADVANCED_FACE('',(#193),#168,.T.);
#195=CARTESIAN_POINT('',(0.,0.,0.));
#196=DIRECTION('',(0.,0.,1.));
#197=DIRECTION('',(1.,0.,0.));
#198=AXIS2_PLACEMENT_3D('',#195,#196,#197);
#199=PLANE('',#198);
#200=ORIENTED_EDGE('',*,*,#190,.T.);
#201=CARTESIAN_POINT('',(70.825,-60.6,0.));
#202=VERTEX_POINT('',#201);
#203=CARTESIAN_POINT('',(69.325,-62.300000109,0.));
#204=DIRECTION('',(-0.,-0.,1.));
#205=DIRECTION('',(-0.661621613,0.749837876,0.));
#206=AXIS2_PLACEMENT_3D('',#203,#204,#205);
#207=CIRCLE('',#206,2.267156891);
#208=EDGE_CURVE('',#179,#202,#207,.T.);
#209=ORIENTED_EDGE('',*,*,#208,.T.);
#210=CARTESIAN_POINT('',(70.825,-60.3,0.));
#211=VERTEX_POINT('',#210);
#212=CARTESIAN_POINT('',(70.825,-60.6,0.));
#213=DIRECTION('',(0.,1.,0.));
#214=VECTOR('',#213,0.3);
#215=LINE('',#212,#214);
#216=EDGE_CURVE('',#202,#211,#215,.T.);
#217=ORIENTED_EDGE('',*,*,#216,.T.);
#218=CARTESIAN_POINT('',(71.325,-59.8,0.));
#219=VERTEX_POINT('',#218);
#220=CARTESIAN_POINT('',(71.325001334,-60.300001334,0.));
#221=DIRECTION('',(0.,0.,-1.));
#222=DIRECTION('',(-1.,0.000002667,0.));
#223=AXIS2_PLACEMENT_3D('',#220,#221,#222);
#224=CIRCLE('',#223,0.500001334);
#225=EDGE_CURVE('',#211,#219,#224,.T.);
#226=ORIENTED_EDGE('',*,*,#225,.T.);
#227=CARTESIAN_POINT('',(238.77505,-59.800051,0.));
#228=VERTEX_POINT('',#227);
#229=CARTESIAN_POINT('',(71.325,-59.8,0.));
#230=DIRECTION('',(1.,-0.000000305,0.));
#231=VECTOR('',#230,167.45005);
#232=LINE('',#229,#231);
#233=EDGE_CURVE('',#219,#228,#232,.T.);
#234=ORIENTED_EDGE('',*,*,#233,.T.);
#235=CARTESIAN_POINT('',(239.275,-60.300051,0.));
#236=VERTEX_POINT('',#235);
#237=CARTESIAN_POINT('',(238.774998662,-60.300052335,0.));
#238=DIRECTION('',(0.,0.,-1.));
#239=DIRECTION('',(0.000102676,0.999999995,0.));
#240=AXIS2_PLACEMENT_3D('',#237,#238,#239);
#241=CIRCLE('',#240,0.500001338);
#242=EDGE_CURVE('',#228,#236,#241,.T.);
#243=ORIENTED_EDGE('',*,*,#242,.T.);
#244=CARTESIAN_POINT('',(239.275,-60.600051,0.));
#245=VERTEX_POINT('',#244);
#246=CARTESIAN_POINT('',(239.275,-60.300051,0.));
#247=DIRECTION('',(-0.,-1.,-0.));
#248=VECTOR('',#247,0.3);
#249=LINE('',#246,#248);
#250=EDGE_CURVE('',#236,#245,#249,.T.);
#251=ORIENTED_EDGE('',*,*,#250,.T.);
#252=CARTESIAN_POINT('',(242.275,-60.600051,0.));
#253=VERTEX_POINT('',#252);
#254=CARTESIAN_POINT('',(240.775,-62.300051109,0.));
#255=DIRECTION('',(-0.,-0.,1.));
#256=DIRECTION('',(-0.661621613,0.749837876,0.));
#257=AXIS2_PLACEMENT_3D('',#254,#255,#256);
#258=CIRCLE('',#257,2.267156891);
#259=EDGE_CURVE('',#245,#253,#258,.T.);
#260=ORIENTED_EDGE('',*,*,#259,.T.);
#261=CARTESIAN_POINT('',(242.275,-60.300051,0.));
#262=VERTEX_POINT('',#261);
#263=CARTESIAN_POINT('',(242.275,-60.600051,0.));
#264=DIRECTION('',(0.,1.,0.));
#265=VECTOR('',#264,0.3);
#266=LINE('',#263,#265);
#267=EDGE_CURVE('',#253,#262,#266,.T.);
#268=ORIENTED_EDGE('',*,*,#267,.T.);
#269=CARTESIAN_POINT('',(242.775,-59.800051,0.));
#270=VERTEX_POINT('',#269);
#271=CARTESIAN_POINT('',(242.775001334,-60.300052334,0.));
#272=DIRECTION('',(0.,0.,-1.));
#273=DIRECTION('',(-1.,0.000002667,0.));
#274=AXIS2_PLACEMENT_3D('',#271,#272,#273);
#275=CIRCLE('',#274,0.500001334);
#276=EDGE_CURVE('',#262,#270,#275,.T.);
#277=ORIENTED_EDGE('',*,*,#276,.T.);
#278=CARTESIAN_POINT('',(267.349998,-59.800002,0.));
#279=VERTEX_POINT('',#278);
#280=CARTESIAN_POINT('',(242.775,-59.800051,0.));
#281=DIRECTION('',(1.,0.000001994,0.));
#282=VECTOR('',#281,24.574998);
#283=LINE('',#280,#282);
#284=EDGE_CURVE('',#270,#279,#283,.T.);
#285=ORIENTED_EDGE('',*,*,#284,.T.);
#286=CARTESIAN_POINT('',(269.35,-61.800002,0.));
#287=VERTEX_POINT('',#286);
#288=CARTESIAN_POINT('',(267.34991272,-61.80008928,0.));
#289=DIRECTION('',(0.,0.,-1.));
#290=DIRECTION('',(0.000042638,0.999999999,0.));
#291=AXIS2_PLACEMENT_3D('',#288,#289,#290);
#292=CIRCLE('',#291,2.000087282);
#293=EDGE_CURVE('',#279,#287,#292,.T.);
#294=ORIENTED_EDGE('',*,*,#293,.T.);
#295=CARTESIAN_POINT('',(269.35,-134.,0.));
#296=VERTEX_POINT('',#295);
#297=CARTESIAN_POINT('',(269.35,-61.800002,0.));
#298=DIRECTION('',(-0.,-1.,-0.));
#299=VECTOR('',#298,72.199998);
#300=LINE('',#297,#299);
#301=EDGE_CURVE('',#287,#296,#300,.T.);
#302=ORIENTED_EDGE('',*,*,#301,.T.);
#303=CARTESIAN_POINT('',(267.35,-136.,0.));
#304=VERTEX_POINT('',#303);
#305=CARTESIAN_POINT('',(267.349965644,-133.999965644,0.));
#306=DIRECTION('',(0.,0.,-1.));
#307=DIRECTION('',(1.,-0.000017178,0.));
#308=AXIS2_PLACEMENT_3D('',#305,#306,#307);
#309=CIRCLE('',#308,2.000034356);
#310=EDGE_CURVE('',#296,#304,#309,.T.);
#311=ORIENTED_EDGE('',*,*,#310,.T.);
#312=CARTESIAN_POINT('',(247.53745,-136.,0.));
#313=VERTEX_POINT('',#312);
#314=CARTESIAN_POINT('',(267.35,-136.,0.));
#315=DIRECTION('',(-1.,-0.,0.));
#316=VECTOR('',#315,19.81255);
#317=LINE('',#314,#316);
#318=EDGE_CURVE('',#304,#313,#317,.T.);
#319=ORIENTED_EDGE('',*,*,#318,.T.);
#320=CARTESIAN_POINT('',(247.037475,-135.5,0.));
#321=VERTEX_POINT('',#320);
#322=CARTESIAN_POINT('',(247.537476335,-135.499998666,0.));
#323=DIRECTION('',(-0.,0.,-1.));
#324=DIRECTION('',(-0.000052669,-0.999999999,0.));
#325=AXIS2_PLACEMENT_3D('',#322,#323,#324);
#326=CIRCLE('',#325,0.500001335);
#327=EDGE_CURVE('',#313,#321,#326,.T.);
#328=ORIENTED_EDGE('',*,*,#327,.T.);
#329=CARTESIAN_POINT('',(247.037475,-135.2,0.));
#330=VERTEX_POINT('',#329);
#331=CARTESIAN_POINT('',(247.037475,-135.5,0.));
#332=DIRECTION('',(0.,1.,0.));
#333=VECTOR('',#332,0.3);
#334=LINE('',#331,#333);
#335=EDGE_CURVE('',#321,#330,#334,.T.);
#336=ORIENTED_EDGE('',*,*,#335,.T.);
#337=CARTESIAN_POINT('',(244.037475,-135.2,0.));
#338=VERTEX_POINT('',#337);
#339=CARTESIAN_POINT('',(245.537475,-133.499999891,0.));
#340=DIRECTION('',(-0.,-0.,1.));
#341=DIRECTION('',(0.661621613,-0.749837876,0.));
#342=AXIS2_PLACEMENT_3D('',#339,#340,#341);
#343=CIRCLE('',#342,2.267156891);
#344=EDGE_CURVE('',#330,#338,#343,.T.);
#345=ORIENTED_EDGE('',*,*,#344,.T.);
#346=CARTESIAN_POINT('',(244.037475,-135.5,0.));
#347=VERTEX_POINT('',#346);
#348=CARTESIAN_POINT('',(244.037475,-135.2,0.));
#349=DIRECTION('',(0.,-1.,0.));
#350=VECTOR('',#349,0.3);
#351=LINE('',#348,#350);
#352=EDGE_CURVE('',#338,#347,#351,.T.);
#353=ORIENTED_EDGE('',*,*,#352,.T.);
#354=CARTESIAN_POINT('',(243.537475,-136.,0.));
#355=VERTEX_POINT('',#354);
#356=CARTESIAN_POINT('',(243.537473666,-135.499998666,0.));
#357=DIRECTION('',(0.,0.,-1.));
#358=DIRECTION('',(1.,-0.000002667,0.));
#359=AXIS2_PLACEMENT_3D('',#356,#357,#358);
#360=CIRCLE('',#359,0.500001334);
#361=EDGE_CURVE('',#347,#355,#360,.T.);
#362=ORIENTED_EDGE('',*,*,#361,.T.);
#363=CARTESIAN_POINT('',(57.03745,-136.,0.));
#364=VERTEX_POINT('',#363);
#365=CARTESIAN_POINT('',(243.537475,-136.,0.));
#366=DIRECTION('',(-1.,-0.,0.));
#367=VECTOR('',#366,186.500025);
#368=LINE('',#365,#367);
#369=EDGE_CURVE('',#355,#364,#368,.T.);
#370=ORIENTED_EDGE('',*,*,#369,.T.);
#371=CARTESIAN_POINT('',(56.5375,-135.5,0.));
#372=VERTEX_POINT('',#371);
#373=CARTESIAN_POINT('',(57.037501338,-135.499998664,0.));
#374=DIRECTION('',(-0.,0.,-1.));
#375=DIRECTION('',(-0.000102676,-0.999999995,0.));
#376=AXIS2_PLACEMENT_3D('',#373,#374,#375);
#377=CIRCLE('',#376,0.500001338);
#378=EDGE_CURVE('',#364,#372,#377,.T.);
#379=ORIENTED_EDGE('',*,*,#378,.T.);
#380=CARTESIAN_POINT('',(56.5375,-135.2,0.));
#381=VERTEX_POINT('',#380);
#382=CARTESIAN_POINT('',(56.5375,-135.5,0.));
#383=DIRECTION('',(0.,1.,0.));
#384=VECTOR('',#383,0.3);
#385=LINE('',#382,#384);
#386=EDGE_CURVE('',#372,#381,#385,.T.);
#387=ORIENTED_EDGE('',*,*,#386,.T.);
#388=CARTESIAN_POINT('',(53.5375,-135.2,0.));
#389=VERTEX_POINT('',#388);
#390=CARTESIAN_POINT('',(55.0375,-133.499999891,0.));
#391=DIRECTION('',(-0.,-0.,1.));
#392=DIRECTION('',(0.661621613,-0.749837876,0.));
#393=AXIS2_PLACEMENT_3D('',#390,#391,#392);
#394=CIRCLE('',#393,2.267156891);
#395=EDGE_CURVE('',#381,#389,#394,.T.);
#396=ORIENTED_EDGE('',*,*,#395,.T.);
#397=CARTESIAN_POINT('',(53.5375,-135.5,0.));
#398=VERTEX_POINT('',#397);
#399=CARTESIAN_POINT('',(53.5375,-135.2,0.));
#400=DIRECTION('',(0.,-1.,0.));
#401=VECTOR('',#400,0.3);
#402=LINE('',#399,#401);
#403=EDGE_CURVE('',#389,#398,#402,.T.);
#404=ORIENTED_EDGE('',*,*,#403,.T.);
#405=CARTESIAN_POINT('',(53.0375,-136.,0.));
#406=VERTEX_POINT('',#405);
#407=CARTESIAN_POINT('',(53.037498666,-135.499998666,0.));
#408=DIRECTION('',(0.,0.,-1.));
#409=DIRECTION('',(1.,-0.000002667,0.));
#410=AXIS2_PLACEMENT_3D('',#407,#408,#409);
#411=CIRCLE('',#410,0.500001334);
#412=EDGE_CURVE('',#398,#406,#411,.T.);
#413=ORIENTED_EDGE('',*,*,#412,.T.);
#414=CARTESIAN_POINT('',(33.225,-136.,0.));
#415=VERTEX_POINT('',#414);
#416=CARTESIAN_POINT('',(53.0375,-136.,0.));
#417=DIRECTION('',(-1.,0.,0.));
#418=VECTOR('',#417,19.8125);
#419=LINE('',#416,#418);
#420=EDGE_CURVE('',#406,#415,#419,.T.);
#421=ORIENTED_EDGE('',*,*,#420,.T.);
#422=CARTESIAN_POINT('',(31.225,-134.,0.));
#423=VERTEX_POINT('',#422);
#424=CARTESIAN_POINT('',(33.224914862,-134.000085138,0.));
#425=DIRECTION('',(0.,0.,-1.));
#426=DIRECTION('',(0.000042571,-0.999999999,0.));
#427=AXIS2_PLACEMENT_3D('',#424,#425,#426);
#428=CIRCLE('',#427,1.999914864);
#429=EDGE_CURVE('',#415,#423,#428,.T.);
#430=ORIENTED_EDGE('',*,*,#429,.T.);
#431=CARTESIAN_POINT('',(31.225,-61.8,0.));
#432=VERTEX_POINT('',#431);
#433=CARTESIAN_POINT('',(31.225,-134.,0.));
#434=DIRECTION('',(0.,1.,0.));
#435=VECTOR('',#434,72.2);
#436=LINE('',#433,#435);
#437=EDGE_CURVE('',#423,#432,#436,.T.);
#438=ORIENTED_EDGE('',*,*,#437,.T.);
#439=CARTESIAN_POINT('',(33.225034356,-61.800034356,0.));
#440=DIRECTION('',(0.,0.,-1.));
#441=DIRECTION('',(-1.,0.000017178,0.));
#442=AXIS2_PLACEMENT_3D('',#439,#440,#441);
#443=CIRCLE('',#442,2.000034356);
#444=EDGE_CURVE('',#432,#139,#443,.T.);
#445=ORIENTED_EDGE('',*,*,#444,.T.);
#446=ORIENTED_EDGE('',*,*,#159,.T.);
#447=ORIENTED_EDGE('',*,*,#128,.T.);
#448=EDGE_LOOP('',(#200,#209,#217,#226,#234,#243,#251,#260,#268,#277,#285,#294,#302,#311,#319,#328,#336,#345,#353,#362,#370,#379,#387,#396,#404,#413,
#421,#430,#438,#445,#446,#447));
#449=FACE_BOUND('',#448,.T.);
#450=CARTESIAN_POINT('',(50.18125,-133.525,0.));
#451=VERTEX_POINT('',#450);
#452=CARTESIAN_POINT('',(50.18125,-119.425,0.));
#453=VERTEX_POINT('',#452);
#454=CARTESIAN_POINT('',(50.18125,-133.525,0.));
#455=DIRECTION('',(0.,1.,0.));
#456=VECTOR('',#455,14.1);
#457=LINE('',#454,#456);
#458=EDGE_CURVE('',#451,#453,#457,.T.);
#459=ORIENTED_EDGE('',*,*,#458,.T.);
#460=CARTESIAN_POINT('',(36.08125,-119.425,0.));
#461=VERTEX_POINT('',#460);
#462=CARTESIAN_POINT('',(50.18125,-119.425,0.));
#463=DIRECTION('',(-1.,-0.,0.));
#464=VECTOR('',#463,14.1);
#465=LINE('',#462,#464);
#466=EDGE_CURVE('',#453,#461,#465,.T.);
#467=ORIENTED_EDGE('',*,*,#466,.T.);
#468=CARTESIAN_POINT('',(36.08125,-133.525,0.));
#469=VERTEX_POINT('',#468);
#470=CARTESIAN_POINT('',(36.08125,-119.425,0.));
#471=DIRECTION('',(-0.,-1.,-0.));
#472=VECTOR('',#471,14.1);
#473=LINE('',#470,#472);
#474=EDGE_CURVE('',#461,#469,#473,.T.);
#475=ORIENTED_EDGE('',*,*,#474,.T.);
#476=CARTESIAN_POINT('',(36.08125,-133.525,0.));
#477=DIRECTION('',(1.,0.,-0.));
#478=VECTOR('',#477,14.1);
#479=LINE('',#476,#478);
#480=EDGE_CURVE('',#469,#451,#479,.T.);
#481=ORIENTED_EDGE('',*,*,#480,.T.);
#482=EDGE_LOOP('',(#459,#467,#475,#481));
#483=FACE_BOUND('',#482,.T.);
#484=CARTESIAN_POINT('',(73.99375,-133.525,0.));
#485=VERTEX_POINT('',#484);
#486=CARTESIAN_POINT('',(73.99375,-119.425,0.));
#487=VERTEX_POINT('',#486);
#488=CARTESIAN_POINT('',(73.99375,-133.525,0.));
#489=DIRECTION('',(0.,1.,0.));
#490=VECTOR('',#489,14.1);
#491=LINE('',#488,#490);
#492=EDGE_CURVE('',#485,#487,#491,.T.);
#493=ORIENTED_EDGE('',*,*,#492,.T.);
#494=CARTESIAN_POINT('',(59.89375,-119.425,0.));
#495=VERTEX_POINT('',#494);
#496=CARTESIAN_POINT('',(73.99375,-119.425,0.));
#497=DIRECTION('',(-1.,-0.,0.));
#498=VECTOR('',#497,14.1);
#499=LINE('',#496,#498);
#500=EDGE_CURVE('',#487,#495,#499,.T.);
#501=ORIENTED_EDGE('',*,*,#500,.T.);
#502=CARTESIAN_POINT('',(59.89375,-133.525,0.));
#503=VERTEX_POINT('',#502);
#504=CARTESIAN_POINT('',(59.89375,-119.425,0.));
#505=DIRECTION('',(-0.,-1.,-0.));
#506=VECTOR('',#505,14.1);
#507=LINE('',#504,#506);
#508=EDGE_CURVE('',#495,#503,#507,.T.);
#509=ORIENTED_EDGE('',*,*,#508,.T.);
#510=CARTESIAN_POINT('',(59.89375,-133.525,0.));
#511=DIRECTION('',(1.,0.,-0.));
#512=VECTOR('',#511,14.1);
#513=LINE('',#510,#512);
#514=EDGE_CURVE('',#503,#485,#513,.T.);
#515=ORIENTED_EDGE('',*,*,#514,.T.);
#516=EDGE_LOOP('',(#493,#501,#509,#515));
#517=FACE_BOUND('',#516,.T.);
#518=CARTESIAN_POINT('',(97.80625,-133.525,0.));
#519=VERTEX_POINT('',#518);
#520=CARTESIAN_POINT('',(97.80625,-119.425,0.));
#521=VERTEX_POINT('',#520);
#522=CARTESIAN_POINT('',(97.80625,-133.525,0.));
#523=DIRECTION('',(0.,1.,0.));
#524=VECTOR('',#523,14.1);
#525=LINE('',#522,#524);
#526=EDGE_CURVE('',#519,#521,#525,.T.);
#527=ORIENTED_EDGE('',*,*,#526,.T.);
#528=CARTESIAN_POINT('',(83.70625,-119.425,0.));
#529=VERTEX_POINT('',#528);
#530=CARTESIAN_POINT('',(97.80625,-119.425,0.));
#531=DIRECTION('',(-1.,-0.,0.));
#532=VECTOR('',#531,14.1);
#533=LINE('',#530,#532);
#534=EDGE_CURVE('',#521,#529,#533,.T.);
#535=ORIENTED_EDGE('',*,*,#534,.T.);
#536=CARTESIAN_POINT('',(83.70625,-133.525,0.));
#537=VERTEX_POINT('',#536);
#538=CARTESIAN_POINT('',(83.70625,-119.425,0.));
#539=DIRECTION('',(-0.,-1.,-0.));
#540=VECTOR('',#539,14.1);
#541=LINE('',#538,#540);
#542=EDGE_CURVE('',#529,#537,#541,.T.);
#543=ORIENTED_EDGE('',*,*,#542,.T.);
#544=CARTESIAN_POINT('',(83.70625,-133.525,0.));
#545=DIRECTION('',(1.,0.,-0.));
#546=VECTOR('',#545,14.1);
#547=LINE('',#544,#546);
#548=EDGE_CURVE('',#537,#519,#547,.T.);
#549=ORIENTED_EDGE('',*,*,#548,.T.);
#550=EDGE_LOOP('',(#527,#535,#543,#549));
#551=FACE_BOUND('',#550,.T.);
#552=CARTESIAN_POINT('',(55.0375,-118.05,0.));
#553=VERTEX_POINT('',#552);
#554=CARTESIAN_POINT('',(55.0375,-116.95,0.));
#555=DIRECTION('',(0.,0.,-1.));
#556=DIRECTION('',(0.,-1.,0.));
#557=AXIS2_PLACEMENT_3D('',#554,#555,#556);
#558=CIRCLE('',#557,1.1);
#559=EDGE_CURVE('',#553,#553,#558,.T.);
#560=ORIENTED_EDGE('',*,*,#559,.F.);
#561=EDGE_LOOP('',(#560));
#562=FACE_BOUND('',#561,.T.);
#563=CARTESIAN_POINT('',(119.2375,-133.525,0.));
#564=VERTEX_POINT('',#563);
#565=CARTESIAN_POINT('',(119.2375,-119.425,0.));
#566=VERTEX_POINT('',#565);
#567=CARTESIAN_POINT('',(119.2375,-133.525,0.));
#568=DIRECTION('',(0.,1.,0.));
#569=VECTOR('',#568,14.1);
#570=LINE('',#567,#569);
#571=EDGE_CURVE('',#564,#566,#570,.T.);
#572=ORIENTED_EDGE('',*,*,#571,.T.);
#573=CARTESIAN_POINT('',(105.1375,-119.425,0.));
#574=VERTEX_POINT('',#573);
#575=CARTESIAN_POINT('',(119.2375,-119.425,0.));
#576=DIRECTION('',(-1.,-0.,0.));
#577=VECTOR('',#576,14.1);
#578=LINE('',#575,#577);
#579=EDGE_CURVE('',#566,#574,#578,.T.);
#580=ORIENTED_EDGE('',*,*,#579,.T.);
#581=CARTESIAN_POINT('',(105.1375,-133.525,0.));
#582=VERTEX_POINT('',#581);
#583=CARTESIAN_POINT('',(105.1375,-119.425,0.));
#584=DIRECTION('',(-0.,-1.,-0.));
#585=VECTOR('',#584,14.1);
#586=LINE('',#583,#585);
#587=EDGE_CURVE('',#574,#582,#586,.T.);
#588=ORIENTED_EDGE('',*,*,#587,.T.);
#589=CARTESIAN_POINT('',(105.1375,-133.525,0.));
#590=DIRECTION('',(1.,0.,-0.));
#591=VECTOR('',#590,14.1);
#592=LINE('',#589,#591);
#593=EDGE_CURVE('',#582,#564,#592,.T.);
#594=ORIENTED_EDGE('',*,*,#593,.T.);
#595=EDGE_LOOP('',(#572,#580,#588,#594));
#596=FACE_BOUND('',#595,.T.);
#597=CARTESIAN_POINT('',(143.05,-133.525,0.));
#598=VERTEX_POINT('',#597);
#599=CARTESIAN_POINT('',(143.05,-119.425,0.));
#600=VERTEX_POINT('',#599);
#601=CARTESIAN_POINT('',(143.05,-133.525,0.));
#602=DIRECTION('',(0.,1.,0.));
#603=VECTOR('',#602,14.1);
#604=LINE('',#601,#603);
#605=EDGE_CURVE('',#598,#600,#604,.T.);
#606=ORIENTED_EDGE('',*,*,#605,.T.);
#607=CARTESIAN_POINT('',(128.95,-119.425,0.));
#608=VERTEX_POINT('',#607);
#609=CARTESIAN_POINT('',(143.05,-119.425,0.));
#610=DIRECTION('',(-1.,-0.,0.));
#611=VECTOR('',#610,14.1);
#612=LINE('',#609,#611);
#613=EDGE_CURVE('',#600,#608,#612,.T.);
#614=ORIENTED_EDGE('',*,*,#613,.T.);
#615=CARTESIAN_POINT('',(128.95,-133.525,0.));
#616=VERTEX_POINT('',#615);
#617=CARTESIAN_POINT('',(128.95,-119.425,0.));
#618=DIRECTION('',(-0.,-1.,-0.));
#619=VECTOR('',#618,14.1);
#620=LINE('',#617,#619);
#621=EDGE_CURVE('',#608,#616,#620,.T.);
#622=ORIENTED_EDGE('',*,*,#621,.T.);
#623=CARTESIAN_POINT('',(128.95,-133.525,0.));
#624=DIRECTION('',(1.,0.,-0.));
#625=VECTOR('',#624,14.1);
#626=LINE('',#623,#625);
#627=EDGE_CURVE('',#616,#598,#626,.T.);
#628=ORIENTED_EDGE('',*,*,#627,.T.);
#629=EDGE_LOOP('',(#606,#614,#622,#628));
#630=FACE_BOUND('',#629,.T.);
#631=CARTESIAN_POINT('',(54.94375,-114.475,0.));
#632=VERTEX_POINT('',#631);
#633=CARTESIAN_POINT('',(54.94375,-100.375,0.));
#634=VERTEX_POINT('',#633);
#635=CARTESIAN_POINT('',(54.94375,-114.475,0.));
#636=DIRECTION('',(0.,1.,0.));
#637=VECTOR('',#636,14.1);
#638=LINE('',#635,#637);
#639=EDGE_CURVE('',#632,#634,#638,.T.);
#640=ORIENTED_EDGE('',*,*,#639,.T.);
#641=CARTESIAN_POINT('',(40.84375,-100.375,0.));
#642=VERTEX_POINT('',#641);
#643=CARTESIAN_POINT('',(54.94375,-100.375,0.));
#644=DIRECTION('',(-1.,-0.,0.));
#645=VECTOR('',#644,14.1);
#646=LINE('',#643,#645);
#647=EDGE_CURVE('',#634,#642,#646,.T.);
#648=ORIENTED_EDGE('',*,*,#647,.T.);
#649=CARTESIAN_POINT('',(40.84375,-114.475,0.));
#650=VERTEX_POINT('',#649);
#651=CARTESIAN_POINT('',(40.84375,-100.375,0.));
#652=DIRECTION('',(-0.,-1.,-0.));
#653=VECTOR('',#652,14.1);
#654=LINE('',#651,#653);
#655=EDGE_CURVE('',#642,#650,#654,.T.);
#656=ORIENTED_EDGE('',*,*,#655,.T.);
#657=CARTESIAN_POINT('',(40.84375,-114.475,0.));
#658=DIRECTION('',(1.,0.,-0.));
#659=VECTOR('',#658,14.1);
#660=LINE('',#657,#659);
#661=EDGE_CURVE('',#650,#632,#660,.T.);
#662=ORIENTED_EDGE('',*,*,#661,.T.);
#663=EDGE_LOOP('',(#640,#648,#656,#662));
#664=FACE_BOUND('',#663,.T.);
#665=CARTESIAN_POINT('',(81.1375,-114.475,0.));
#666=VERTEX_POINT('',#665);
#667=CARTESIAN_POINT('',(81.1375,-100.375,0.));
#668=VERTEX_POINT('',#667);
#669=CARTESIAN_POINT('',(81.1375,-114.475,0.));
#670=DIRECTION('',(0.,1.,0.));
#671=VECTOR('',#670,14.1);
#672=LINE('',#669,#671);
#673=EDGE_CURVE('',#666,#668,#672,.T.);
#674=ORIENTED_EDGE('',*,*,#673,.T.);
#675=CARTESIAN_POINT('',(67.0375,-100.375,0.));
#676=VERTEX_POINT('',#675);
#677=CARTESIAN_POINT('',(81.1375,-100.375,0.));
#678=DIRECTION('',(-1.,-0.,0.));
#679=VECTOR('',#678,14.1);
#680=LINE('',#677,#679);
#681=EDGE_CURVE('',#668,#676,#680,.T.);
#682=ORIENTED_EDGE('',*,*,#681,.T.);
#683=CARTESIAN_POINT('',(67.0375,-114.475,0.));
#684=VERTEX_POINT('',#683);
#685=CARTESIAN_POINT('',(67.0375,-100.375,0.));
#686=DIRECTION('',(-0.,-1.,-0.));
#687=VECTOR('',#686,14.1);
#688=LINE('',#685,#687);
#689=EDGE_CURVE('',#676,#684,#688,.T.);
#690=ORIENTED_EDGE('',*,*,#689,.T.);
#691=CARTESIAN_POINT('',(67.0375,-114.475,0.));
#692=DIRECTION('',(1.,0.,-0.));
#693=VECTOR('',#692,14.1);
#694=LINE('',#691,#693);
#695=EDGE_CURVE('',#684,#666,#694,.T.);
#696=ORIENTED_EDGE('',*,*,#695,.T.);
#697=EDGE_LOOP('',(#674,#682,#690,#696));
#698=FACE_BOUND('',#697,.T.);
#699=CARTESIAN_POINT('',(100.1875,-114.475,0.));
#700=VERTEX_POINT('',#699);
#701=CARTESIAN_POINT('',(100.1875,-100.375,0.));
#702=VERTEX_POINT('',#701);
#703=CARTESIAN_POINT('',(100.1875,-114.475,0.));
#704=DIRECTION('',(0.,1.,0.));
#705=VECTOR('',#704,14.1);
#706=LINE('',#703,#705);
#707=EDGE_CURVE('',#700,#702,#706,.T.);
#708=ORIENTED_EDGE('',*,*,#707,.T.);
#709=CARTESIAN_POINT('',(86.0875,-100.375,0.));
#710=VERTEX_POINT('',#709);
#711=CARTESIAN_POINT('',(100.1875,-100.375,0.));
#712=DIRECTION('',(-1.,-0.,0.));
#713=VECTOR('',#712,14.1);
#714=LINE('',#711,#713);
#715=EDGE_CURVE('',#702,#710,#714,.T.);
#716=ORIENTED_EDGE('',*,*,#715,.T.);
#717=CARTESIAN_POINT('',(86.0875,-114.475,0.));
#718=VERTEX_POINT('',#717);
#719=CARTESIAN_POINT('',(86.0875,-100.375,0.));
#720=DIRECTION('',(-0.,-1.,-0.));
#721=VECTOR('',#720,14.1);
#722=LINE('',#719,#721);
#723=EDGE_CURVE('',#710,#718,#722,.T.);
#724=ORIENTED_EDGE('',*,*,#723,.T.);
#725=CARTESIAN_POINT('',(86.0875,-114.475,0.));
#726=DIRECTION('',(1.,0.,-0.));
#727=VECTOR('',#726,14.1);
#728=LINE('',#725,#727);
#729=EDGE_CURVE('',#718,#700,#728,.T.);
#730=ORIENTED_EDGE('',*,*,#729,.T.);
#731=EDGE_LOOP('',(#708,#716,#724,#730));
#732=FACE_BOUND('',#731,.T.);
#733=CARTESIAN_POINT('',(119.2375,-114.475,0.));
#734=VERTEX_POINT('',#733);
#735=CARTESIAN_POINT('',(119.2375,-100.375,0.));
#736=VERTEX_POINT('',#735);
#737=CARTESIAN_POINT('',(119.2375,-114.475,0.));
#738=DIRECTION('',(0.,1.,0.));
#739=VECTOR('',#738,14.1);
#740=LINE('',#737,#739);
#741=EDGE_CURVE('',#734,#736,#740,.T.);
#742=ORIENTED_EDGE('',*,*,#741,.T.);
#743=CARTESIAN_POINT('',(105.1375,-100.375,0.));
#744=VERTEX_POINT('',#743);
#745=CARTESIAN_POINT('',(119.2375,-100.375,0.));
#746=DIRECTION('',(-1.,-0.,0.));
#747=VECTOR('',#746,14.1);
#748=LINE('',#745,#747);
#749=EDGE_CURVE('',#736,#744,#748,.T.);
#750=ORIENTED_EDGE('',*,*,#749,.T.);
#751=CARTESIAN_POINT('',(105.1375,-114.475,0.));
#752=VERTEX_POINT('',#751);
#753=CARTESIAN_POINT('',(105.1375,-100.375,0.));
#754=DIRECTION('',(-0.,-1.,-0.));
#755=VECTOR('',#754,14.1);
#756=LINE('',#753,#755);
#757=EDGE_CURVE('',#744,#752,#756,.T.);
#758=ORIENTED_EDGE('',*,*,#757,.T.);
#759=CARTESIAN_POINT('',(105.1375,-114.475,0.));
#760=DIRECTION('',(1.,0.,-0.));
#761=VECTOR('',#760,14.1);
#762=LINE('',#759,#761);
#763=EDGE_CURVE('',#752,#734,#762,.T.);
#764=ORIENTED_EDGE('',*,*,#763,.T.);
#765=EDGE_LOOP('',(#742,#750,#758,#764));
#766=FACE_BOUND('',#765,.T.);
#767=CARTESIAN_POINT('',(138.2875,-114.475,0.));
#768=VERTEX_POINT('',#767);
#769=CARTESIAN_POINT('',(138.2875,-100.375,0.));
#770=VERTEX_POINT('',#769);
#771=CARTESIAN_POINT('',(138.2875,-114.475,0.));
#772=DIRECTION('',(0.,1.,0.));
#773=VECTOR('',#772,14.1);
#774=LINE('',#771,#773);
#775=EDGE_CURVE('',#768,#770,#774,.T.);
#776=ORIENTED_EDGE('',*,*,#775,.T.);
#777=CARTESIAN_POINT('',(124.1875,-100.375,0.));
#778=VERTEX_POINT('',#777);
#779=CARTESIAN_POINT('',(138.2875,-100.375,0.));
#780=DIRECTION('',(-1.,-0.,0.));
#781=VECTOR('',#780,14.1);
#782=LINE('',#779,#781);
#783=EDGE_CURVE('',#770,#778,#782,.T.);
#784=ORIENTED_EDGE('',*,*,#783,.T.);
#785=CARTESIAN_POINT('',(124.1875,-114.475,0.));
#786=VERTEX_POINT('',#785);
#787=CARTESIAN_POINT('',(124.1875,-100.375,0.));
#788=DIRECTION('',(-0.,-1.,-0.));
#789=VECTOR('',#788,14.1);
#790=LINE('',#787,#789);
#791=EDGE_CURVE('',#778,#786,#790,.T.);
#792=ORIENTED_EDGE('',*,*,#791,.T.);
#793=CARTESIAN_POINT('',(124.1875,-114.475,0.));
#794=DIRECTION('',(1.,0.,-0.));
#795=VECTOR('',#794,14.1);
#796=LINE('',#793,#795);
#797=EDGE_CURVE('',#786,#768,#796,.T.);
#798=ORIENTED_EDGE('',*,*,#797,.T.);
#799=EDGE_LOOP('',(#776,#784,#792,#798));
#800=FACE_BOUND('',#799,.T.);
#801=CARTESIAN_POINT('',(171.625,-133.525,0.));
#802=VERTEX_POINT('',#801);
#803=CARTESIAN_POINT('',(171.625,-119.425,0.));
#804=VERTEX_POINT('',#803);
#805=CARTESIAN_POINT('',(171.625,-133.525,0.));
#806=DIRECTION('',(0.,1.,0.));
#807=VECTOR('',#806,14.1);
#808=LINE('',#805,#807);
#809=EDGE_CURVE('',#802,#804,#808,.T.);
#810=ORIENTED_EDGE('',*,*,#809,.T.);
#811=CARTESIAN_POINT('',(157.525,-119.425,0.));
#812=VERTEX_POINT('',#811);
#813=CARTESIAN_POINT('',(171.625,-119.425,0.));
#814=DIRECTION('',(-1.,-0.,0.));
#815=VECTOR('',#814,14.1);
#816=LINE('',#813,#815);
#817=EDGE_CURVE('',#804,#812,#816,.T.);
#818=ORIENTED_EDGE('',*,*,#817,.T.);
#819=CARTESIAN_POINT('',(157.525,-133.525,0.));
#820=VERTEX_POINT('',#819);
#821=CARTESIAN_POINT('',(157.525,-119.425,0.));
#822=DIRECTION('',(-0.,-1.,-0.));
#823=VECTOR('',#822,14.1);
#824=LINE('',#821,#823);
#825=EDGE_CURVE('',#812,#820,#824,.T.);
#826=ORIENTED_EDGE('',*,*,#825,.T.);
#827=CARTESIAN_POINT('',(157.525,-133.525,0.));
#828=DIRECTION('',(1.,0.,-0.));
#829=VECTOR('',#828,14.1);
#830=LINE('',#827,#829);
#831=EDGE_CURVE('',#820,#802,#830,.T.);
#832=ORIENTED_EDGE('',*,*,#831,.T.);
#833=EDGE_LOOP('',(#810,#818,#826,#832));
#834=FACE_BOUND('',#833,.T.);
#835=CARTESIAN_POINT('',(195.4375,-133.525,0.));
#836=VERTEX_POINT('',#835);
#837=CARTESIAN_POINT('',(195.4375,-119.425,0.));
#838=VERTEX_POINT('',#837);
#839=CARTESIAN_POINT('',(195.4375,-133.525,0.));
#840=DIRECTION('',(0.,1.,0.));
#841=VECTOR('',#840,14.1);
#842=LINE('',#839,#841);
#843=EDGE_CURVE('',#836,#838,#842,.T.);
#844=ORIENTED_EDGE('',*,*,#843,.T.);
#845=CARTESIAN_POINT('',(181.3375,-119.425,0.));
#846=VERTEX_POINT('',#845);
#847=CARTESIAN_POINT('',(195.4375,-119.425,0.));
#848=DIRECTION('',(-1.,-0.,0.));
#849=VECTOR('',#848,14.1);
#850=LINE('',#847,#849);
#851=EDGE_CURVE('',#838,#846,#850,.T.);
#852=ORIENTED_EDGE('',*,*,#851,.T.);
#853=CARTESIAN_POINT('',(181.3375,-133.525,0.));
#854=VERTEX_POINT('',#853);
#855=CARTESIAN_POINT('',(181.3375,-119.425,0.));
#856=DIRECTION('',(-0.,-1.,-0.));
#857=VECTOR('',#856,14.1);
#858=LINE('',#855,#857);
#859=EDGE_CURVE('',#846,#854,#858,.T.);
#860=ORIENTED_EDGE('',*,*,#859,.T.);
#861=CARTESIAN_POINT('',(181.3375,-133.525,0.));
#862=DIRECTION('',(1.,0.,-0.));
#863=VECTOR('',#862,14.1);
#864=LINE('',#861,#863);
#865=EDGE_CURVE('',#854,#836,#864,.T.);
#866=ORIENTED_EDGE('',*,*,#865,.T.);
#867=EDGE_LOOP('',(#844,#852,#860,#866));
#868=FACE_BOUND('',#867,.T.);
#869=CARTESIAN_POINT('',(159.8125,-118.05,0.));
#870=VERTEX_POINT('',#869);
#871=CARTESIAN_POINT('',(159.8125,-116.95,0.));
#872=DIRECTION('',(0.,0.,-1.));
#873=DIRECTION('',(0.,-1.,0.));
#874=AXIS2_PLACEMENT_3D('',#871,#872,#873);
#875=CIRCLE('',#874,1.1);
#876=EDGE_CURVE('',#870,#870,#875,.T.);
#877=ORIENTED_EDGE('',*,*,#876,.F.);
#878=EDGE_LOOP('',(#877));
#879=FACE_BOUND('',#878,.T.);
#880=CARTESIAN_POINT('',(216.86875,-133.525,0.));
#881=VERTEX_POINT('',#880);
#882=CARTESIAN_POINT('',(216.86875,-119.425,0.));
#883=VERTEX_POINT('',#882);
#884=CARTESIAN_POINT('',(216.86875,-133.525,0.));
#885=DIRECTION('',(0.,1.,0.));
#886=VECTOR('',#885,14.1);
#887=LINE('',#884,#886);
#888=EDGE_CURVE('',#881,#883,#887,.T.);
#889=ORIENTED_EDGE('',*,*,#888,.T.);
#890=CARTESIAN_POINT('',(202.76875,-119.425,0.));
#891=VERTEX_POINT('',#890);
#892=CARTESIAN_POINT('',(216.86875,-119.425,0.));
#893=DIRECTION('',(-1.,-0.,0.));
#894=VECTOR('',#893,14.1);
#895=LINE('',#892,#894);
#896=EDGE_CURVE('',#883,#891,#895,.T.);
#897=ORIENTED_EDGE('',*,*,#896,.T.);
#898=CARTESIAN_POINT('',(202.76875,-133.525,0.));
#899=VERTEX_POINT('',#898);
#900=CARTESIAN_POINT('',(202.76875,-119.425,0.));
#901=DIRECTION('',(-0.,-1.,-0.));
#902=VECTOR('',#901,14.1);
#903=LINE('',#900,#902);
#904=EDGE_CURVE('',#891,#899,#903,.T.);
#905=ORIENTED_EDGE('',*,*,#904,.T.);
#906=CARTESIAN_POINT('',(202.76875,-133.525,0.));
#907=DIRECTION('',(1.,0.,-0.));
#908=VECTOR('',#907,14.1);
#909=LINE('',#906,#908);
#910=EDGE_CURVE('',#899,#881,#909,.T.);
#911=ORIENTED_EDGE('',*,*,#910,.T.);
#912=EDGE_LOOP('',(#889,#897,#905,#911));
#913=FACE_BOUND('',#912,.T.);
#914=CARTESIAN_POINT('',(240.68125,-133.525,0.));
#915=VERTEX_POINT('',#914);
#916=CARTESIAN_POINT('',(240.68125,-119.425,0.));
#917=VERTEX_POINT('',#916);
#918=CARTESIAN_POINT('',(240.68125,-133.525,0.));
#919=DIRECTION('',(0.,1.,0.));
#920=VECTOR('',#919,14.1);
#921=LINE('',#918,#920);
#922=EDGE_CURVE('',#915,#917,#921,.T.);
#923=ORIENTED_EDGE('',*,*,#922,.T.);
#924=CARTESIAN_POINT('',(226.58125,-119.425,0.));
#925=VERTEX_POINT('',#924);
#926=CARTESIAN_POINT('',(240.68125,-119.425,0.));
#927=DIRECTION('',(-1.,-0.,0.));
#928=VECTOR('',#927,14.1);
#929=LINE('',#926,#928);
#930=EDGE_CURVE('',#917,#925,#929,.T.);
#931=ORIENTED_EDGE('',*,*,#930,.T.);
#932=CARTESIAN_POINT('',(226.58125,-133.525,0.));
#933=VERTEX_POINT('',#932);
#934=CARTESIAN_POINT('',(226.58125,-119.425,0.));
#935=DIRECTION('',(-0.,-1.,-0.));
#936=VECTOR('',#935,14.1);
#937=LINE('',#934,#936);
#938=EDGE_CURVE('',#925,#933,#937,.T.);
#939=ORIENTED_EDGE('',*,*,#938,.T.);
#940=CARTESIAN_POINT('',(226.58125,-133.525,0.));
#941=DIRECTION('',(1.,0.,-0.));
#942=VECTOR('',#941,14.1);
#943=LINE('',#940,#942);
#944=EDGE_CURVE('',#933,#915,#943,.T.);
#945=ORIENTED_EDGE('',*,*,#944,.T.);
#946=EDGE_LOOP('',(#923,#931,#939,#945));
#947=FACE_BOUND('',#946,.T.);
#948=CARTESIAN_POINT('',(264.49375,-133.525,0.));
#949=VERTEX_POINT('',#948);
#950=CARTESIAN_POINT('',(264.49375,-119.425,0.));
#951=VERTEX_POINT('',#950);
#952=CARTESIAN_POINT('',(264.49375,-133.525,0.));
#953=DIRECTION('',(0.,1.,0.));
#954=VECTOR('',#953,14.1);
#955=LINE('',#952,#954);
#956=EDGE_CURVE('',#949,#951,#955,.T.);
#957=ORIENTED_EDGE('',*,*,#956,.T.);
#958=CARTESIAN_POINT('',(250.39375,-119.425,0.));
#959=VERTEX_POINT('',#958);
#960=CARTESIAN_POINT('',(264.49375,-119.425,0.));
#961=DIRECTION('',(-1.,-0.,0.));
#962=VECTOR('',#961,14.1);
#963=LINE('',#960,#962);
#964=EDGE_CURVE('',#951,#959,#963,.T.);
#965=ORIENTED_EDGE('',*,*,#964,.T.);
#966=CARTESIAN_POINT('',(250.39375,-133.525,0.));
#967=VERTEX_POINT('',#966);
#968=CARTESIAN_POINT('',(250.39375,-119.425,0.));
#969=DIRECTION('',(-0.,-1.,-0.));
#970=VECTOR('',#969,14.1);
#971=LINE('',#968,#970);
#972=EDGE_CURVE('',#959,#967,#971,.T.);
#973=ORIENTED_EDGE('',*,*,#972,.T.);
#974=CARTESIAN_POINT('',(250.39375,-133.525,0.));
#975=DIRECTION('',(1.,0.,-0.));
#976=VECTOR('',#975,14.1);
#977=LINE('',#974,#976);
#978=EDGE_CURVE('',#967,#949,#977,.T.);
#979=ORIENTED_EDGE('',*,*,#978,.T.);
#980=EDGE_LOOP('',(#957,#965,#973,#979));
#981=FACE_BOUND('',#980,.T.);
#982=CARTESIAN_POINT('',(245.5375,-118.05,0.));
#983=VERTEX_POINT('',#982);
#984=CARTESIAN_POINT('',(245.5375,-116.95,0.));
#985=DIRECTION('',(0.,0.,-1.));
#986=DIRECTION('',(0.,-1.,0.));
#987=AXIS2_PLACEMENT_3D('',#984,#985,#986);
#988=CIRCLE('',#987,1.1);
#989=EDGE_CURVE('',#983,#983,#988,.T.);
#990=ORIENTED_EDGE('',*,*,#989,.F.);
#991=EDGE_LOOP('',(#990));
#992=FACE_BOUND('',#991,.T.);
#993=CARTESIAN_POINT('',(157.3375,-114.475,0.));
#994=VERTEX_POINT('',#993);
#995=CARTESIAN_POINT('',(157.3375,-100.375,0.));
#996=VERTEX_POINT('',#995);
#997=CARTESIAN_POINT('',(157.3375,-114.475,0.));
#998=DIRECTION('',(0.,1.,0.));
#999=VECTOR('',#998,14.1);
#1000=LINE('',#997,#999);
#1001=EDGE_CURVE('',#994,#996,#1000,.T.);
#1002=ORIENTED_EDGE('',*,*,#1001,.T.);
#1003=CARTESIAN_POINT('',(143.2375,-100.375,0.));
#1004=VERTEX_POINT('',#1003);
#1005=CARTESIAN_POINT('',(157.3375,-100.375,0.));
#1006=DIRECTION('',(-1.,-0.,0.));
#1007=VECTOR('',#1006,14.1);
#1008=LINE('',#1005,#1007);
#1009=EDGE_CURVE('',#996,#1004,#1008,.T.);
#1010=ORIENTED_EDGE('',*,*,#1009,.T.);
#1011=CARTESIAN_POINT('',(143.2375,-114.475,0.));
#1012=VERTEX_POINT('',#1011);
#1013=CARTESIAN_POINT('',(143.2375,-100.375,0.));
#1014=DIRECTION('',(-0.,-1.,-0.));
#1015=VECTOR('',#1014,14.1);
#1016=LINE('',#1013,#1015);
#1017=EDGE_CURVE('',#1004,#1012,#1016,.T.);
#1018=ORIENTED_EDGE('',*,*,#1017,.T.);
#1019=CARTESIAN_POINT('',(143.2375,-114.475,0.));
#1020=DIRECTION('',(1.,0.,-0.));
#1021=VECTOR('',#1020,14.1);
#1022=LINE('',#1019,#1021);
#1023=EDGE_CURVE('',#1012,#994,#1022,.T.);
#1024=ORIENTED_EDGE('',*,*,#1023,.T.);
#1025=EDGE_LOOP('',(#1002,#1010,#1018,#1024));
#1026=FACE_BOUND('',#1025,.T.);
#1027=CARTESIAN_POINT('',(176.3875,-114.475,0.));
#1028=VERTEX_POINT('',#1027);
#1029=CARTESIAN_POINT('',(176.3875,-100.375,0.));
#1030=VERTEX_POINT('',#1029);
#1031=CARTESIAN_POINT('',(176.3875,-114.475,0.));
#1032=DIRECTION('',(0.,1.,0.));
#1033=VECTOR('',#1032,14.1);
#1034=LINE('',#1031,#1033);
#1035=EDGE_CURVE('',#1028,#1030,#1034,.T.);
#1036=ORIENTED_EDGE('',*,*,#1035,.T.);
#1037=CARTESIAN_POINT('',(162.2875,-100.375,0.));
#1038=VERTEX_POINT('',#1037);
#1039=CARTESIAN_POINT('',(176.3875,-100.375,0.));
#1040=DIRECTION('',(-1.,-0.,0.));
#1041=VECTOR('',#1040,14.1);
#1042=LINE('',#1039,#1041);
#1043=EDGE_CURVE('',#1030,#1038,#1042,.T.);
#1044=ORIENTED_EDGE('',*,*,#1043,.T.);
#1045=CARTESIAN_POINT('',(162.2875,-114.475,0.));
#1046=VERTEX_POINT('',#1045);
#1047=CARTESIAN_POINT('',(162.2875,-100.375,0.));
#1048=DIRECTION('',(-0.,-1.,-0.));
#1049=VECTOR('',#1048,14.1);
#1050=LINE('',#1047,#1049);
#1051=EDGE_CURVE('',#1038,#1046,#1050,.T.);
#1052=ORIENTED_EDGE('',*,*,#1051,.T.);
#1053=CARTESIAN_POINT('',(162.2875,-114.475,0.));
#1054=DIRECTION('',(1.,0.,-0.));
#1055=VECTOR('',#1054,14.1);
#1056=LINE('',#1053,#1055);
#1057=EDGE_CURVE('',#1046,#1028,#1056,.T.);
#1058=ORIENTED_EDGE('',*,*,#1057,.T.);
#1059=EDGE_LOOP('',(#1036,#1044,#1052,#1058));
#1060=FACE_BOUND('',#1059,.T.);
#1061=CARTESIAN_POINT('',(195.4375,-114.475,0.));
#1062=VERTEX_POINT('',#1061);
#1063=CARTESIAN_POINT('',(195.4375,-100.375,0.));
#1064=VERTEX_POINT('',#1063);
#1065=CARTESIAN_POINT('',(195.4375,-114.475,0.));
#1066=DIRECTION('',(0.,1.,0.));
#1067=VECTOR('',#1066,14.1);
#1068=LINE('',#1065,#1067);
#1069=EDGE_CURVE('',#1062,#1064,#1068,.T.);
#1070=ORIENTED_EDGE('',*,*,#1069,.T.);
#1071=CARTESIAN_POINT('',(181.3375,-100.375,0.));
#1072=VERTEX_POINT('',#1071);
#1073=CARTESIAN_POINT('',(195.4375,-100.375,0.));
#1074=DIRECTION('',(-1.,-0.,0.));
#1075=VECTOR('',#1074,14.1);
#1076=LINE('',#1073,#1075);
#1077=EDGE_CURVE('',#1064,#1072,#1076,.T.);
#1078=ORIENTED_EDGE('',*,*,#1077,.T.);
#1079=CARTESIAN_POINT('',(181.3375,-114.475,0.));
#1080=VERTEX_POINT('',#1079);
#1081=CARTESIAN_POINT('',(181.3375,-100.375,0.));
#1082=DIRECTION('',(-0.,-1.,-0.));
#1083=VECTOR('',#1082,14.1);
#1084=LINE('',#1081,#1083);
#1085=EDGE_CURVE('',#1072,#1080,#1084,.T.);
#1086=ORIENTED_EDGE('',*,*,#1085,.T.);
#1087=CARTESIAN_POINT('',(181.3375,-114.475,0.));
#1088=DIRECTION('',(1.,0.,-0.));
#1089=VECTOR('',#1088,14.1);
#1090=LINE('',#1087,#1089);
#1091=EDGE_CURVE('',#1080,#1062,#1090,.T.);
#1092=ORIENTED_EDGE('',*,*,#1091,.T.);
#1093=EDGE_LOOP('',(#1070,#1078,#1086,#1092));
#1094=FACE_BOUND('',#1093,.T.);
#1095=CARTESIAN_POINT('',(214.4875,-114.475,0.));
#1096=VERTEX_POINT('',#1095);
#1097=CARTESIAN_POINT('',(214.4875,-100.375,0.));
#1098=VERTEX_POINT('',#1097);
#1099=CARTESIAN_POINT('',(214.4875,-114.475,0.));
#1100=DIRECTION('',(0.,1.,0.));
#1101=VECTOR('',#1100,14.1);
#1102=LINE('',#1099,#1101);
#1103=EDGE_CURVE('',#1096,#1098,#1102,.T.);
#1104=ORIENTED_EDGE('',*,*,#1103,.T.);
#1105=CARTESIAN_POINT('',(200.3875,-100.375,0.));
#1106=VERTEX_POINT('',#1105);
#1107=CARTESIAN_POINT('',(214.4875,-100.375,0.));
#1108=DIRECTION('',(-1.,-0.,0.));
#1109=VECTOR('',#1108,14.1);
#1110=LINE('',#1107,#1109);
#1111=EDGE_CURVE('',#1098,#1106,#1110,.T.);
#1112=ORIENTED_EDGE('',*,*,#1111,.T.);
#1113=CARTESIAN_POINT('',(200.3875,-114.475,0.));
#1114=VERTEX_POINT('',#1113);
#1115=CARTESIAN_POINT('',(200.3875,-100.375,0.));
#1116=DIRECTION('',(-0.,-1.,-0.));
#1117=VECTOR('',#1116,14.1);
#1118=LINE('',#1115,#1117);
#1119=EDGE_CURVE('',#1106,#1114,#1118,.T.);
#1120=ORIENTED_EDGE('',*,*,#1119,.T.);
#1121=CARTESIAN_POINT('',(200.3875,-114.475,0.));
#1122=DIRECTION('',(1.,0.,-0.));
#1123=VECTOR('',#1122,14.1);
#1124=LINE('',#1121,#1123);
#1125=EDGE_CURVE('',#1114,#1096,#1124,.T.);
#1126=ORIENTED_EDGE('',*,*,#1125,.T.);
#1127=EDGE_LOOP('',(#1104,#1112,#1120,#1126));
#1128=FACE_BOUND('',#1127,.T.);
#1129=CARTESIAN_POINT('',(233.5375,-114.475,0.));
#1130=VERTEX_POINT('',#1129);
#1131=CARTESIAN_POINT('',(233.5375,-100.375,0.));
#1132=VERTEX_POINT('',#1131);
#1133=CARTESIAN_POINT('',(233.5375,-114.475,0.));
#1134=DIRECTION('',(0.,1.,0.));
#1135=VECTOR('',#1134,14.1);
#1136=LINE('',#1133,#1135);
#1137=EDGE_CURVE('',#1130,#1132,#1136,.T.);
#1138=ORIENTED_EDGE('',*,*,#1137,.T.);
#1139=CARTESIAN_POINT('',(219.4375,-100.375,0.));
#1140=VERTEX_POINT('',#1139);
#1141=CARTESIAN_POINT('',(233.5375,-100.375,0.));
#1142=DIRECTION('',(-1.,-0.,0.));
#1143=VECTOR('',#1142,14.1);
#1144=LINE('',#1141,#1143);
#1145=EDGE_CURVE('',#1132,#1140,#1144,.T.);
#1146=ORIENTED_EDGE('',*,*,#1145,.T.);
#1147=CARTESIAN_POINT('',(219.4375,-114.475,0.));
#1148=VERTEX_POINT('',#1147);
#1149=CARTESIAN_POINT('',(219.4375,-100.375,0.));
#1150=DIRECTION('',(-0.,-1.,-0.));
#1151=VECTOR('',#1150,14.1);
#1152=LINE('',#1149,#1151);
#1153=EDGE_CURVE('',#1140,#1148,#1152,.T.);
#1154=ORIENTED_EDGE('',*,*,#1153,.T.);
#1155=CARTESIAN_POINT('',(219.4375,-114.475,0.));
#1156=DIRECTION('',(1.,0.,-0.));
#1157=VECTOR('',#1156,14.1);
#1158=LINE('',#1155,#1157);
#1159=EDGE_CURVE('',#1148,#1130,#1158,.T.);
#1160=ORIENTED_EDGE('',*,*,#1159,.T.);
#1161=EDGE_LOOP('',(#1138,#1146,#1154,#1160));
#1162=FACE_BOUND('',#1161,.T.);
#1163=CARTESIAN_POINT('',(259.73125,-114.475,0.));
#1164=VERTEX_POINT('',#1163);
#1165=CARTESIAN_POINT('',(259.73125,-100.375,0.));
#1166=VERTEX_POINT('',#1165);
#1167=CARTESIAN_POINT('',(259.73125,-114.475,0.));
#1168=DIRECTION('',(0.,1.,0.));
#1169=VECTOR('',#1168,14.1);
#1170=LINE('',#1167,#1169);
#1171=EDGE_CURVE('',#1164,#1166,#1170,.T.);
#1172=ORIENTED_EDGE('',*,*,#1171,.T.);
#1173=CARTESIAN_POINT('',(245.63125,-100.375,0.));
#1174=VERTEX_POINT('',#1173);
#1175=CARTESIAN_POINT('',(259.73125,-100.375,0.));
#1176=DIRECTION('',(-1.,-0.,0.));
#1177=VECTOR('',#1176,14.1);
#1178=LINE('',#1175,#1177);
#1179=EDGE_CURVE('',#1166,#1174,#1178,.T.);
#1180=ORIENTED_EDGE('',*,*,#1179,.T.);
#1181=CARTESIAN_POINT('',(245.63125,-114.475,0.));
#1182=VERTEX_POINT('',#1181);
#1183=CARTESIAN_POINT('',(245.63125,-100.375,0.));
#1184=DIRECTION('',(-0.,-1.,-0.));
#1185=VECTOR('',#1184,14.1);
#1186=LINE('',#1183,#1185);
#1187=EDGE_CURVE('',#1174,#1182,#1186,.T.);
#1188=ORIENTED_EDGE('',*,*,#1187,.T.);
#1189=CARTESIAN_POINT('',(245.63125,-114.475,0.));
#1190=DIRECTION('',(1.,0.,-0.));
#1191=VECTOR('',#1190,14.1);
#1192=LINE('',#1189,#1191);
#1193=EDGE_CURVE('',#1182,#1164,#1192,.T.);
#1194=ORIENTED_EDGE('',*,*,#1193,.T.);
#1195=EDGE_LOOP('',(#1172,#1180,#1188,#1194));
#1196=FACE_BOUND('',#1195,.T.);
#1197=CARTESIAN_POINT('',(50.18125,-95.425,0.));
#1198=VERTEX_POINT('',#1197);
#1199=CARTESIAN_POINT('',(50.18125,-81.325,0.));
#1200=VERTEX_POINT('',#1199);
#1201=CARTESIAN_POINT('',(50.18125,-95.425,0.));
#1202=DIRECTION('',(0.,1.,0.));
#1203=VECTOR('',#1202,14.1);
#1204=LINE('',#1201,#1203);
#1205=EDGE_CURVE('',#1198,#1200,#1204,.T.);
#1206=ORIENTED_EDGE('',*,*,#1205,.T.);
#1207=CARTESIAN_POINT('',(36.08125,-81.325,0.));
#1208=VERTEX_POINT('',#1207);
#1209=CARTESIAN_POINT('',(50.18125,-81.325,0.));
#1210=DIRECTION('',(-1.,-0.,0.));
#1211=VECTOR('',#1210,14.1);
#1212=LINE('',#1209,#1211);
#1213=EDGE_CURVE('',#1200,#1208,#1212,.T.);
#1214=ORIENTED_EDGE('',*,*,#1213,.T.);
#1215=CARTESIAN_POINT('',(36.08125,-95.425,0.));
#1216=VERTEX_POINT('',#1215);
#1217=CARTESIAN_POINT('',(36.08125,-81.325,0.));
#1218=DIRECTION('',(-0.,-1.,-0.));
#1219=VECTOR('',#1218,14.1);
#1220=LINE('',#1217,#1219);
#1221=EDGE_CURVE('',#1208,#1216,#1220,.T.);
#1222=ORIENTED_EDGE('',*,*,#1221,.T.);
#1223=CARTESIAN_POINT('',(36.08125,-95.425,0.));
#1224=DIRECTION('',(1.,0.,-0.));
#1225=VECTOR('',#1224,14.1);
#1226=LINE('',#1223,#1225);
#1227=EDGE_CURVE('',#1216,#1198,#1226,.T.);
#1228=ORIENTED_EDGE('',*,*,#1227,.T.);
#1229=EDGE_LOOP('',(#1206,#1214,#1222,#1228));
#1230=FACE_BOUND('',#1229,.T.);
#1231=CARTESIAN_POINT('',(71.6125,-95.425,0.));
#1232=VERTEX_POINT('',#1231);
#1233=CARTESIAN_POINT('',(71.6125,-81.325,0.));
#1234=VERTEX_POINT('',#1233);
#1235=CARTESIAN_POINT('',(71.6125,-95.425,0.));
#1236=DIRECTION('',(0.,1.,0.));
#1237=VECTOR('',#1236,14.1);
#1238=LINE('',#1235,#1237);
#1239=EDGE_CURVE('',#1232,#1234,#1238,.T.);
#1240=ORIENTED_EDGE('',*,*,#1239,.T.);
#1241=CARTESIAN_POINT('',(57.5125,-81.325,0.));
#1242=VERTEX_POINT('',#1241);
#1243=CARTESIAN_POINT('',(71.6125,-81.325,0.));
#1244=DIRECTION('',(-1.,-0.,0.));
#1245=VECTOR('',#1244,14.1);
#1246=LINE('',#1243,#1245);
#1247=EDGE_CURVE('',#1234,#1242,#1246,.T.);
#1248=ORIENTED_EDGE('',*,*,#1247,.T.);
#1249=CARTESIAN_POINT('',(57.5125,-95.425,0.));
#1250=VERTEX_POINT('',#1249);
#1251=CARTESIAN_POINT('',(57.5125,-81.325,0.));
#1252=DIRECTION('',(-0.,-1.,-0.));
#1253=VECTOR('',#1252,14.1);
#1254=LINE('',#1251,#1253);
#1255=EDGE_CURVE('',#1242,#1250,#1254,.T.);
#1256=ORIENTED_EDGE('',*,*,#1255,.T.);
#1257=CARTESIAN_POINT('',(57.5125,-95.425,0.));
#1258=DIRECTION('',(1.,0.,-0.));
#1259=VECTOR('',#1258,14.1);
#1260=LINE('',#1257,#1259);
#1261=EDGE_CURVE('',#1250,#1232,#1260,.T.);
#1262=ORIENTED_EDGE('',*,*,#1261,.T.);
#1263=EDGE_LOOP('',(#1240,#1248,#1256,#1262));
#1264=FACE_BOUND('',#1263,.T.);
#1265=CARTESIAN_POINT('',(90.6625,-95.425,0.));
#1266=VERTEX_POINT('',#1265);
#1267=CARTESIAN_POINT('',(90.6625,-81.325,0.));
#1268=VERTEX_POINT('',#1267);
#1269=CARTESIAN_POINT('',(90.6625,-95.425,0.));
#1270=DIRECTION('',(0.,1.,0.));
#1271=VECTOR('',#1270,14.1);
#1272=LINE('',#1269,#1271);
#1273=EDGE_CURVE('',#1266,#1268,#1272,.T.);
#1274=ORIENTED_EDGE('',*,*,#1273,.T.);
#1275=CARTESIAN_POINT('',(76.5625,-81.325,0.));
#1276=VERTEX_POINT('',#1275);
#1277=CARTESIAN_POINT('',(90.6625,-81.325,0.));
#1278=DIRECTION('',(-1.,-0.,0.));
#1279=VECTOR('',#1278,14.1);
#1280=LINE('',#1277,#1279);
#1281=EDGE_CURVE('',#1268,#1276,#1280,.T.);
#1282=ORIENTED_EDGE('',*,*,#1281,.T.);
#1283=CARTESIAN_POINT('',(76.5625,-95.425,0.));
#1284=VERTEX_POINT('',#1283);
#1285=CARTESIAN_POINT('',(76.5625,-81.325,0.));
#1286=DIRECTION('',(-0.,-1.,-0.));
#1287=VECTOR('',#1286,14.1);
#1288=LINE('',#1285,#1287);
#1289=EDGE_CURVE('',#1276,#1284,#1288,.T.);
#1290=ORIENTED_EDGE('',*,*,#1289,.T.);
#1291=CARTESIAN_POINT('',(76.5625,-95.425,0.));
#1292=DIRECTION('',(1.,0.,-0.));
#1293=VECTOR('',#1292,14.1);
#1294=LINE('',#1291,#1293);
#1295=EDGE_CURVE('',#1284,#1266,#1294,.T.);
#1296=ORIENTED_EDGE('',*,*,#1295,.T.);
#1297=EDGE_LOOP('',(#1274,#1282,#1290,#1296));
#1298=FACE_BOUND('',#1297,.T.);
#1299=CARTESIAN_POINT('',(109.7125,-95.425,0.));
#1300=VERTEX_POINT('',#1299);
#1301=CARTESIAN_POINT('',(109.7125,-81.325,0.));
#1302=VERTEX_POINT('',#1301);
#1303=CARTESIAN_POINT('',(109.7125,-95.425,0.));
#1304=DIRECTION('',(0.,1.,0.));
#1305=VECTOR('',#1304,14.1);
#1306=LINE('',#1303,#1305);
#1307=EDGE_CURVE('',#1300,#1302,#1306,.T.);
#1308=ORIENTED_EDGE('',*,*,#1307,.T.);
#1309=CARTESIAN_POINT('',(95.6125,-81.325,0.));
#1310=VERTEX_POINT('',#1309);
#1311=CARTESIAN_POINT('',(109.7125,-81.325,0.));
#1312=DIRECTION('',(-1.,-0.,0.));
#1313=VECTOR('',#1312,14.1);
#1314=LINE('',#1311,#1313);
#1315=EDGE_CURVE('',#1302,#1310,#1314,.T.);
#1316=ORIENTED_EDGE('',*,*,#1315,.T.);
#1317=CARTESIAN_POINT('',(95.6125,-95.425,0.));
#1318=VERTEX_POINT('',#1317);
#1319=CARTESIAN_POINT('',(95.6125,-81.325,0.));
#1320=DIRECTION('',(-0.,-1.,-0.));
#1321=VECTOR('',#1320,14.1);
#1322=LINE('',#1319,#1321);
#1323=EDGE_CURVE('',#1310,#1318,#1322,.T.);
#1324=ORIENTED_EDGE('',*,*,#1323,.T.);
#1325=CARTESIAN_POINT('',(95.6125,-95.425,0.));
#1326=DIRECTION('',(1.,0.,-0.));
#1327=VECTOR('',#1326,14.1);
#1328=LINE('',#1325,#1327);
#1329=EDGE_CURVE('',#1318,#1300,#1328,.T.);
#1330=ORIENTED_EDGE('',*,*,#1329,.T.);
#1331=EDGE_LOOP('',(#1308,#1316,#1324,#1330));
#1332=FACE_BOUND('',#1331,.T.);
#1333=CARTESIAN_POINT('',(128.7625,-95.425,0.));
#1334=VERTEX_POINT('',#1333);
#1335=CARTESIAN_POINT('',(128.7625,-81.325,0.));
#1336=VERTEX_POINT('',#1335);
#1337=CARTESIAN_POINT('',(128.7625,-95.425,0.));
#1338=DIRECTION('',(0.,1.,0.));
#1339=VECTOR('',#1338,14.1);
#1340=LINE('',#1337,#1339);
#1341=EDGE_CURVE('',#1334,#1336,#1340,.T.);
#1342=ORIENTED_EDGE('',*,*,#1341,.T.);
#1343=CARTESIAN_POINT('',(114.6625,-81.325,0.));
#1344=VERTEX_POINT('',#1343);
#1345=CARTESIAN_POINT('',(128.7625,-81.325,0.));
#1346=DIRECTION('',(-1.,-0.,0.));
#1347=VECTOR('',#1346,14.1);
#1348=LINE('',#1345,#1347);
#1349=EDGE_CURVE('',#1336,#1344,#1348,.T.);
#1350=ORIENTED_EDGE('',*,*,#1349,.T.);
#1351=CARTESIAN_POINT('',(114.6625,-95.425,0.));
#1352=VERTEX_POINT('',#1351);
#1353=CARTESIAN_POINT('',(114.6625,-81.325,0.));
#1354=DIRECTION('',(-0.,-1.,-0.));
#1355=VECTOR('',#1354,14.1);
#1356=LINE('',#1353,#1355);
#1357=EDGE_CURVE('',#1344,#1352,#1356,.T.);
#1358=ORIENTED_EDGE('',*,*,#1357,.T.);
#1359=CARTESIAN_POINT('',(114.6625,-95.425,0.));
#1360=DIRECTION('',(1.,0.,-0.));
#1361=VECTOR('',#1360,14.1);
#1362=LINE('',#1359,#1361);
#1363=EDGE_CURVE('',#1352,#1334,#1362,.T.);
#1364=ORIENTED_EDGE('',*,*,#1363,.T.);
#1365=EDGE_LOOP('',(#1342,#1350,#1358,#1364));
#1366=FACE_BOUND('',#1365,.T.);
#1367=CARTESIAN_POINT('',(147.8125,-95.425,0.));
#1368=VERTEX_POINT('',#1367);
#1369=CARTESIAN_POINT('',(147.8125,-81.325,0.));
#1370=VERTEX_POINT('',#1369);
#1371=CARTESIAN_POINT('',(147.8125,-95.425,0.));
#1372=DIRECTION('',(0.,1.,0.));
#1373=VECTOR('',#1372,14.1);
#1374=LINE('',#1371,#1373);
#1375=EDGE_CURVE('',#1368,#1370,#1374,.T.);
#1376=ORIENTED_EDGE('',*,*,#1375,.T.);
#1377=CARTESIAN_POINT('',(133.7125,-81.325,0.));
#1378=VERTEX_POINT('',#1377);
#1379=CARTESIAN_POINT('',(147.8125,-81.325,0.));
#1380=DIRECTION('',(-1.,-0.,0.));
#1381=VECTOR('',#1380,14.1);
#1382=LINE('',#1379,#1381);
#1383=EDGE_CURVE('',#1370,#1378,#1382,.T.);
#1384=ORIENTED_EDGE('',*,*,#1383,.T.);
#1385=CARTESIAN_POINT('',(133.7125,-95.425,0.));
#1386=VERTEX_POINT('',#1385);
#1387=CARTESIAN_POINT('',(133.7125,-81.325,0.));
#1388=DIRECTION('',(-0.,-1.,-0.));
#1389=VECTOR('',#1388,14.1);
#1390=LINE('',#1387,#1389);
#1391=EDGE_CURVE('',#1378,#1386,#1390,.T.);
#1392=ORIENTED_EDGE('',*,*,#1391,.T.);
#1393=CARTESIAN_POINT('',(133.7125,-95.425,0.));
#1394=DIRECTION('',(1.,0.,-0.));
#1395=VECTOR('',#1394,14.1);
#1396=LINE('',#1393,#1395);
#1397=EDGE_CURVE('',#1386,#1368,#1396,.T.);
#1398=ORIENTED_EDGE('',*,*,#1397,.T.);
#1399=EDGE_LOOP('',(#1376,#1384,#1392,#1398));
#1400=FACE_BOUND('',#1399,.T.);
#1401=CARTESIAN_POINT('',(47.8,-76.375,0.));
#1402=VERTEX_POINT('',#1401);
#1403=CARTESIAN_POINT('',(47.8,-62.275,0.));
#1404=VERTEX_POINT('',#1403);
#1405=CARTESIAN_POINT('',(47.8,-76.375,0.));
#1406=DIRECTION('',(0.,1.,0.));
#1407=VECTOR('',#1406,14.1);
#1408=LINE('',#1405,#1407);
#1409=EDGE_CURVE('',#1402,#1404,#1408,.T.);
#1410=ORIENTED_EDGE('',*,*,#1409,.T.);
#1411=CARTESIAN_POINT('',(33.7,-62.275,0.));
#1412=VERTEX_POINT('',#1411);
#1413=CARTESIAN_POINT('',(47.8,-62.275,0.));
#1414=DIRECTION('',(-1.,-0.,0.));
#1415=VECTOR('',#1414,14.1);
#1416=LINE('',#1413,#1415);
#1417=EDGE_CURVE('',#1404,#1412,#1416,.T.);
#1418=ORIENTED_EDGE('',*,*,#1417,.T.);
#1419=CARTESIAN_POINT('',(33.7,-76.375,0.));
#1420=VERTEX_POINT('',#1419);
#1421=CARTESIAN_POINT('',(33.7,-62.275,0.));
#1422=DIRECTION('',(-0.,-1.,-0.));
#1423=VECTOR('',#1422,14.1);
#1424=LINE('',#1421,#1423);
#1425=EDGE_CURVE('',#1412,#1420,#1424,.T.);
#1426=ORIENTED_EDGE('',*,*,#1425,.T.);
#1427=CARTESIAN_POINT('',(33.7,-76.375,0.));
#1428=DIRECTION('',(1.,0.,-0.));
#1429=VECTOR('',#1428,14.1);
#1430=LINE('',#1427,#1429);
#1431=EDGE_CURVE('',#1420,#1402,#1430,.T.);
#1432=ORIENTED_EDGE('',*,*,#1431,.T.);
#1433=EDGE_LOOP('',(#1410,#1418,#1426,#1432));
#1434=FACE_BOUND('',#1433,.T.);
#1435=CARTESIAN_POINT('',(66.85,-76.375,0.));
#1436=VERTEX_POINT('',#1435);
#1437=CARTESIAN_POINT('',(66.85,-62.275,0.));
#1438=VERTEX_POINT('',#1437);
#1439=CARTESIAN_POINT('',(66.85,-76.375,0.));
#1440=DIRECTION('',(0.,1.,0.));
#1441=VECTOR('',#1440,14.1);
#1442=LINE('',#1439,#1441);
#1443=EDGE_CURVE('',#1436,#1438,#1442,.T.);
#1444=ORIENTED_EDGE('',*,*,#1443,.T.);
#1445=CARTESIAN_POINT('',(52.75,-62.275,0.));
#1446=VERTEX_POINT('',#1445);
#1447=CARTESIAN_POINT('',(66.85,-62.275,0.));
#1448=DIRECTION('',(-1.,-0.,0.));
#1449=VECTOR('',#1448,14.1);
#1450=LINE('',#1447,#1449);
#1451=EDGE_CURVE('',#1438,#1446,#1450,.T.);
#1452=ORIENTED_EDGE('',*,*,#1451,.T.);
#1453=CARTESIAN_POINT('',(52.75,-76.375,0.));
#1454=VERTEX_POINT('',#1453);
#1455=CARTESIAN_POINT('',(52.75,-62.275,0.));
#1456=DIRECTION('',(-0.,-1.,-0.));
#1457=VECTOR('',#1456,14.1);
#1458=LINE('',#1455,#1457);
#1459=EDGE_CURVE('',#1446,#1454,#1458,.T.);
#1460=ORIENTED_EDGE('',*,*,#1459,.T.);
#1461=CARTESIAN_POINT('',(52.75,-76.375,0.));
#1462=DIRECTION('',(1.,0.,-0.));
#1463=VECTOR('',#1462,14.1);
#1464=LINE('',#1461,#1463);
#1465=EDGE_CURVE('',#1454,#1436,#1464,.T.);
#1466=ORIENTED_EDGE('',*,*,#1465,.T.);
#1467=EDGE_LOOP('',(#1444,#1452,#1460,#1466));
#1468=FACE_BOUND('',#1467,.T.);
#1469=CARTESIAN_POINT('',(85.9,-76.375,0.));
#1470=VERTEX_POINT('',#1469);
#1471=CARTESIAN_POINT('',(85.9,-62.275,0.));
#1472=VERTEX_POINT('',#1471);
#1473=CARTESIAN_POINT('',(85.9,-76.375,0.));
#1474=DIRECTION('',(0.,1.,0.));
#1475=VECTOR('',#1474,14.1);
#1476=LINE('',#1473,#1475);
#1477=EDGE_CURVE('',#1470,#1472,#1476,.T.);
#1478=ORIENTED_EDGE('',*,*,#1477,.T.);
#1479=CARTESIAN_POINT('',(71.8,-62.275,0.));
#1480=VERTEX_POINT('',#1479);
#1481=CARTESIAN_POINT('',(85.9,-62.275,0.));
#1482=DIRECTION('',(-1.,-0.,0.));
#1483=VECTOR('',#1482,14.1);
#1484=LINE('',#1481,#1483);
#1485=EDGE_CURVE('',#1472,#1480,#1484,.T.);
#1486=ORIENTED_EDGE('',*,*,#1485,.T.);
#1487=CARTESIAN_POINT('',(71.8,-76.375,0.));
#1488=VERTEX_POINT('',#1487);
#1489=CARTESIAN_POINT('',(71.8,-62.275,0.));
#1490=DIRECTION('',(-0.,-1.,-0.));
#1491=VECTOR('',#1490,14.1);
#1492=LINE('',#1489,#1491);
#1493=EDGE_CURVE('',#1480,#1488,#1492,.T.);
#1494=ORIENTED_EDGE('',*,*,#1493,.T.);
#1495=CARTESIAN_POINT('',(71.8,-76.375,0.));
#1496=DIRECTION('',(1.,0.,-0.));
#1497=VECTOR('',#1496,14.1);
#1498=LINE('',#1495,#1497);
#1499=EDGE_CURVE('',#1488,#1470,#1498,.T.);
#1500=ORIENTED_EDGE('',*,*,#1499,.T.);
#1501=EDGE_LOOP('',(#1478,#1486,#1494,#1500));
#1502=FACE_BOUND('',#1501,.T.);
#1503=CARTESIAN_POINT('',(93.1375,-79.95,0.));
#1504=VERTEX_POINT('',#1503);
#1505=CARTESIAN_POINT('',(93.1375,-78.85,0.));
#1506=DIRECTION('',(0.,0.,-1.));
#1507=DIRECTION('',(0.,-1.,0.));
#1508=AXIS2_PLACEMENT_3D('',#1505,#1506,#1507);
#1509=CIRCLE('',#1508,1.1);
#1510=EDGE_CURVE('',#1504,#1504,#1509,.T.);
#1511=ORIENTED_EDGE('',*,*,#1510,.F.);
#1512=EDGE_LOOP('',(#1511));
#1513=FACE_BOUND('',#1512,.T.);
#1514=CARTESIAN_POINT('',(104.95,-76.375,0.));
#1515=VERTEX_POINT('',#1514);
#1516=CARTESIAN_POINT('',(104.95,-62.275,0.));
#1517=VERTEX_POINT('',#1516);
#1518=CARTESIAN_POINT('',(104.95,-76.375,0.));
#1519=DIRECTION('',(0.,1.,0.));
#1520=VECTOR('',#1519,14.1);
#1521=LINE('',#1518,#1520);
#1522=EDGE_CURVE('',#1515,#1517,#1521,.T.);
#1523=ORIENTED_EDGE('',*,*,#1522,.T.);
#1524=CARTESIAN_POINT('',(90.85,-62.275,0.));
#1525=VERTEX_POINT('',#1524);
#1526=CARTESIAN_POINT('',(104.95,-62.275,0.));
#1527=DIRECTION('',(-1.,-0.,0.));
#1528=VECTOR('',#1527,14.1);
#1529=LINE('',#1526,#1528);
#1530=EDGE_CURVE('',#1517,#1525,#1529,.T.);
#1531=ORIENTED_EDGE('',*,*,#1530,.T.);
#1532=CARTESIAN_POINT('',(90.85,-76.375,0.));
#1533=VERTEX_POINT('',#1532);
#1534=CARTESIAN_POINT('',(90.85,-62.275,0.));
#1535=DIRECTION('',(-0.,-1.,-0.));
#1536=VECTOR('',#1535,14.1);
#1537=LINE('',#1534,#1536);
#1538=EDGE_CURVE('',#1525,#1533,#1537,.T.);
#1539=ORIENTED_EDGE('',*,*,#1538,.T.);
#1540=CARTESIAN_POINT('',(90.85,-76.375,0.));
#1541=DIRECTION('',(1.,0.,-0.));
#1542=VECTOR('',#1541,14.1);
#1543=LINE('',#1540,#1542);
#1544=EDGE_CURVE('',#1533,#1515,#1543,.T.);
#1545=ORIENTED_EDGE('',*,*,#1544,.T.);
#1546=EDGE_LOOP('',(#1523,#1531,#1539,#1545));
#1547=FACE_BOUND('',#1546,.T.);
#1548=CARTESIAN_POINT('',(124.,-76.375,0.));
#1549=VERTEX_POINT('',#1548);
#1550=CARTESIAN_POINT('',(124.,-62.275,0.));
#1551=VERTEX_POINT('',#1550);
#1552=CARTESIAN_POINT('',(124.,-76.375,0.));
#1553=DIRECTION('',(0.,1.,0.));
#1554=VECTOR('',#1553,14.1);
#1555=LINE('',#1552,#1554);
#1556=EDGE_CURVE('',#1549,#1551,#1555,.T.);
#1557=ORIENTED_EDGE('',*,*,#1556,.T.);
#1558=CARTESIAN_POINT('',(109.9,-62.275,0.));
#1559=VERTEX_POINT('',#1558);
#1560=CARTESIAN_POINT('',(124.,-62.275,0.));
#1561=DIRECTION('',(-1.,-0.,0.));
#1562=VECTOR('',#1561,14.1);
#1563=LINE('',#1560,#1562);
#1564=EDGE_CURVE('',#1551,#1559,#1563,.T.);
#1565=ORIENTED_EDGE('',*,*,#1564,.T.);
#1566=CARTESIAN_POINT('',(109.9,-76.375,0.));
#1567=VERTEX_POINT('',#1566);
#1568=CARTESIAN_POINT('',(109.9,-62.275,0.));
#1569=DIRECTION('',(-0.,-1.,-0.));
#1570=VECTOR('',#1569,14.1);
#1571=LINE('',#1568,#1570);
#1572=EDGE_CURVE('',#1559,#1567,#1571,.T.);
#1573=ORIENTED_EDGE('',*,*,#1572,.T.);
#1574=CARTESIAN_POINT('',(109.9,-76.375,0.));
#1575=DIRECTION('',(1.,0.,-0.));
#1576=VECTOR('',#1575,14.1);
#1577=LINE('',#1574,#1576);
#1578=EDGE_CURVE('',#1567,#1549,#1577,.T.);
#1579=ORIENTED_EDGE('',*,*,#1578,.T.);
#1580=EDGE_LOOP('',(#1557,#1565,#1573,#1579));
#1581=FACE_BOUND('',#1580,.T.);
#1582=CARTESIAN_POINT('',(143.05,-76.375,0.));
#1583=VERTEX_POINT('',#1582);
#1584=CARTESIAN_POINT('',(143.05,-62.275,0.));
#1585=VERTEX_POINT('',#1584);
#1586=CARTESIAN_POINT('',(143.05,-76.375,0.));
#1587=DIRECTION('',(0.,1.,0.));
#1588=VECTOR('',#1587,14.1);
#1589=LINE('',#1586,#1588);
#1590=EDGE_CURVE('',#1583,#1585,#1589,.T.);
#1591=ORIENTED_EDGE('',*,*,#1590,.T.);
#1592=CARTESIAN_POINT('',(128.95,-62.275,0.));
#1593=VERTEX_POINT('',#1592);
#1594=CARTESIAN_POINT('',(143.05,-62.275,0.));
#1595=DIRECTION('',(-1.,-0.,0.));
#1596=VECTOR('',#1595,14.1);
#1597=LINE('',#1594,#1596);
#1598=EDGE_CURVE('',#1585,#1593,#1597,.T.);
#1599=ORIENTED_EDGE('',*,*,#1598,.T.);
#1600=CARTESIAN_POINT('',(128.95,-76.375,0.));
#1601=VERTEX_POINT('',#1600);
#1602=CARTESIAN_POINT('',(128.95,-62.275,0.));
#1603=DIRECTION('',(-0.,-1.,-0.));
#1604=VECTOR('',#1603,14.1);
#1605=LINE('',#1602,#1604);
#1606=EDGE_CURVE('',#1593,#1601,#1605,.T.);
#1607=ORIENTED_EDGE('',*,*,#1606,.T.);
#1608=CARTESIAN_POINT('',(128.95,-76.375,0.));
#1609=DIRECTION('',(1.,0.,-0.));
#1610=VECTOR('',#1609,14.1);
#1611=LINE('',#1608,#1610);
#1612=EDGE_CURVE('',#1601,#1583,#1611,.T.);
#1613=ORIENTED_EDGE('',*,*,#1612,.T.);
#1614=EDGE_LOOP('',(#1591,#1599,#1607,#1613));
#1615=FACE_BOUND('',#1614,.T.);
#1616=CARTESIAN_POINT('',(166.8625,-95.425,0.));
#1617=VERTEX_POINT('',#1616);
#1618=CARTESIAN_POINT('',(166.8625,-81.325,0.));
#1619=VERTEX_POINT('',#1618);
#1620=CARTESIAN_POINT('',(166.8625,-95.425,0.));
#1621=DIRECTION('',(0.,1.,0.));
#1622=VECTOR('',#1621,14.1);
#1623=LINE('',#1620,#1622);
#1624=EDGE_CURVE('',#1617,#1619,#1623,.T.);
#1625=ORIENTED_EDGE('',*,*,#1624,.T.);
#1626=CARTESIAN_POINT('',(152.7625,-81.325,0.));
#1627=VERTEX_POINT('',#1626);
#1628=CARTESIAN_POINT('',(166.8625,-81.325,0.));
#1629=DIRECTION('',(-1.,-0.,0.));
#1630=VECTOR('',#1629,14.1);
#1631=LINE('',#1628,#1630);
#1632=EDGE_CURVE('',#1619,#1627,#1631,.T.);
#1633=ORIENTED_EDGE('',*,*,#1632,.T.);
#1634=CARTESIAN_POINT('',(152.7625,-95.425,0.));
#1635=VERTEX_POINT('',#1634);
#1636=CARTESIAN_POINT('',(152.7625,-81.325,0.));
#1637=DIRECTION('',(-0.,-1.,-0.));
#1638=VECTOR('',#1637,14.1);
#1639=LINE('',#1636,#1638);
#1640=EDGE_CURVE('',#1627,#1635,#1639,.T.);
#1641=ORIENTED_EDGE('',*,*,#1640,.T.);
#1642=CARTESIAN_POINT('',(152.7625,-95.425,0.));
#1643=DIRECTION('',(1.,0.,-0.));
#1644=VECTOR('',#1643,14.1);
#1645=LINE('',#1642,#1644);
#1646=EDGE_CURVE('',#1635,#1617,#1645,.T.);
#1647=ORIENTED_EDGE('',*,*,#1646,.T.);
#1648=EDGE_LOOP('',(#1625,#1633,#1641,#1647));
#1649=FACE_BOUND('',#1648,.T.);
#1650=CARTESIAN_POINT('',(185.9125,-95.425,0.));
#1651=VERTEX_POINT('',#1650);
#1652=CARTESIAN_POINT('',(185.9125,-81.325,0.));
#1653=VERTEX_POINT('',#1652);
#1654=CARTESIAN_POINT('',(185.9125,-95.425,0.));
#1655=DIRECTION('',(0.,1.,0.));
#1656=VECTOR('',#1655,14.1);
#1657=LINE('',#1654,#1656);
#1658=EDGE_CURVE('',#1651,#1653,#1657,.T.);
#1659=ORIENTED_EDGE('',*,*,#1658,.T.);
#1660=CARTESIAN_POINT('',(171.8125,-81.325,0.));
#1661=VERTEX_POINT('',#1660);
#1662=CARTESIAN_POINT('',(185.9125,-81.325,0.));
#1663=DIRECTION('',(-1.,-0.,0.));
#1664=VECTOR('',#1663,14.1);
#1665=LINE('',#1662,#1664);
#1666=EDGE_CURVE('',#1653,#1661,#1665,.T.);
#1667=ORIENTED_EDGE('',*,*,#1666,.T.);
#1668=CARTESIAN_POINT('',(171.8125,-95.425,0.));
#1669=VERTEX_POINT('',#1668);
#1670=CARTESIAN_POINT('',(171.8125,-81.325,0.));
#1671=DIRECTION('',(-0.,-1.,-0.));
#1672=VECTOR('',#1671,14.1);
#1673=LINE('',#1670,#1672);
#1674=EDGE_CURVE('',#1661,#1669,#1673,.T.);
#1675=ORIENTED_EDGE('',*,*,#1674,.T.);
#1676=CARTESIAN_POINT('',(171.8125,-95.425,0.));
#1677=DIRECTION('',(1.,0.,-0.));
#1678=VECTOR('',#1677,14.1);
#1679=LINE('',#1676,#1678);
#1680=EDGE_CURVE('',#1669,#1651,#1679,.T.);
#1681=ORIENTED_EDGE('',*,*,#1680,.T.);
#1682=EDGE_LOOP('',(#1659,#1667,#1675,#1681));
#1683=FACE_BOUND('',#1682,.T.);
#1684=CARTESIAN_POINT('',(204.9625,-95.425,0.));
#1685=VERTEX_POINT('',#1684);
#1686=CARTESIAN_POINT('',(204.9625,-81.325,0.));
#1687=VERTEX_POINT('',#1686);
#1688=CARTESIAN_POINT('',(204.9625,-95.425,0.));
#1689=DIRECTION('',(0.,1.,0.));
#1690=VECTOR('',#1689,14.1);
#1691=LINE('',#1688,#1690);
#1692=EDGE_CURVE('',#1685,#1687,#1691,.T.);
#1693=ORIENTED_EDGE('',*,*,#1692,.T.);
#1694=CARTESIAN_POINT('',(190.8625,-81.325,0.));
#1695=VERTEX_POINT('',#1694);
#1696=CARTESIAN_POINT('',(204.9625,-81.325,0.));
#1697=DIRECTION('',(-1.,-0.,0.));
#1698=VECTOR('',#1697,14.1);
#1699=LINE('',#1696,#1698);
#1700=EDGE_CURVE('',#1687,#1695,#1699,.T.);
#1701=ORIENTED_EDGE('',*,*,#1700,.T.);
#1702=CARTESIAN_POINT('',(190.8625,-95.425,0.));
#1703=VERTEX_POINT('',#1702);
#1704=CARTESIAN_POINT('',(190.8625,-81.325,0.));
#1705=DIRECTION('',(-0.,-1.,-0.));
#1706=VECTOR('',#1705,14.1);
#1707=LINE('',#1704,#1706);
#1708=EDGE_CURVE('',#1695,#1703,#1707,.T.);
#1709=ORIENTED_EDGE('',*,*,#1708,.T.);
#1710=CARTESIAN_POINT('',(190.8625,-95.425,0.));
#1711=DIRECTION('',(1.,0.,-0.));
#1712=VECTOR('',#1711,14.1);
#1713=LINE('',#1710,#1712);
#1714=EDGE_CURVE('',#1703,#1685,#1713,.T.);
#1715=ORIENTED_EDGE('',*,*,#1714,.T.);
#1716=EDGE_LOOP('',(#1693,#1701,#1709,#1715));
#1717=FACE_BOUND('',#1716,.T.);
#1718=CARTESIAN_POINT('',(224.0125,-95.425,0.));
#1719=VERTEX_POINT('',#1718);
#1720=CARTESIAN_POINT('',(224.0125,-81.325,0.));
#1721=VERTEX_POINT('',#1720);
#1722=CARTESIAN_POINT('',(224.0125,-95.425,0.));
#1723=DIRECTION('',(0.,1.,0.));
#1724=VECTOR('',#1723,14.1);
#1725=LINE('',#1722,#1724);
#1726=EDGE_CURVE('',#1719,#1721,#1725,.T.);
#1727=ORIENTED_EDGE('',*,*,#1726,.T.);
#1728=CARTESIAN_POINT('',(209.9125,-81.325,0.));
#1729=VERTEX_POINT('',#1728);
#1730=CARTESIAN_POINT('',(224.0125,-81.325,0.));
#1731=DIRECTION('',(-1.,-0.,0.));
#1732=VECTOR('',#1731,14.1);
#1733=LINE('',#1730,#1732);
#1734=EDGE_CURVE('',#1721,#1729,#1733,.T.);
#1735=ORIENTED_EDGE('',*,*,#1734,.T.);
#1736=CARTESIAN_POINT('',(209.9125,-95.425,0.));
#1737=VERTEX_POINT('',#1736);
#1738=CARTESIAN_POINT('',(209.9125,-81.325,0.));
#1739=DIRECTION('',(-0.,-1.,-0.));
#1740=VECTOR('',#1739,14.1);
#1741=LINE('',#1738,#1740);
#1742=EDGE_CURVE('',#1729,#1737,#1741,.T.);
#1743=ORIENTED_EDGE('',*,*,#1742,.T.);
#1744=CARTESIAN_POINT('',(209.9125,-95.425,0.));
#1745=DIRECTION('',(1.,0.,-0.));
#1746=VECTOR('',#1745,14.1);
#1747=LINE('',#1744,#1746);
#1748=EDGE_CURVE('',#1737,#1719,#1747,.T.);
#1749=ORIENTED_EDGE('',*,*,#1748,.T.);
#1750=EDGE_LOOP('',(#1727,#1735,#1743,#1749));
#1751=FACE_BOUND('',#1750,.T.);
#1752=CARTESIAN_POINT('',(243.0625,-95.425,0.));
#1753=VERTEX_POINT('',#1752);
#1754=CARTESIAN_POINT('',(243.0625,-81.325,0.));
#1755=VERTEX_POINT('',#1754);
#1756=CARTESIAN_POINT('',(243.0625,-95.425,0.));
#1757=DIRECTION('',(0.,1.,0.));
#1758=VECTOR('',#1757,14.1);
#1759=LINE('',#1756,#1758);
#1760=EDGE_CURVE('',#1753,#1755,#1759,.T.);
#1761=ORIENTED_EDGE('',*,*,#1760,.T.);
#1762=CARTESIAN_POINT('',(228.9625,-81.325,0.));
#1763=VERTEX_POINT('',#1762);
#1764=CARTESIAN_POINT('',(243.0625,-81.325,0.));
#1765=DIRECTION('',(-1.,-0.,0.));
#1766=VECTOR('',#1765,14.1);
#1767=LINE('',#1764,#1766);
#1768=EDGE_CURVE('',#1755,#1763,#1767,.T.);
#1769=ORIENTED_EDGE('',*,*,#1768,.T.);
#1770=CARTESIAN_POINT('',(228.9625,-95.425,0.));
#1771=VERTEX_POINT('',#1770);
#1772=CARTESIAN_POINT('',(228.9625,-81.325,0.));
#1773=DIRECTION('',(-0.,-1.,-0.));
#1774=VECTOR('',#1773,14.1);
#1775=LINE('',#1772,#1774);
#1776=EDGE_CURVE('',#1763,#1771,#1775,.T.);
#1777=ORIENTED_EDGE('',*,*,#1776,.T.);
#1778=CARTESIAN_POINT('',(228.9625,-95.425,0.));
#1779=DIRECTION('',(1.,0.,-0.));
#1780=VECTOR('',#1779,14.1);
#1781=LINE('',#1778,#1780);
#1782=EDGE_CURVE('',#1771,#1753,#1781,.T.);
#1783=ORIENTED_EDGE('',*,*,#1782,.T.);
#1784=EDGE_LOOP('',(#1761,#1769,#1777,#1783));
#1785=FACE_BOUND('',#1784,.T.);
#1786=CARTESIAN_POINT('',(264.49375,-95.425,0.));
#1787=VERTEX_POINT('',#1786);
#1788=CARTESIAN_POINT('',(264.49375,-81.325,0.));
#1789=VERTEX_POINT('',#1788);
#1790=CARTESIAN_POINT('',(264.49375,-95.425,0.));
#1791=DIRECTION('',(0.,1.,0.));
#1792=VECTOR('',#1791,14.1);
#1793=LINE('',#1790,#1792);
#1794=EDGE_CURVE('',#1787,#1789,#1793,.T.);
#1795=ORIENTED_EDGE('',*,*,#1794,.T.);
#1796=CARTESIAN_POINT('',(250.39375,-81.325,0.));
#1797=VERTEX_POINT('',#1796);
#1798=CARTESIAN_POINT('',(264.49375,-81.325,0.));
#1799=DIRECTION('',(-1.,-0.,0.));
#1800=VECTOR('',#1799,14.1);
#1801=LINE('',#1798,#1800);
#1802=EDGE_CURVE('',#1789,#1797,#1801,.T.);
#1803=ORIENTED_EDGE('',*,*,#1802,.T.);
#1804=CARTESIAN_POINT('',(250.39375,-95.425,0.));
#1805=VERTEX_POINT('',#1804);
#1806=CARTESIAN_POINT('',(250.39375,-81.325,0.));
#1807=DIRECTION('',(-0.,-1.,-0.));
#1808=VECTOR('',#1807,14.1);
#1809=LINE('',#1806,#1808);
#1810=EDGE_CURVE('',#1797,#1805,#1809,.T.);
#1811=ORIENTED_EDGE('',*,*,#1810,.T.);
#1812=CARTESIAN_POINT('',(250.39375,-95.425,0.));
#1813=DIRECTION('',(1.,0.,-0.));
#1814=VECTOR('',#1813,14.1);
#1815=LINE('',#1812,#1814);
#1816=EDGE_CURVE('',#1805,#1787,#1815,.T.);
#1817=ORIENTED_EDGE('',*,*,#1816,.T.);
#1818=EDGE_LOOP('',(#1795,#1803,#1811,#1817));
#1819=FACE_BOUND('',#1818,.T.);
#1820=CARTESIAN_POINT('',(162.1,-76.375,0.));
#1821=VERTEX_POINT('',#1820);
#1822=CARTESIAN_POINT('',(162.1,-62.275,0.));
#1823=VERTEX_POINT('',#1822);
#1824=CARTESIAN_POINT('',(162.1,-76.375,0.));
#1825=DIRECTION('',(0.,1.,0.));
#1826=VECTOR('',#1825,14.1);
#1827=LINE('',#1824,#1826);
#1828=EDGE_CURVE('',#1821,#1823,#1827,.T.);
#1829=ORIENTED_EDGE('',*,*,#1828,.T.);
#1830=CARTESIAN_POINT('',(148.,-62.275,0.));
#1831=VERTEX_POINT('',#1830);
#1832=CARTESIAN_POINT('',(162.1,-62.275,0.));
#1833=DIRECTION('',(-1.,-0.,0.));
#1834=VECTOR('',#1833,14.1);
#1835=LINE('',#1832,#1834);
#1836=EDGE_CURVE('',#1823,#1831,#1835,.T.);
#1837=ORIENTED_EDGE('',*,*,#1836,.T.);
#1838=CARTESIAN_POINT('',(148.,-76.375,0.));
#1839=VERTEX_POINT('',#1838);
#1840=CARTESIAN_POINT('',(148.,-62.275,0.));
#1841=DIRECTION('',(-0.,-1.,-0.));
#1842=VECTOR('',#1841,14.1);
#1843=LINE('',#1840,#1842);
#1844=EDGE_CURVE('',#1831,#1839,#1843,.T.);
#1845=ORIENTED_EDGE('',*,*,#1844,.T.);
#1846=CARTESIAN_POINT('',(148.,-76.375,0.));
#1847=DIRECTION('',(1.,0.,-0.));
#1848=VECTOR('',#1847,14.1);
#1849=LINE('',#1846,#1848);
#1850=EDGE_CURVE('',#1839,#1821,#1849,.T.);
#1851=ORIENTED_EDGE('',*,*,#1850,.T.);
#1852=EDGE_LOOP('',(#1829,#1837,#1845,#1851));
#1853=FACE_BOUND('',#1852,.T.);
#1854=CARTESIAN_POINT('',(181.15,-76.375,0.));
#1855=VERTEX_POINT('',#1854);
#1856=CARTESIAN_POINT('',(181.15,-62.275,0.));
#1857=VERTEX_POINT('',#1856);
#1858=CARTESIAN_POINT('',(181.15,-76.375,0.));
#1859=DIRECTION('',(0.,1.,0.));
#1860=VECTOR('',#1859,14.1);
#1861=LINE('',#1858,#1860);
#1862=EDGE_CURVE('',#1855,#1857,#1861,.T.);
#1863=ORIENTED_EDGE('',*,*,#1862,.T.);
#1864=CARTESIAN_POINT('',(167.05,-62.275,0.));
#1865=VERTEX_POINT('',#1864);
#1866=CARTESIAN_POINT('',(181.15,-62.275,0.));
#1867=DIRECTION('',(-1.,-0.,0.));
#1868=VECTOR('',#1867,14.1);
#1869=LINE('',#1866,#1868);
#1870=EDGE_CURVE('',#1857,#1865,#1869,.T.);
#1871=ORIENTED_EDGE('',*,*,#1870,.T.);
#1872=CARTESIAN_POINT('',(167.05,-76.375,0.));
#1873=VERTEX_POINT('',#1872);
#1874=CARTESIAN_POINT('',(167.05,-62.275,0.));
#1875=DIRECTION('',(-0.,-1.,-0.));
#1876=VECTOR('',#1875,14.1);
#1877=LINE('',#1874,#1876);
#1878=EDGE_CURVE('',#1865,#1873,#1877,.T.);
#1879=ORIENTED_EDGE('',*,*,#1878,.T.);
#1880=CARTESIAN_POINT('',(167.05,-76.375,0.));
#1881=DIRECTION('',(1.,0.,-0.));
#1882=VECTOR('',#1881,14.1);
#1883=LINE('',#1880,#1882);
#1884=EDGE_CURVE('',#1873,#1855,#1883,.T.);
#1885=ORIENTED_EDGE('',*,*,#1884,.T.);
#1886=EDGE_LOOP('',(#1863,#1871,#1879,#1885));
#1887=FACE_BOUND('',#1886,.T.);
#1888=CARTESIAN_POINT('',(200.2,-76.375,0.));
#1889=VERTEX_POINT('',#1888);
#1890=CARTESIAN_POINT('',(200.2,-62.275,0.));
#1891=VERTEX_POINT('',#1890);
#1892=CARTESIAN_POINT('',(200.2,-76.375,0.));
#1893=DIRECTION('',(0.,1.,0.));
#1894=VECTOR('',#1893,14.1);
#1895=LINE('',#1892,#1894);
#1896=EDGE_CURVE('',#1889,#1891,#1895,.T.);
#1897=ORIENTED_EDGE('',*,*,#1896,.T.);
#1898=CARTESIAN_POINT('',(186.1,-62.275,0.));
#1899=VERTEX_POINT('',#1898);
#1900=CARTESIAN_POINT('',(200.2,-62.275,0.));
#1901=DIRECTION('',(-1.,-0.,0.));
#1902=VECTOR('',#1901,14.1);
#1903=LINE('',#1900,#1902);
#1904=EDGE_CURVE('',#1891,#1899,#1903,.T.);
#1905=ORIENTED_EDGE('',*,*,#1904,.T.);
#1906=CARTESIAN_POINT('',(186.1,-76.375,0.));
#1907=VERTEX_POINT('',#1906);
#1908=CARTESIAN_POINT('',(186.1,-62.275,0.));
#1909=DIRECTION('',(-0.,-1.,-0.));
#1910=VECTOR('',#1909,14.1);
#1911=LINE('',#1908,#1910);
#1912=EDGE_CURVE('',#1899,#1907,#1911,.T.);
#1913=ORIENTED_EDGE('',*,*,#1912,.T.);
#1914=CARTESIAN_POINT('',(186.1,-76.375,0.));
#1915=DIRECTION('',(1.,0.,-0.));
#1916=VECTOR('',#1915,14.1);
#1917=LINE('',#1914,#1916);
#1918=EDGE_CURVE('',#1907,#1889,#1917,.T.);
#1919=ORIENTED_EDGE('',*,*,#1918,.T.);
#1920=EDGE_LOOP('',(#1897,#1905,#1913,#1919));
#1921=FACE_BOUND('',#1920,.T.);
#1922=CARTESIAN_POINT('',(207.4375,-79.95,0.));
#1923=VERTEX_POINT('',#1922);
#1924=CARTESIAN_POINT('',(207.4375,-78.85,0.));
#1925=DIRECTION('',(0.,0.,-1.));
#1926=DIRECTION('',(0.,-1.,0.));
#1927=AXIS2_PLACEMENT_3D('',#1924,#1925,#1926);
#1928=CIRCLE('',#1927,1.1);
#1929=EDGE_CURVE('',#1923,#1923,#1928,.T.);
#1930=ORIENTED_EDGE('',*,*,#1929,.F.);
#1931=EDGE_LOOP('',(#1930));
#1932=FACE_BOUND('',#1931,.T.);
#1933=CARTESIAN_POINT('',(219.25,-76.375,0.));
#1934=VERTEX_POINT('',#1933);
#1935=CARTESIAN_POINT('',(219.25,-62.275,0.));
#1936=VERTEX_POINT('',#1935);
#1937=CARTESIAN_POINT('',(219.25,-76.375,0.));
#1938=DIRECTION('',(0.,1.,0.));
#1939=VECTOR('',#1938,14.1);
#1940=LINE('',#1937,#1939);
#1941=EDGE_CURVE('',#1934,#1936,#1940,.T.);
#1942=ORIENTED_EDGE('',*,*,#1941,.T.);
#1943=CARTESIAN_POINT('',(205.15,-62.275,0.));
#1944=VERTEX_POINT('',#1943);
#1945=CARTESIAN_POINT('',(219.25,-62.275,0.));
#1946=DIRECTION('',(-1.,-0.,0.));
#1947=VECTOR('',#1946,14.1);
#1948=LINE('',#1945,#1947);
#1949=EDGE_CURVE('',#1936,#1944,#1948,.T.);
#1950=ORIENTED_EDGE('',*,*,#1949,.T.);
#1951=CARTESIAN_POINT('',(205.15,-76.375,0.));
#1952=VERTEX_POINT('',#1951);
#1953=CARTESIAN_POINT('',(205.15,-62.275,0.));
#1954=DIRECTION('',(-0.,-1.,-0.));
#1955=VECTOR('',#1954,14.1);
#1956=LINE('',#1953,#1955);
#1957=EDGE_CURVE('',#1944,#1952,#1956,.T.);
#1958=ORIENTED_EDGE('',*,*,#1957,.T.);
#1959=CARTESIAN_POINT('',(205.15,-76.375,0.));
#1960=DIRECTION('',(1.,0.,-0.));
#1961=VECTOR('',#1960,14.1);
#1962=LINE('',#1959,#1961);
#1963=EDGE_CURVE('',#1952,#1934,#1962,.T.);
#1964=ORIENTED_EDGE('',*,*,#1963,.T.);
#1965=EDGE_LOOP('',(#1942,#1950,#1958,#1964));
#1966=FACE_BOUND('',#1965,.T.);
#1967=CARTESIAN_POINT('',(238.3,-76.375,0.));
#1968=VERTEX_POINT('',#1967);
#1969=CARTESIAN_POINT('',(238.3,-62.275,0.));
#1970=VERTEX_POINT('',#1969);
#1971=CARTESIAN_POINT('',(238.3,-76.375,0.));
#1972=DIRECTION('',(0.,1.,0.));
#1973=VECTOR('',#1972,14.1);
#1974=LINE('',#1971,#1973);
#1975=EDGE_CURVE('',#1968,#1970,#1974,.T.);
#1976=ORIENTED_EDGE('',*,*,#1975,.T.);
#1977=CARTESIAN_POINT('',(224.2,-62.275,0.));
#1978=VERTEX_POINT('',#1977);
#1979=CARTESIAN_POINT('',(238.3,-62.275,0.));
#1980=DIRECTION('',(-1.,-0.,0.));
#1981=VECTOR('',#1980,14.1);
#1982=LINE('',#1979,#1981);
#1983=EDGE_CURVE('',#1970,#1978,#1982,.T.);
#1984=ORIENTED_EDGE('',*,*,#1983,.T.);
#1985=CARTESIAN_POINT('',(224.2,-76.375,0.));
#1986=VERTEX_POINT('',#1985);
#1987=CARTESIAN_POINT('',(224.2,-62.275,0.));
#1988=DIRECTION('',(-0.,-1.,-0.));
#1989=VECTOR('',#1988,14.1);
#1990=LINE('',#1987,#1989);
#1991=EDGE_CURVE('',#1978,#1986,#1990,.T.);
#1992=ORIENTED_EDGE('',*,*,#1991,.T.);
#1993=CARTESIAN_POINT('',(224.2,-76.375,0.));
#1994=DIRECTION('',(1.,0.,-0.));
#1995=VECTOR('',#1994,14.1);
#1996=LINE('',#1993,#1995);
#1997=EDGE_CURVE('',#1986,#1968,#1996,.T.);
#1998=ORIENTED_EDGE('',*,*,#1997,.T.);
#1999=EDGE_LOOP('',(#1976,#1984,#1992,#1998));
#2000=FACE_BOUND('',#1999,.T.);
#2001=CARTESIAN_POINT('',(262.1125,-76.375,0.));
#2002=VERTEX_POINT('',#2001);
#2003=CARTESIAN_POINT('',(262.1125,-62.275,0.));
#2004=VERTEX_POINT('',#2003);
#2005=CARTESIAN_POINT('',(262.1125,-76.375,0.));
#2006=DIRECTION('',(0.,1.,0.));
#2007=VECTOR('',#2006,14.1);
#2008=LINE('',#2005,#2007);
#2009=EDGE_CURVE('',#2002,#2004,#2008,.T.);
#2010=ORIENTED_EDGE('',*,*,#2009,.T.);
#2011=CARTESIAN_POINT('',(248.0125,-62.275,0.));
#2012=VERTEX_POINT('',#2011);
#2013=CARTESIAN_POINT('',(262.1125,-62.275,0.));
#2014=DIRECTION('',(-1.,-0.,0.));
#2015=VECTOR('',#2014,14.1);
#2016=LINE('',#2013,#2015);
#2017=EDGE_CURVE('',#2004,#2012,#2016,.T.);
#2018=ORIENTED_EDGE('',*,*,#2017,.T.);
#2019=CARTESIAN_POINT('',(248.0125,-76.375,0.));
#2020=VERTEX_POINT('',#2019);
#2021=CARTESIAN_POINT('',(248.0125,-62.275,0.));
#2022=DIRECTION('',(-0.,-1.,-0.));
#2023=VECTOR('',#2022,14.1);
#2024=LINE('',#2021,#2023);
#2025=EDGE_CURVE('',#2012,#2020,#2024,.T.);
#2026=ORIENTED_EDGE('',*,*,#2025,.T.);
#2027=CARTESIAN_POINT('',(248.0125,-76.375,0.));
#2028=DIRECTION('',(1.,0.,-0.));
#2029=VECTOR('',#2028,14.1);
#2030=LINE('',#2027,#2029);
#2031=EDGE_CURVE('',#2020,#2002,#2030,.T.);
#2032=ORIENTED_EDGE('',*,*,#2031,.T.);
#2033=EDGE_LOOP('',(#2010,#2018,#2026,#2032));
#2034=FACE_BOUND('',#2033,.T.);
#2035=ADVANCED_FACE('',(#449,#483,#517,#551,#562,#596,#630,#664,#698,#732,#766,#800,#834,#868,#879,#913,#947,#981,#992,#1026,#1060,#1094,#1128,#1162,#1196,#1230,
#1264,#1298,#1332,#1366,#1400,#1434,#1468,#1502,#1513,#1547,#1581,#1615,#1649,#1683,#1717,#1751,#1785,#1819,#1853,#1887,#1921,#1932,#1966,#2000,#2034),#199,.F.);
#2036=CARTESIAN_POINT('',(0.,0.,1.5));
#2037=DIRECTION('',(0.,0.,1.));
#2038=DIRECTION('',(1.,0.,0.));
#2039=AXIS2_PLACEMENT_3D('',#2036,#2037,#2038);
#2040=PLANE('',#2039);
#2041=ORIENTED_EDGE('',*,*,#113,.F.);
#2042=ORIENTED_EDGE('',*,*,#152,.F.);
#2043=CARTESIAN_POINT('',(31.225,-61.8,1.505));
#2044=VERTEX_POINT('',#2043);
#2045=CARTESIAN_POINT('',(33.225034356,-61.800034356,1.5));
#2046=DIRECTION('',(-0.,-0.,-1.));
#2047=DIRECTION('',(1.,0.,-0.));
#2048=AXIS2_PLACEMENT_3D('',#2045,#2046,#2047);
#2049=CIRCLE('',#2048,2.000034356);
#2050=EDGE_CURVE('',#2044,#141,#2049,.T.);
#2051=ORIENTED_EDGE('',*,*,#2050,.F.);
#2052=CARTESIAN_POINT('',(31.225,-134.,1.505));
#2053=VERTEX_POINT('',#2052);
#2054=CARTESIAN_POINT('',(31.225,-134.,1.5));
#2055=DIRECTION('',(0.,1.,0.));
#2056=VECTOR('',#2055,72.2);
#2057=LINE('',#2054,#2056);
#2058=EDGE_CURVE('',#2053,#2044,#2057,.T.);
#2059=ORIENTED_EDGE('',*,*,#2058,.F.);
#2060=CARTESIAN_POINT('',(33.225,-136.,1.505));
#2061=VERTEX_POINT('',#2060);
#2062=CARTESIAN_POINT('',(33.224914862,-134.000085138,1.5));
#2063=DIRECTION('',(-0.,-0.,-1.));
#2064=DIRECTION('',(1.,0.,-0.));
#2065=AXIS2_PLACEMENT_3D('',#2062,#2063,#2064);
#2066=CIRCLE('',#2065,1.999914864);
#2067=EDGE_CURVE('',#2061,#2053,#2066,.T.);
#2068=ORIENTED_EDGE('',*,*,#2067,.F.);
#2069=CARTESIAN_POINT('',(53.0375,-136.,1.505));
#2070=VERTEX_POINT('',#2069);
#2071=CARTESIAN_POINT('',(53.0375,-136.,1.5));
#2072=DIRECTION('',(-1.,0.,0.));
#2073=VECTOR('',#2072,19.8125);
#2074=LINE('',#2071,#2073);
#2075=EDGE_CURVE('',#2070,#2061,#2074,.T.);
#2076=ORIENTED_EDGE('',*,*,#2075,.F.);
#2077=CARTESIAN_POINT('',(53.5375,-135.5,1.505));
#2078=VERTEX_POINT('',#2077);
#2079=CARTESIAN_POINT('',(53.037498666,-135.499998666,1.5));
#2080=DIRECTION('',(-0.,-0.,-1.));
#2081=DIRECTION('',(1.,0.,-0.));
#2082=AXIS2_PLACEMENT_3D('',#2079,#2080,#2081);
#2083=CIRCLE('',#2082,0.500001334);
#2084=EDGE_CURVE('',#2078,#2070,#2083,.T.);
#2085=ORIENTED_EDGE('',*,*,#2084,.F.);
#2086=CARTESIAN_POINT('',(53.5375,-135.2,1.505));
#2087=VERTEX_POINT('',#2086);
#2088=CARTESIAN_POINT('',(53.5375,-135.2,1.5));
#2089=DIRECTION('',(0.,-1.,0.));
#2090=VECTOR('',#2089,0.3);
#2091=LINE('',#2088,#2090);
#2092=EDGE_CURVE('',#2087,#2078,#2091,.T.);
#2093=ORIENTED_EDGE('',*,*,#2092,.F.);
#2094=CARTESIAN_POINT('',(56.5375,-135.2,1.505));
#2095=VERTEX_POINT('',#2094);
#2096=CARTESIAN_POINT('',(55.0375,-133.499999891,1.5));
#2097=DIRECTION('',(0.,0.,1.));
#2098=DIRECTION('',(1.,0.,-0.));
#2099=AXIS2_PLACEMENT_3D('',#2096,#2097,#2098);
#2100=CIRCLE('',#2099,2.267156891);
#2101=EDGE_CURVE('',#2095,#2087,#2100,.T.);
#2102=ORIENTED_EDGE('',*,*,#2101,.F.);
#2103=CARTESIAN_POINT('',(56.5375,-135.5,1.505));
#2104=VERTEX_POINT('',#2103);
#2105=CARTESIAN_POINT('',(56.5375,-135.5,1.5));
#2106=DIRECTION('',(0.,1.,0.));
#2107=VECTOR('',#2106,0.3);
#2108=LINE('',#2105,#2107);
#2109=EDGE_CURVE('',#2104,#2095,#2108,.T.);
#2110=ORIENTED_EDGE('',*,*,#2109,.F.);
#2111=CARTESIAN_POINT('',(57.03745,-136.,1.505));
#2112=VERTEX_POINT('',#2111);
#2113=CARTESIAN_POINT('',(57.037501338,-135.499998664,1.5));
#2114=DIRECTION('',(-0.,-0.,-1.));
#2115=DIRECTION('',(1.,0.,-0.));
#2116=AXIS2_PLACEMENT_3D('',#2113,#2114,#2115);
#2117=CIRCLE('',#2116,0.500001338);
#2118=EDGE_CURVE('',#2112,#2104,#2117,.T.);
#2119=ORIENTED_EDGE('',*,*,#2118,.F.);
#2120=CARTESIAN_POINT('',(243.537475,-136.,1.505));
#2121=VERTEX_POINT('',#2120);
#2122=CARTESIAN_POINT('',(243.537475,-136.,1.5));
#2123=DIRECTION('',(-1.,0.,0.));
#2124=VECTOR('',#2123,186.500025);
#2125=LINE('',#2122,#2124);
#2126=EDGE_CURVE('',#2121,#2112,#2125,.T.);
#2127=ORIENTED_EDGE('',*,*,#2126,.F.);
#2128=CARTESIAN_POINT('',(244.037475,-135.5,1.505));
#2129=VERTEX_POINT('',#2128);
#2130=CARTESIAN_POINT('',(243.537473666,-135.499998666,1.5));
#2131=DIRECTION('',(-0.,-0.,-1.));
#2132=DIRECTION('',(1.,0.,-0.));
#2133=AXIS2_PLACEMENT_3D('',#2130,#2131,#2132);
#2134=CIRCLE('',#2133,0.500001334);
#2135=EDGE_CURVE('',#2129,#2121,#2134,.T.);
#2136=ORIENTED_EDGE('',*,*,#2135,.F.);
#2137=CARTESIAN_POINT('',(244.037475,-135.2,1.505));
#2138=VERTEX_POINT('',#2137);
#2139=CARTESIAN_POINT('',(244.037475,-135.2,1.5));
#2140=DIRECTION('',(0.,-1.,0.));
#2141=VECTOR('',#2140,0.3);
#2142=LINE('',#2139,#2141);
#2143=EDGE_CURVE('',#2138,#2129,#2142,.T.);
#2144=ORIENTED_EDGE('',*,*,#2143,.F.);
#2145=CARTESIAN_POINT('',(247.037475,-135.2,1.505));
#2146=VERTEX_POINT('',#2145);
#2147=CARTESIAN_POINT('',(245.537475,-133.499999891,1.5));
#2148=DIRECTION('',(0.,0.,1.));
#2149=DIRECTION('',(1.,0.,-0.));
#2150=AXIS2_PLACEMENT_3D('',#2147,#2148,#2149);
#2151=CIRCLE('',#2150,2.267156891);
#2152=EDGE_CURVE('',#2146,#2138,#2151,.T.);
#2153=ORIENTED_EDGE('',*,*,#2152,.F.);
#2154=CARTESIAN_POINT('',(247.037475,-135.5,1.505));
#2155=VERTEX_POINT('',#2154);
#2156=CARTESIAN_POINT('',(247.037475,-135.5,1.5));
#2157=DIRECTION('',(0.,1.,0.));
#2158=VECTOR('',#2157,0.3);
#2159=LINE('',#2156,#2158);
#2160=EDGE_CURVE('',#2155,#2146,#2159,.T.);
#2161=ORIENTED_EDGE('',*,*,#2160,.F.);
#2162=CARTESIAN_POINT('',(247.53745,-136.,1.505));
#2163=VERTEX_POINT('',#2162);
#2164=CARTESIAN_POINT('',(247.537476335,-135.499998666,1.5));
#2165=DIRECTION('',(-0.,-0.,-1.));
#2166=DIRECTION('',(1.,0.,-0.));
#2167=AXIS2_PLACEMENT_3D('',#2164,#2165,#2166);
#2168=CIRCLE('',#2167,0.500001335);
#2169=EDGE_CURVE('',#2163,#2155,#2168,.T.);
#2170=ORIENTED_EDGE('',*,*,#2169,.F.);
#2171=CARTESIAN_POINT('',(267.35,-136.,1.505));
#2172=VERTEX_POINT('',#2171);
#2173=CARTESIAN_POINT('',(267.35,-136.,1.5));
#2174=DIRECTION('',(-1.,0.,0.));
#2175=VECTOR('',#2174,19.81255);
#2176=LINE('',#2173,#2175);
#2177=EDGE_CURVE('',#2172,#2163,#2176,.T.);
#2178=ORIENTED_EDGE('',*,*,#2177,.F.);
#2179=CARTESIAN_POINT('',(269.35,-134.,1.505));
#2180=VERTEX_POINT('',#2179);
#2181=CARTESIAN_POINT('',(267.349965644,-133.999965644,1.5));
#2182=DIRECTION('',(-0.,-0.,-1.));
#2183=DIRECTION('',(1.,0.,-0.));
#2184=AXIS2_PLACEMENT_3D('',#2181,#2182,#2183);
#2185=CIRCLE('',#2184,2.000034356);
#2186=EDGE_CURVE('',#2180,#2172,#2185,.T.);
#2187=ORIENTED_EDGE('',*,*,#2186,.F.);
#2188=CARTESIAN_POINT('',(269.35,-61.800002,1.505));
#2189=VERTEX_POINT('',#2188);
#2190=CARTESIAN_POINT('',(269.35,-61.800002,1.5));
#2191=DIRECTION('',(0.,-1.,0.));
#2192=VECTOR('',#2191,72.199998);
#2193=LINE('',#2190,#2192);
#2194=EDGE_CURVE('',#2189,#2180,#2193,.T.);
#2195=ORIENTED_EDGE('',*,*,#2194,.F.);
#2196=CARTESIAN_POINT('',(267.349998,-59.800002,1.505));
#2197=VERTEX_POINT('',#2196);
#2198=CARTESIAN_POINT('',(267.34991272,-61.80008928,1.5));
#2199=DIRECTION('',(-0.,-0.,-1.));
#2200=DIRECTION('',(1.,0.,-0.));
#2201=AXIS2_PLACEMENT_3D('',#2198,#2199,#2200);
#2202=CIRCLE('',#2201,2.000087282);
#2203=EDGE_CURVE('',#2197,#2189,#2202,.T.);
#2204=ORIENTED_EDGE('',*,*,#2203,.F.);
#2205=CARTESIAN_POINT('',(242.775,-59.800051,1.505));
#2206=VERTEX_POINT('',#2205);
#2207=CARTESIAN_POINT('',(242.775,-59.800051,1.5));
#2208=DIRECTION('',(1.,0.000001994,0.));
#2209=VECTOR('',#2208,24.574998);
#2210=LINE('',#2207,#2209);
#2211=EDGE_CURVE('',#2206,#2197,#2210,.T.);
#2212=ORIENTED_EDGE('',*,*,#2211,.F.);
#2213=CARTESIAN_POINT('',(242.275,-60.300051,1.505));
#2214=VERTEX_POINT('',#2213);
#2215=CARTESIAN_POINT('',(242.775001334,-60.300052334,1.5));
#2216=DIRECTION('',(-0.,-0.,-1.));
#2217=DIRECTION('',(1.,0.,-0.));
#2218=AXIS2_PLACEMENT_3D('',#2215,#2216,#2217);
#2219=CIRCLE('',#2218,0.500001334);
#2220=EDGE_CURVE('',#2214,#2206,#2219,.T.);
#2221=ORIENTED_EDGE('',*,*,#2220,.F.);
#2222=CARTESIAN_POINT('',(242.275,-60.600051,1.505));
#2223=VERTEX_POINT('',#2222);
#2224=CARTESIAN_POINT('',(242.275,-60.600051,1.5));
#2225=DIRECTION('',(0.,1.,0.));
#2226=VECTOR('',#2225,0.3);
#2227=LINE('',#2224,#2226);
#2228=EDGE_CURVE('',#2223,#2214,#2227,.T.);
#2229=ORIENTED_EDGE('',*,*,#2228,.F.);
#2230=CARTESIAN_POINT('',(239.275,-60.600051,1.505));
#2231=VERTEX_POINT('',#2230);
#2232=CARTESIAN_POINT('',(240.775,-62.300051109,1.5));
#2233=DIRECTION('',(0.,0.,1.));
#2234=DIRECTION('',(1.,0.,-0.));
#2235=AXIS2_PLACEMENT_3D('',#2232,#2233,#2234);
#2236=CIRCLE('',#2235,2.267156891);
#2237=EDGE_CURVE('',#2231,#2223,#2236,.T.);
#2238=ORIENTED_EDGE('',*,*,#2237,.F.);
#2239=CARTESIAN_POINT('',(239.275,-60.300051,1.505));
#2240=VERTEX_POINT('',#2239);
#2241=CARTESIAN_POINT('',(239.275,-60.300051,1.5));
#2242=DIRECTION('',(0.,-1.,0.));
#2243=VECTOR('',#2242,0.3);
#2244=LINE('',#2241,#2243);
#2245=EDGE_CURVE('',#2240,#2231,#2244,.T.);
#2246=ORIENTED_EDGE('',*,*,#2245,.F.);
#2247=CARTESIAN_POINT('',(238.77505,-59.800051,1.505));
#2248=VERTEX_POINT('',#2247);
#2249=CARTESIAN_POINT('',(238.774998662,-60.300052335,1.5));
#2250=DIRECTION('',(-0.,-0.,-1.));
#2251=DIRECTION('',(1.,0.,-0.));
#2252=AXIS2_PLACEMENT_3D('',#2249,#2250,#2251);
#2253=CIRCLE('',#2252,0.500001338);
#2254=EDGE_CURVE('',#2248,#2240,#2253,.T.);
#2255=ORIENTED_EDGE('',*,*,#2254,.F.);
#2256=CARTESIAN_POINT('',(71.325,-59.8,1.505));
#2257=VERTEX_POINT('',#2256);
#2258=CARTESIAN_POINT('',(71.325,-59.8,1.5));
#2259=DIRECTION('',(1.,-0.000000305,0.));
#2260=VECTOR('',#2259,167.45005);
#2261=LINE('',#2258,#2260);
#2262=EDGE_CURVE('',#2257,#2248,#2261,.T.);
#2263=ORIENTED_EDGE('',*,*,#2262,.F.);
#2264=CARTESIAN_POINT('',(70.825,-60.3,1.505));
#2265=VERTEX_POINT('',#2264);
#2266=CARTESIAN_POINT('',(71.325001334,-60.300001334,1.5));
#2267=DIRECTION('',(-0.,-0.,-1.));
#2268=DIRECTION('',(1.,0.,-0.));
#2269=AXIS2_PLACEMENT_3D('',#2266,#2267,#2268);
#2270=CIRCLE('',#2269,0.500001334);
#2271=EDGE_CURVE('',#2265,#2257,#2270,.T.);
#2272=ORIENTED_EDGE('',*,*,#2271,.F.);
#2273=CARTESIAN_POINT('',(70.825,-60.6,1.505));
#2274=VERTEX_POINT('',#2273);
#2275=CARTESIAN_POINT('',(70.825,-60.6,1.5));
#2276=DIRECTION('',(0.,1.,0.));
#2277=VECTOR('',#2276,0.3);
#2278=LINE('',#2275,#2277);
#2279=EDGE_CURVE('',#2274,#2265,#2278,.T.);
#2280=ORIENTED_EDGE('',*,*,#2279,.F.);
#2281=CARTESIAN_POINT('',(69.325,-62.300000109,1.5));
#2282=DIRECTION('',(0.,0.,1.));
#2283=DIRECTION('',(1.,0.,-0.));
#2284=AXIS2_PLACEMENT_3D('',#2281,#2282,#2283);
#2285=CIRCLE('',#2284,2.267156891);
#2286=EDGE_CURVE('',#171,#2274,#2285,.T.);
#2287=ORIENTED_EDGE('',*,*,#2286,.F.);
#2288=ORIENTED_EDGE('',*,*,#176,.F.);
#2289=EDGE_LOOP('',(#2041,#2042,#2051,#2059,#2068,#2076,#2085,#2093,#2102,#2110,#2119,#2127,#2136,#2144,#2153,#2161,#2170,#2178,#2187,#2195,#2204,#2212,#2221,#2229,#2238,#2246,
#2255,#2263,#2272,#2280,#2287,#2288));
#2290=FACE_BOUND('',#2289,.T.);
#2291=CARTESIAN_POINT('',(36.08125,-133.525,1.505));
#2292=VERTEX_POINT('',#2291);
#2293=CARTESIAN_POINT('',(50.18125,-133.525,1.505));
#2294=VERTEX_POINT('',#2293);
#2295=CARTESIAN_POINT('',(36.08125,-133.525,1.5));
#2296=DIRECTION('',(1.,0.,-0.));
#2297=VECTOR('',#2296,14.1);
#2298=LINE('',#2295,#2297);
#2299=EDGE_CURVE('',#2292,#2294,#2298,.T.);
#2300=ORIENTED_EDGE('',*,*,#2299,.F.);
#2301=CARTESIAN_POINT('',(36.08125,-119.425,1.505));
#2302=VERTEX_POINT('',#2301);
#2303=CARTESIAN_POINT('',(36.08125,-119.425,1.5));
#2304=DIRECTION('',(0.,-1.,0.));
#2305=VECTOR('',#2304,14.1);
#2306=LINE('',#2303,#2305);
#2307=EDGE_CURVE('',#2302,#2292,#2306,.T.);
#2308=ORIENTED_EDGE('',*,*,#2307,.F.);
#2309=CARTESIAN_POINT('',(50.18125,-119.425,1.505));
#2310=VERTEX_POINT('',#2309);
#2311=CARTESIAN_POINT('',(50.18125,-119.425,1.5));
#2312=DIRECTION('',(-1.,0.,0.));
#2313=VECTOR('',#2312,14.1);
#2314=LINE('',#2311,#2313);
#2315=EDGE_CURVE('',#2310,#2302,#2314,.T.);
#2316=ORIENTED_EDGE('',*,*,#2315,.F.);
#2317=CARTESIAN_POINT('',(50.18125,-133.525,1.5));
#2318=DIRECTION('',(0.,1.,0.));
#2319=VECTOR('',#2318,14.1);
#2320=LINE('',#2317,#2319);
#2321=EDGE_CURVE('',#2294,#2310,#2320,.T.);
#2322=ORIENTED_EDGE('',*,*,#2321,.F.);
#2323=EDGE_LOOP('',(#2300,#2308,#2316,#2322));
#2324=FACE_BOUND('',#2323,.T.);
#2325=CARTESIAN_POINT('',(59.89375,-133.525,1.505));
#2326=VERTEX_POINT('',#2325);
#2327=CARTESIAN_POINT('',(73.99375,-133.525,1.505));
#2328=VERTEX_POINT('',#2327);
#2329=CARTESIAN_POINT('',(59.89375,-133.525,1.5));
#2330=DIRECTION('',(1.,0.,-0.));
#2331=VECTOR('',#2330,14.1);
#2332=LINE('',#2329,#2331);
#2333=EDGE_CURVE('',#2326,#2328,#2332,.T.);
#2334=ORIENTED_EDGE('',*,*,#2333,.F.);
#2335=CARTESIAN_POINT('',(59.89375,-119.425,1.505));
#2336=VERTEX_POINT('',#2335);
#2337=CARTESIAN_POINT('',(59.89375,-119.425,1.5));
#2338=DIRECTION('',(0.,-1.,0.));
#2339=VECTOR('',#2338,14.1);
#2340=LINE('',#2337,#2339);
#2341=EDGE_CURVE('',#2336,#2326,#2340,.T.);
#2342=ORIENTED_EDGE('',*,*,#2341,.F.);
#2343=CARTESIAN_POINT('',(73.99375,-119.425,1.505));
#2344=VERTEX_POINT('',#2343);
#2345=CARTESIAN_POINT('',(73.99375,-119.425,1.5));
#2346=DIRECTION('',(-1.,0.,0.));
#2347=VECTOR('',#2346,14.1);
#2348=LINE('',#2345,#2347);
#2349=EDGE_CURVE('',#2344,#2336,#2348,.T.);
#2350=ORIENTED_EDGE('',*,*,#2349,.F.);
#2351=CARTESIAN_POINT('',(73.99375,-133.525,1.5));
#2352=DIRECTION('',(0.,1.,0.));
#2353=VECTOR('',#2352,14.1);
#2354=LINE('',#2351,#2353);
#2355=EDGE_CURVE('',#2328,#2344,#2354,.T.);
#2356=ORIENTED_EDGE('',*,*,#2355,.F.);
#2357=EDGE_LOOP('',(#2334,#2342,#2350,#2356));
#2358=FACE_BOUND('',#2357,.T.);
#2359=CARTESIAN_POINT('',(83.70625,-133.525,1.505));
#2360=VERTEX_POINT('',#2359);
#2361=CARTESIAN_POINT('',(97.80625,-133.525,1.505));
#2362=VERTEX_POINT('',#2361);
#2363=CARTESIAN_POINT('',(83.70625,-133.525,1.5));
#2364=DIRECTION('',(1.,0.,-0.));
#2365=VECTOR('',#2364,14.1);
#2366=LINE('',#2363,#2365);
#2367=EDGE_CURVE('',#2360,#2362,#2366,.T.);
#2368=ORIENTED_EDGE('',*,*,#2367,.F.);
#2369=CARTESIAN_POINT('',(83.70625,-119.425,1.505));
#2370=VERTEX_POINT('',#2369);
#2371=CARTESIAN_POINT('',(83.70625,-119.425,1.5));
#2372=DIRECTION('',(0.,-1.,0.));
#2373=VECTOR('',#2372,14.1);
#2374=LINE('',#2371,#2373);
#2375=EDGE_CURVE('',#2370,#2360,#2374,.T.);
#2376=ORIENTED_EDGE('',*,*,#2375,.F.);
#2377=CARTESIAN_POINT('',(97.80625,-119.425,1.505));
#2378=VERTEX_POINT('',#2377);
#2379=CARTESIAN_POINT('',(97.80625,-119.425,1.5));
#2380=DIRECTION('',(-1.,0.,0.));
#2381=VECTOR('',#2380,14.1);
#2382=LINE('',#2379,#2381);
#2383=EDGE_CURVE('',#2378,#2370,#2382,.T.);
#2384=ORIENTED_EDGE('',*,*,#2383,.F.);
#2385=CARTESIAN_POINT('',(97.80625,-133.525,1.5));
#2386=DIRECTION('',(0.,1.,0.));
#2387=VECTOR('',#2386,14.1);
#2388=LINE('',#2385,#2387);
#2389=EDGE_CURVE('',#2362,#2378,#2388,.T.);
#2390=ORIENTED_EDGE('',*,*,#2389,.F.);
#2391=EDGE_LOOP('',(#2368,#2376,#2384,#2390));
#2392=FACE_BOUND('',#2391,.T.);
#2393=CARTESIAN_POINT('',(55.0375,-118.05,1.505));
#2394=VERTEX_POINT('',#2393);
#2395=CARTESIAN_POINT('',(55.0375,-116.95,1.5));
#2396=DIRECTION('',(-0.,-0.,-1.));
#2397=DIRECTION('',(1.,0.,-0.));
#2398=AXIS2_PLACEMENT_3D('',#2395,#2396,#2397);
#2399=CIRCLE('',#2398,1.1);
#2400=EDGE_CURVE('',#2394,#2394,#2399,.T.);
#2401=ORIENTED_EDGE('',*,*,#2400,.T.);
#2402=EDGE_LOOP('',(#2401));
#2403=FACE_BOUND('',#2402,.T.);
#2404=CARTESIAN_POINT('',(105.1375,-133.525,1.505));
#2405=VERTEX_POINT('',#2404);
#2406=CARTESIAN_POINT('',(119.2375,-133.525,1.505));
#2407=VERTEX_POINT('',#2406);
#2408=CARTESIAN_POINT('',(105.1375,-133.525,1.5));
#2409=DIRECTION('',(1.,0.,-0.));
#2410=VECTOR('',#2409,14.1);
#2411=LINE('',#2408,#2410);
#2412=EDGE_CURVE('',#2405,#2407,#2411,.T.);
#2413=ORIENTED_EDGE('',*,*,#2412,.F.);
#2414=CARTESIAN_POINT('',(105.1375,-119.425,1.505));
#2415=VERTEX_POINT('',#2414);
#2416=CARTESIAN_POINT('',(105.1375,-119.425,1.5));
#2417=DIRECTION('',(0.,-1.,0.));
#2418=VECTOR('',#2417,14.1);
#2419=LINE('',#2416,#2418);
#2420=EDGE_CURVE('',#2415,#2405,#2419,.T.);
#2421=ORIENTED_EDGE('',*,*,#2420,.F.);
#2422=CARTESIAN_POINT('',(119.2375,-119.425,1.505));
#2423=VERTEX_POINT('',#2422);
#2424=CARTESIAN_POINT('',(119.2375,-119.425,1.5));
#2425=DIRECTION('',(-1.,0.,0.));
#2426=VECTOR('',#2425,14.1);
#2427=LINE('',#2424,#2426);
#2428=EDGE_CURVE('',#2423,#2415,#2427,.T.);
#2429=ORIENTED_EDGE('',*,*,#2428,.F.);
#2430=CARTESIAN_POINT('',(119.2375,-133.525,1.5));
#2431=DIRECTION('',(0.,1.,0.));
#2432=VECTOR('',#2431,14.1);
#2433=LINE('',#2430,#2432);
#2434=EDGE_CURVE('',#2407,#2423,#2433,.T.);
#2435=ORIENTED_EDGE('',*,*,#2434,.F.);
#2436=EDGE_LOOP('',(#2413,#2421,#2429,#2435));
#2437=FACE_BOUND('',#2436,.T.);
#2438=CARTESIAN_POINT('',(128.95,-133.525,1.505));
#2439=VERTEX_POINT('',#2438);
#2440=CARTESIAN_POINT('',(143.05,-133.525,1.505));
#2441=VERTEX_POINT('',#2440);
#2442=CARTESIAN_POINT('',(128.95,-133.525,1.5));
#2443=DIRECTION('',(1.,0.,-0.));
#2444=VECTOR('',#2443,14.1);
#2445=LINE('',#2442,#2444);
#2446=EDGE_CURVE('',#2439,#2441,#2445,.T.);
#2447=ORIENTED_EDGE('',*,*,#2446,.F.);
#2448=CARTESIAN_POINT('',(128.95,-119.425,1.505));
#2449=VERTEX_POINT('',#2448);
#2450=CARTESIAN_POINT('',(128.95,-119.425,1.5));
#2451=DIRECTION('',(0.,-1.,0.));
#2452=VECTOR('',#2451,14.1);
#2453=LINE('',#2450,#2452);
#2454=EDGE_CURVE('',#2449,#2439,#2453,.T.);
#2455=ORIENTED_EDGE('',*,*,#2454,.F.);
#2456=CARTESIAN_POINT('',(143.05,-119.425,1.505));
#2457=VERTEX_POINT('',#2456);
#2458=CARTESIAN_POINT('',(143.05,-119.425,1.5));
#2459=DIRECTION('',(-1.,0.,0.));
#2460=VECTOR('',#2459,14.1);
#2461=LINE('',#2458,#2460);
#2462=EDGE_CURVE('',#2457,#2449,#2461,.T.);
#2463=ORIENTED_EDGE('',*,*,#2462,.F.);
#2464=CARTESIAN_POINT('',(143.05,-133.525,1.5));
#2465=DIRECTION('',(0.,1.,0.));
#2466=VECTOR('',#2465,14.1);
#2467=LINE('',#2464,#2466);
#2468=EDGE_CURVE('',#2441,#2457,#2467,.T.);
#2469=ORIENTED_EDGE('',*,*,#2468,.F.);
#2470=EDGE_LOOP('',(#2447,#2455,#2463,#2469));
#2471=FACE_BOUND('',#2470,.T.);
#2472=CARTESIAN_POINT('',(40.84375,-114.475,1.505));
#2473=VERTEX_POINT('',#2472);
#2474=CARTESIAN_POINT('',(54.94375,-114.475,1.505));
#2475=VERTEX_POINT('',#2474);
#2476=CARTESIAN_POINT('',(40.84375,-114.475,1.5));
#2477=DIRECTION('',(1.,0.,-0.));
#2478=VECTOR('',#2477,14.1);
#2479=LINE('',#2476,#2478);
#2480=EDGE_CURVE('',#2473,#2475,#2479,.T.);
#2481=ORIENTED_EDGE('',*,*,#2480,.F.);
#2482=CARTESIAN_POINT('',(40.84375,-100.375,1.505));
#2483=VERTEX_POINT('',#2482);
#2484=CARTESIAN_POINT('',(40.84375,-100.375,1.5));
#2485=DIRECTION('',(0.,-1.,0.));
#2486=VECTOR('',#2485,14.1);
#2487=LINE('',#2484,#2486);
#2488=EDGE_CURVE('',#2483,#2473,#2487,.T.);
#2489=ORIENTED_EDGE('',*,*,#2488,.F.);
#2490=CARTESIAN_POINT('',(54.94375,-100.375,1.505));
#2491=VERTEX_POINT('',#2490);
#2492=CARTESIAN_POINT('',(54.94375,-100.375,1.5));
#2493=DIRECTION('',(-1.,0.,0.));
#2494=VECTOR('',#2493,14.1);
#2495=LINE('',#2492,#2494);
#2496=EDGE_CURVE('',#2491,#2483,#2495,.T.);
#2497=ORIENTED_EDGE('',*,*,#2496,.F.);
#2498=CARTESIAN_POINT('',(54.94375,-114.475,1.5));
#2499=DIRECTION('',(0.,1.,0.));
#2500=VECTOR('',#2499,14.1);
#2501=LINE('',#2498,#2500);
#2502=EDGE_CURVE('',#2475,#2491,#2501,.T.);
#2503=ORIENTED_EDGE('',*,*,#2502,.F.);
#2504=EDGE_LOOP('',(#2481,#2489,#2497,#2503));
#2505=FACE_BOUND('',#2504,.T.);
#2506=CARTESIAN_POINT('',(67.0375,-114.475,1.505));
#2507=VERTEX_POINT('',#2506);
#2508=CARTESIAN_POINT('',(81.1375,-114.475,1.505));
#2509=VERTEX_POINT('',#2508);
#2510=CARTESIAN_POINT('',(67.0375,-114.475,1.5));
#2511=DIRECTION('',(1.,0.,-0.));
#2512=VECTOR('',#2511,14.1);
#2513=LINE('',#2510,#2512);
#2514=EDGE_CURVE('',#2507,#2509,#2513,.T.);
#2515=ORIENTED_EDGE('',*,*,#2514,.F.);
#2516=CARTESIAN_POINT('',(67.0375,-100.375,1.505));
#2517=VERTEX_POINT('',#2516);
#2518=CARTESIAN_POINT('',(67.0375,-100.375,1.5));
#2519=DIRECTION('',(0.,-1.,0.));
#2520=VECTOR('',#2519,14.1);
#2521=LINE('',#2518,#2520);
#2522=EDGE_CURVE('',#2517,#2507,#2521,.T.);
#2523=ORIENTED_EDGE('',*,*,#2522,.F.);
#2524=CARTESIAN_POINT('',(81.1375,-100.375,1.505));
#2525=VERTEX_POINT('',#2524);
#2526=CARTESIAN_POINT('',(81.1375,-100.375,1.5));
#2527=DIRECTION('',(-1.,0.,0.));
#2528=VECTOR('',#2527,14.1);
#2529=LINE('',#2526,#2528);
#2530=EDGE_CURVE('',#2525,#2517,#2529,.T.);
#2531=ORIENTED_EDGE('',*,*,#2530,.F.);
#2532=CARTESIAN_POINT('',(81.1375,-114.475,1.5));
#2533=DIRECTION('',(0.,1.,0.));
#2534=VECTOR('',#2533,14.1);
#2535=LINE('',#2532,#2534);
#2536=EDGE_CURVE('',#2509,#2525,#2535,.T.);
#2537=ORIENTED_EDGE('',*,*,#2536,.F.);
#2538=EDGE_LOOP('',(#2515,#2523,#2531,#2537));
#2539=FACE_BOUND('',#2538,.T.);
#2540=CARTESIAN_POINT('',(86.0875,-114.475,1.505));
#2541=VERTEX_POINT('',#2540);
#2542=CARTESIAN_POINT('',(100.1875,-114.475,1.505));
#2543=VERTEX_POINT('',#2542);
#2544=CARTESIAN_POINT('',(86.0875,-114.475,1.5));
#2545=DIRECTION('',(1.,0.,-0.));
#2546=VECTOR('',#2545,14.1);
#2547=LINE('',#2544,#2546);
#2548=EDGE_CURVE('',#2541,#2543,#2547,.T.);
#2549=ORIENTED_EDGE('',*,*,#2548,.F.);
#2550=CARTESIAN_POINT('',(86.0875,-100.375,1.505));
#2551=VERTEX_POINT('',#2550);
#2552=CARTESIAN_POINT('',(86.0875,-100.375,1.5));
#2553=DIRECTION('',(0.,-1.,0.));
#2554=VECTOR('',#2553,14.1);
#2555=LINE('',#2552,#2554);
#2556=EDGE_CURVE('',#2551,#2541,#2555,.T.);
#2557=ORIENTED_EDGE('',*,*,#2556,.F.);
#2558=CARTESIAN_POINT('',(100.1875,-100.375,1.505));
#2559=VERTEX_POINT('',#2558);
#2560=CARTESIAN_POINT('',(100.1875,-100.375,1.5));
#2561=DIRECTION('',(-1.,0.,0.));
#2562=VECTOR('',#2561,14.1);
#2563=LINE('',#2560,#2562);
#2564=EDGE_CURVE('',#2559,#2551,#2563,.T.);
#2565=ORIENTED_EDGE('',*,*,#2564,.F.);
#2566=CARTESIAN_POINT('',(100.1875,-114.475,1.5));
#2567=DIRECTION('',(0.,1.,0.));
#2568=VECTOR('',#2567,14.1);
#2569=LINE('',#2566,#2568);
#2570=EDGE_CURVE('',#2543,#2559,#2569,.T.);
#2571=ORIENTED_EDGE('',*,*,#2570,.F.);
#2572=EDGE_LOOP('',(#2549,#2557,#2565,#2571));
#2573=FACE_BOUND('',#2572,.T.);
#2574=CARTESIAN_POINT('',(105.1375,-114.475,1.505));
#2575=VERTEX_POINT('',#2574);
#2576=CARTESIAN_POINT('',(119.2375,-114.475,1.505));
#2577=VERTEX_POINT('',#2576);
#2578=CARTESIAN_POINT('',(105.1375,-114.475,1.5));
#2579=DIRECTION('',(1.,0.,-0.));
#2580=VECTOR('',#2579,14.1);
#2581=LINE('',#2578,#2580);
#2582=EDGE_CURVE('',#2575,#2577,#2581,.T.);
#2583=ORIENTED_EDGE('',*,*,#2582,.F.);
#2584=CARTESIAN_POINT('',(105.1375,-100.375,1.505));
#2585=VERTEX_POINT('',#2584);
#2586=CARTESIAN_POINT('',(105.1375,-100.375,1.5));
#2587=DIRECTION('',(0.,-1.,0.));
#2588=VECTOR('',#2587,14.1);
#2589=LINE('',#2586,#2588);
#2590=EDGE_CURVE('',#2585,#2575,#2589,.T.);
#2591=ORIENTED_EDGE('',*,*,#2590,.F.);
#2592=CARTESIAN_POINT('',(119.2375,-100.375,1.505));
#2593=VERTEX_POINT('',#2592);
#2594=CARTESIAN_POINT('',(119.2375,-100.375,1.5));
#2595=DIRECTION('',(-1.,0.,0.));
#2596=VECTOR('',#2595,14.1);
#2597=LINE('',#2594,#2596);
#2598=EDGE_CURVE('',#2593,#2585,#2597,.T.);
#2599=ORIENTED_EDGE('',*,*,#2598,.F.);
#2600=CARTESIAN_POINT('',(119.2375,-114.475,1.5));
#2601=DIRECTION('',(0.,1.,0.));
#2602=VECTOR('',#2601,14.1);
#2603=LINE('',#2600,#2602);
#2604=EDGE_CURVE('',#2577,#2593,#2603,.T.);
#2605=ORIENTED_EDGE('',*,*,#2604,.F.);
#2606=EDGE_LOOP('',(#2583,#2591,#2599,#2605));
#2607=FACE_BOUND('',#2606,.T.);
#2608=CARTESIAN_POINT('',(124.1875,-114.475,1.505));
#2609=VERTEX_POINT('',#2608);
#2610=CARTESIAN_POINT('',(138.2875,-114.475,1.505));
#2611=VERTEX_POINT('',#2610);
#2612=CARTESIAN_POINT('',(124.1875,-114.475,1.5));
#2613=DIRECTION('',(1.,0.,-0.));
#2614=VECTOR('',#2613,14.1);
#2615=LINE('',#2612,#2614);
#2616=EDGE_CURVE('',#2609,#2611,#2615,.T.);
#2617=ORIENTED_EDGE('',*,*,#2616,.F.);
#2618=CARTESIAN_POINT('',(124.1875,-100.375,1.505));
#2619=VERTEX_POINT('',#2618);
#2620=CARTESIAN_POINT('',(124.1875,-100.375,1.5));
#2621=DIRECTION('',(0.,-1.,0.));
#2622=VECTOR('',#2621,14.1);
#2623=LINE('',#2620,#2622);
#2624=EDGE_CURVE('',#2619,#2609,#2623,.T.);
#2625=ORIENTED_EDGE('',*,*,#2624,.F.);
#2626=CARTESIAN_POINT('',(138.2875,-100.375,1.505));
#2627=VERTEX_POINT('',#2626);
#2628=CARTESIAN_POINT('',(138.2875,-100.375,1.5));
#2629=DIRECTION('',(-1.,0.,0.));
#2630=VECTOR('',#2629,14.1);
#2631=LINE('',#2628,#2630);
#2632=EDGE_CURVE('',#2627,#2619,#2631,.T.);
#2633=ORIENTED_EDGE('',*,*,#2632,.F.);
#2634=CARTESIAN_POINT('',(138.2875,-114.475,1.5));
#2635=DIRECTION('',(0.,1.,0.));
#2636=VECTOR('',#2635,14.1);
#2637=LINE('',#2634,#2636);
#2638=EDGE_CURVE('',#2611,#2627,#2637,.T.);
#2639=ORIENTED_EDGE('',*,*,#2638,.F.);
#2640=EDGE_LOOP('',(#2617,#2625,#2633,#2639));
#2641=FACE_BOUND('',#2640,.T.);
#2642=CARTESIAN_POINT('',(157.525,-133.525,1.505));
#2643=VERTEX_POINT('',#2642);
#2644=CARTESIAN_POINT('',(171.625,-133.525,1.505));
#2645=VERTEX_POINT('',#2644);
#2646=CARTESIAN_POINT('',(157.525,-133.525,1.5));
#2647=DIRECTION('',(1.,0.,-0.));
#2648=VECTOR('',#2647,14.1);
#2649=LINE('',#2646,#2648);
#2650=EDGE_CURVE('',#2643,#2645,#2649,.T.);
#2651=ORIENTED_EDGE('',*,*,#2650,.F.);
#2652=CARTESIAN_POINT('',(157.525,-119.425,1.505));
#2653=VERTEX_POINT('',#2652);
#2654=CARTESIAN_POINT('',(157.525,-119.425,1.5));
#2655=DIRECTION('',(0.,-1.,0.));
#2656=VECTOR('',#2655,14.1);
#2657=LINE('',#2654,#2656);
#2658=EDGE_CURVE('',#2653,#2643,#2657,.T.);
#2659=ORIENTED_EDGE('',*,*,#2658,.F.);
#2660=CARTESIAN_POINT('',(171.625,-119.425,1.505));
#2661=VERTEX_POINT('',#2660);
#2662=CARTESIAN_POINT('',(171.625,-119.425,1.5));
#2663=DIRECTION('',(-1.,0.,0.));
#2664=VECTOR('',#2663,14.1);
#2665=LINE('',#2662,#2664);
#2666=EDGE_CURVE('',#2661,#2653,#2665,.T.);
#2667=ORIENTED_EDGE('',*,*,#2666,.F.);
#2668=CARTESIAN_POINT('',(171.625,-133.525,1.5));
#2669=DIRECTION('',(0.,1.,0.));
#2670=VECTOR('',#2669,14.1);
#2671=LINE('',#2668,#2670);
#2672=EDGE_CURVE('',#2645,#2661,#2671,.T.);
#2673=ORIENTED_EDGE('',*,*,#2672,.F.);
#2674=EDGE_LOOP('',(#2651,#2659,#2667,#2673));
#2675=FACE_BOUND('',#2674,.T.);
#2676=CARTESIAN_POINT('',(181.3375,-133.525,1.505));
#2677=VERTEX_POINT('',#2676);
#2678=CARTESIAN_POINT('',(195.4375,-133.525,1.505));
#2679=VERTEX_POINT('',#2678);
#2680=CARTESIAN_POINT('',(181.3375,-133.525,1.5));
#2681=DIRECTION('',(1.,0.,-0.));
#2682=VECTOR('',#2681,14.1);
#2683=LINE('',#2680,#2682);
#2684=EDGE_CURVE('',#2677,#2679,#2683,.T.);
#2685=ORIENTED_EDGE('',*,*,#2684,.F.);
#2686=CARTESIAN_POINT('',(181.3375,-119.425,1.505));
#2687=VERTEX_POINT('',#2686);
#2688=CARTESIAN_POINT('',(181.3375,-119.425,1.5));
#2689=DIRECTION('',(0.,-1.,0.));
#2690=VECTOR('',#2689,14.1);
#2691=LINE('',#2688,#2690);
#2692=EDGE_CURVE('',#2687,#2677,#2691,.T.);
#2693=ORIENTED_EDGE('',*,*,#2692,.F.);
#2694=CARTESIAN_POINT('',(195.4375,-119.425,1.505));
#2695=VERTEX_POINT('',#2694);
#2696=CARTESIAN_POINT('',(195.4375,-119.425,1.5));
#2697=DIRECTION('',(-1.,0.,0.));
#2698=VECTOR('',#2697,14.1);
#2699=LINE('',#2696,#2698);
#2700=EDGE_CURVE('',#2695,#2687,#2699,.T.);
#2701=ORIENTED_EDGE('',*,*,#2700,.F.);
#2702=CARTESIAN_POINT('',(195.4375,-133.525,1.5));
#2703=DIRECTION('',(0.,1.,0.));
#2704=VECTOR('',#2703,14.1);
#2705=LINE('',#2702,#2704);
#2706=EDGE_CURVE('',#2679,#2695,#2705,.T.);
#2707=ORIENTED_EDGE('',*,*,#2706,.F.);
#2708=EDGE_LOOP('',(#2685,#2693,#2701,#2707));
#2709=FACE_BOUND('',#2708,.T.);
#2710=CARTESIAN_POINT('',(159.8125,-118.05,1.505));
#2711=VERTEX_POINT('',#2710);
#2712=CARTESIAN_POINT('',(159.8125,-116.95,1.5));
#2713=DIRECTION('',(-0.,-0.,-1.));
#2714=DIRECTION('',(1.,0.,-0.));
#2715=AXIS2_PLACEMENT_3D('',#2712,#2713,#2714);
#2716=CIRCLE('',#2715,1.1);
#2717=EDGE_CURVE('',#2711,#2711,#2716,.T.);
#2718=ORIENTED_EDGE('',*,*,#2717,.T.);
#2719=EDGE_LOOP('',(#2718));
#2720=FACE_BOUND('',#2719,.T.);
#2721=CARTESIAN_POINT('',(202.76875,-133.525,1.505));
#2722=VERTEX_POINT('',#2721);
#2723=CARTESIAN_POINT('',(216.86875,-133.525,1.505));
#2724=VERTEX_POINT('',#2723);
#2725=CARTESIAN_POINT('',(202.76875,-133.525,1.5));
#2726=DIRECTION('',(1.,0.,-0.));
#2727=VECTOR('',#2726,14.1);
#2728=LINE('',#2725,#2727);
#2729=EDGE_CURVE('',#2722,#2724,#2728,.T.);
#2730=ORIENTED_EDGE('',*,*,#2729,.F.);
#2731=CARTESIAN_POINT('',(202.76875,-119.425,1.505));
#2732=VERTEX_POINT('',#2731);
#2733=CARTESIAN_POINT('',(202.76875,-119.425,1.5));
#2734=DIRECTION('',(0.,-1.,0.));
#2735=VECTOR('',#2734,14.1);
#2736=LINE('',#2733,#2735);
#2737=EDGE_CURVE('',#2732,#2722,#2736,.T.);
#2738=ORIENTED_EDGE('',*,*,#2737,.F.);
#2739=CARTESIAN_POINT('',(216.86875,-119.425,1.505));
#2740=VERTEX_POINT('',#2739);
#2741=CARTESIAN_POINT('',(216.86875,-119.425,1.5));
#2742=DIRECTION('',(-1.,0.,0.));
#2743=VECTOR('',#2742,14.1);
#2744=LINE('',#2741,#2743);
#2745=EDGE_CURVE('',#2740,#2732,#2744,.T.);
#2746=ORIENTED_EDGE('',*,*,#2745,.F.);
#2747=CARTESIAN_POINT('',(216.86875,-133.525,1.5));
#2748=DIRECTION('',(0.,1.,0.));
#2749=VECTOR('',#2748,14.1);
#2750=LINE('',#2747,#2749);
#2751=EDGE_CURVE('',#2724,#2740,#2750,.T.);
#2752=ORIENTED_EDGE('',*,*,#2751,.F.);
#2753=EDGE_LOOP('',(#2730,#2738,#2746,#2752));
#2754=FACE_BOUND('',#2753,.T.);
#2755=CARTESIAN_POINT('',(226.58125,-133.525,1.505));
#2756=VERTEX_POINT('',#2755);
#2757=CARTESIAN_POINT('',(240.68125,-133.525,1.505));
#2758=VERTEX_POINT('',#2757);
#2759=CARTESIAN_POINT('',(226.58125,-133.525,1.5));
#2760=DIRECTION('',(1.,0.,-0.));
#2761=VECTOR('',#2760,14.1);
#2762=LINE('',#2759,#2761);
#2763=EDGE_CURVE('',#2756,#2758,#2762,.T.);
#2764=ORIENTED_EDGE('',*,*,#2763,.F.);
#2765=CARTESIAN_POINT('',(226.58125,-119.425,1.505));
#2766=VERTEX_POINT('',#2765);
#2767=CARTESIAN_POINT('',(226.58125,-119.425,1.5));
#2768=DIRECTION('',(0.,-1.,0.));
#2769=VECTOR('',#2768,14.1);
#2770=LINE('',#2767,#2769);
#2771=EDGE_CURVE('',#2766,#2756,#2770,.T.);
#2772=ORIENTED_EDGE('',*,*,#2771,.F.);
#2773=CARTESIAN_POINT('',(240.68125,-119.425,1.505));
#2774=VERTEX_POINT('',#2773);
#2775=CARTESIAN_POINT('',(240.68125,-119.425,1.5));
#2776=DIRECTION('',(-1.,0.,0.));
#2777=VECTOR('',#2776,14.1);
#2778=LINE('',#2775,#2777);
#2779=EDGE_CURVE('',#2774,#2766,#2778,.T.);
#2780=ORIENTED_EDGE('',*,*,#2779,.F.);
#2781=CARTESIAN_POINT('',(240.68125,-133.525,1.5));
#2782=DIRECTION('',(0.,1.,0.));
#2783=VECTOR('',#2782,14.1);
#2784=LINE('',#2781,#2783);
#2785=EDGE_CURVE('',#2758,#2774,#2784,.T.);
#2786=ORIENTED_EDGE('',*,*,#2785,.F.);
#2787=EDGE_LOOP('',(#2764,#2772,#2780,#2786));
#2788=FACE_BOUND('',#2787,.T.);
#2789=CARTESIAN_POINT('',(250.39375,-133.525,1.505));
#2790=VERTEX_POINT('',#2789);
#2791=CARTESIAN_POINT('',(264.49375,-133.525,1.505));
#2792=VERTEX_POINT('',#2791);
#2793=CARTESIAN_POINT('',(250.39375,-133.525,1.5));
#2794=DIRECTION('',(1.,0.,-0.));
#2795=VECTOR('',#2794,14.1);
#2796=LINE('',#2793,#2795);
#2797=EDGE_CURVE('',#2790,#2792,#2796,.T.);
#2798=ORIENTED_EDGE('',*,*,#2797,.F.);
#2799=CARTESIAN_POINT('',(250.39375,-119.425,1.505));
#2800=VERTEX_POINT('',#2799);
#2801=CARTESIAN_POINT('',(250.39375,-119.425,1.5));
#2802=DIRECTION('',(0.,-1.,0.));
#2803=VECTOR('',#2802,14.1);
#2804=LINE('',#2801,#2803);
#2805=EDGE_CURVE('',#2800,#2790,#2804,.T.);
#2806=ORIENTED_EDGE('',*,*,#2805,.F.);
#2807=CARTESIAN_POINT('',(264.49375,-119.425,1.505));
#2808=VERTEX_POINT('',#2807);
#2809=CARTESIAN_POINT('',(264.49375,-119.425,1.5));
#2810=DIRECTION('',(-1.,0.,0.));
#2811=VECTOR('',#2810,14.1);
#2812=LINE('',#2809,#2811);
#2813=EDGE_CURVE('',#2808,#2800,#2812,.T.);
#2814=ORIENTED_EDGE('',*,*,#2813,.F.);
#2815=CARTESIAN_POINT('',(264.49375,-133.525,1.5));
#2816=DIRECTION('',(0.,1.,0.));
#2817=VECTOR('',#2816,14.1);
#2818=LINE('',#2815,#2817);
#2819=EDGE_CURVE('',#2792,#2808,#2818,.T.);
#2820=ORIENTED_EDGE('',*,*,#2819,.F.);
#2821=EDGE_LOOP('',(#2798,#2806,#2814,#2820));
#2822=FACE_BOUND('',#2821,.T.);
#2823=CARTESIAN_POINT('',(245.5375,-118.05,1.505));
#2824=VERTEX_POINT('',#2823);
#2825=CARTESIAN_POINT('',(245.5375,-116.95,1.5));
#2826=DIRECTION('',(-0.,-0.,-1.));
#2827=DIRECTION('',(1.,0.,-0.));
#2828=AXIS2_PLACEMENT_3D('',#2825,#2826,#2827);
#2829=CIRCLE('',#2828,1.1);
#2830=EDGE_CURVE('',#2824,#2824,#2829,.T.);
#2831=ORIENTED_EDGE('',*,*,#2830,.T.);
#2832=EDGE_LOOP('',(#2831));
#2833=FACE_BOUND('',#2832,.T.);
#2834=CARTESIAN_POINT('',(143.2375,-114.475,1.505));
#2835=VERTEX_POINT('',#2834);
#2836=CARTESIAN_POINT('',(157.3375,-114.475,1.505));
#2837=VERTEX_POINT('',#2836);
#2838=CARTESIAN_POINT('',(143.2375,-114.475,1.5));
#2839=DIRECTION('',(1.,0.,-0.));
#2840=VECTOR('',#2839,14.1);
#2841=LINE('',#2838,#2840);
#2842=EDGE_CURVE('',#2835,#2837,#2841,.T.);
#2843=ORIENTED_EDGE('',*,*,#2842,.F.);
#2844=CARTESIAN_POINT('',(143.2375,-100.375,1.505));
#2845=VERTEX_POINT('',#2844);
#2846=CARTESIAN_POINT('',(143.2375,-100.375,1.5));
#2847=DIRECTION('',(0.,-1.,0.));
#2848=VECTOR('',#2847,14.1);
#2849=LINE('',#2846,#2848);
#2850=EDGE_CURVE('',#2845,#2835,#2849,.T.);
#2851=ORIENTED_EDGE('',*,*,#2850,.F.);
#2852=CARTESIAN_POINT('',(157.3375,-100.375,1.505));
#2853=VERTEX_POINT('',#2852);
#2854=CARTESIAN_POINT('',(157.3375,-100.375,1.5));
#2855=DIRECTION('',(-1.,0.,0.));
#2856=VECTOR('',#2855,14.1);
#2857=LINE('',#2854,#2856);
#2858=EDGE_CURVE('',#2853,#2845,#2857,.T.);
#2859=ORIENTED_EDGE('',*,*,#2858,.F.);
#2860=CARTESIAN_POINT('',(157.3375,-114.475,1.5));
#2861=DIRECTION('',(0.,1.,0.));
#2862=VECTOR('',#2861,14.1);
#2863=LINE('',#2860,#2862);
#2864=EDGE_CURVE('',#2837,#2853,#2863,.T.);
#2865=ORIENTED_EDGE('',*,*,#2864,.F.);
#2866=EDGE_LOOP('',(#2843,#2851,#2859,#2865));
#2867=FACE_BOUND('',#2866,.T.);
#2868=CARTESIAN_POINT('',(162.2875,-114.475,1.505));
#2869=VERTEX_POINT('',#2868);
#2870=CARTESIAN_POINT('',(176.3875,-114.475,1.505));
#2871=VERTEX_POINT('',#2870);
#2872=CARTESIAN_POINT('',(162.2875,-114.475,1.5));
#2873=DIRECTION('',(1.,0.,-0.));
#2874=VECTOR('',#2873,14.1);
#2875=LINE('',#2872,#2874);
#2876=EDGE_CURVE('',#2869,#2871,#2875,.T.);
#2877=ORIENTED_EDGE('',*,*,#2876,.F.);
#2878=CARTESIAN_POINT('',(162.2875,-100.375,1.505));
#2879=VERTEX_POINT('',#2878);
#2880=CARTESIAN_POINT('',(162.2875,-100.375,1.5));
#2881=DIRECTION('',(0.,-1.,0.));
#2882=VECTOR('',#2881,14.1);
#2883=LINE('',#2880,#2882);
#2884=EDGE_CURVE('',#2879,#2869,#2883,.T.);
#2885=ORIENTED_EDGE('',*,*,#2884,.F.);
#2886=CARTESIAN_POINT('',(176.3875,-100.375,1.505));
#2887=VERTEX_POINT('',#2886);
#2888=CARTESIAN_POINT('',(176.3875,-100.375,1.5));
#2889=DIRECTION('',(-1.,0.,0.));
#2890=VECTOR('',#2889,14.1);
#2891=LINE('',#2888,#2890);
#2892=EDGE_CURVE('',#2887,#2879,#2891,.T.);
#2893=ORIENTED_EDGE('',*,*,#2892,.F.);
#2894=CARTESIAN_POINT('',(176.3875,-114.475,1.5));
#2895=DIRECTION('',(0.,1.,0.));
#2896=VECTOR('',#2895,14.1);
#2897=LINE('',#2894,#2896);
#2898=EDGE_CURVE('',#2871,#2887,#2897,.T.);
#2899=ORIENTED_EDGE('',*,*,#2898,.F.);
#2900=EDGE_LOOP('',(#2877,#2885,#2893,#2899));
#2901=FACE_BOUND('',#2900,.T.);
#2902=CARTESIAN_POINT('',(181.3375,-114.475,1.505));
#2903=VERTEX_POINT('',#2902);
#2904=CARTESIAN_POINT('',(195.4375,-114.475,1.505));
#2905=VERTEX_POINT('',#2904);
#2906=CARTESIAN_POINT('',(181.3375,-114.475,1.5));
#2907=DIRECTION('',(1.,0.,-0.));
#2908=VECTOR('',#2907,14.1);
#2909=LINE('',#2906,#2908);
#2910=EDGE_CURVE('',#2903,#2905,#2909,.T.);
#2911=ORIENTED_EDGE('',*,*,#2910,.F.);
#2912=CARTESIAN_POINT('',(181.3375,-100.375,1.505));
#2913=VERTEX_POINT('',#2912);
#2914=CARTESIAN_POINT('',(181.3375,-100.375,1.5));
#2915=DIRECTION('',(0.,-1.,0.));
#2916=VECTOR('',#2915,14.1);
#2917=LINE('',#2914,#2916);
#2918=EDGE_CURVE('',#2913,#2903,#2917,.T.);
#2919=ORIENTED_EDGE('',*,*,#2918,.F.);
#2920=CARTESIAN_POINT('',(195.4375,-100.375,1.505));
#2921=VERTEX_POINT('',#2920);
#2922=CARTESIAN_POINT('',(195.4375,-100.375,1.5));
#2923=DIRECTION('',(-1.,0.,0.));
#2924=VECTOR('',#2923,14.1);
#2925=LINE('',#2922,#2924);
#2926=EDGE_CURVE('',#2921,#2913,#2925,.T.);
#2927=ORIENTED_EDGE('',*,*,#2926,.F.);
#2928=CARTESIAN_POINT('',(195.4375,-114.475,1.5));
#2929=DIRECTION('',(0.,1.,0.));
#2930=VECTOR('',#2929,14.1);
#2931=LINE('',#2928,#2930);
#2932=EDGE_CURVE('',#2905,#2921,#2931,.T.);
#2933=ORIENTED_EDGE('',*,*,#2932,.F.);
#2934=EDGE_LOOP('',(#2911,#2919,#2927,#2933));
#2935=FACE_BOUND('',#2934,.T.);
#2936=CARTESIAN_POINT('',(200.3875,-114.475,1.505));
#2937=VERTEX_POINT('',#2936);
#2938=CARTESIAN_POINT('',(214.4875,-114.475,1.505));
#2939=VERTEX_POINT('',#2938);
#2940=CARTESIAN_POINT('',(200.3875,-114.475,1.5));
#2941=DIRECTION('',(1.,0.,-0.));
#2942=VECTOR('',#2941,14.1);
#2943=LINE('',#2940,#2942);
#2944=EDGE_CURVE('',#2937,#2939,#2943,.T.);
#2945=ORIENTED_EDGE('',*,*,#2944,.F.);
#2946=CARTESIAN_POINT('',(200.3875,-100.375,1.505));
#2947=VERTEX_POINT('',#2946);
#2948=CARTESIAN_POINT('',(200.3875,-100.375,1.5));
#2949=DIRECTION('',(0.,-1.,0.));
#2950=VECTOR('',#2949,14.1);
#2951=LINE('',#2948,#2950);
#2952=EDGE_CURVE('',#2947,#2937,#2951,.T.);
#2953=ORIENTED_EDGE('',*,*,#2952,.F.);
#2954=CARTESIAN_POINT('',(214.4875,-100.375,1.505));
#2955=VERTEX_POINT('',#2954);
#2956=CARTESIAN_POINT('',(214.4875,-100.375,1.5));
#2957=DIRECTION('',(-1.,0.,0.));
#2958=VECTOR('',#2957,14.1);
#2959=LINE('',#2956,#2958);
#2960=EDGE_CURVE('',#2955,#2947,#2959,.T.);
#2961=ORIENTED_EDGE('',*,*,#2960,.F.);
#2962=CARTESIAN_POINT('',(214.4875,-114.475,1.5));
#2963=DIRECTION('',(0.,1.,0.));
#2964=VECTOR('',#2963,14.1);
#2965=LINE('',#2962,#2964);
#2966=EDGE_CURVE('',#2939,#2955,#2965,.T.);
#2967=ORIENTED_EDGE('',*,*,#2966,.F.);
#2968=EDGE_LOOP('',(#2945,#2953,#2961,#2967));
#2969=FACE_BOUND('',#2968,.T.);
#2970=CARTESIAN_POINT('',(219.4375,-114.475,1.505));
#2971=VERTEX_POINT('',#2970);
#2972=CARTESIAN_POINT('',(233.5375,-114.475,1.505));
#2973=VERTEX_POINT('',#2972);
#2974=CARTESIAN_POINT('',(219.4375,-114.475,1.5));
#2975=DIRECTION('',(1.,0.,-0.));
#2976=VECTOR('',#2975,14.1);
#2977=LINE('',#2974,#2976);
#2978=EDGE_CURVE('',#2971,#2973,#2977,.T.);
#2979=ORIENTED_EDGE('',*,*,#2978,.F.);
#2980=CARTESIAN_POINT('',(219.4375,-100.375,1.505));
#2981=VERTEX_POINT('',#2980);
#2982=CARTESIAN_POINT('',(219.4375,-100.375,1.5));
#2983=DIRECTION('',(0.,-1.,0.));
#2984=VECTOR('',#2983,14.1);
#2985=LINE('',#2982,#2984);
#2986=EDGE_CURVE('',#2981,#2971,#2985,.T.);
#2987=ORIENTED_EDGE('',*,*,#2986,.F.);
#2988=CARTESIAN_POINT('',(233.5375,-100.375,1.505));
#2989=VERTEX_POINT('',#2988);
#2990=CARTESIAN_POINT('',(233.5375,-100.375,1.5));
#2991=DIRECTION('',(-1.,0.,0.));
#2992=VECTOR('',#2991,14.1);
#2993=LINE('',#2990,#2992);
#2994=EDGE_CURVE('',#2989,#2981,#2993,.T.);
#2995=ORIENTED_EDGE('',*,*,#2994,.F.);
#2996=CARTESIAN_POINT('',(233.5375,-114.475,1.5));
#2997=DIRECTION('',(0.,1.,0.));
#2998=VECTOR('',#2997,14.1);
#2999=LINE('',#2996,#2998);
#3000=EDGE_CURVE('',#2973,#2989,#2999,.T.);
#3001=ORIENTED_EDGE('',*,*,#3000,.F.);
#3002=EDGE_LOOP('',(#2979,#2987,#2995,#3001));
#3003=FACE_BOUND('',#3002,.T.);
#3004=CARTESIAN_POINT('',(245.63125,-114.475,1.505));
#3005=VERTEX_POINT('',#3004);
#3006=CARTESIAN_POINT('',(259.73125,-114.475,1.505));
#3007=VERTEX_POINT('',#3006);
#3008=CARTESIAN_POINT('',(245.63125,-114.475,1.5));
#3009=DIRECTION('',(1.,0.,-0.));
#3010=VECTOR('',#3009,14.1);
#3011=LINE('',#3008,#3010);
#3012=EDGE_CURVE('',#3005,#3007,#3011,.T.);
#3013=ORIENTED_EDGE('',*,*,#3012,.F.);
#3014=CARTESIAN_POINT('',(245.63125,-100.375,1.505));
#3015=VERTEX_POINT('',#3014);
#3016=CARTESIAN_POINT('',(245.63125,-100.375,1.5));
#3017=DIRECTION('',(0.,-1.,0.));
#3018=VECTOR('',#3017,14.1);
#3019=LINE('',#3016,#3018);
#3020=EDGE_CURVE('',#3015,#3005,#3019,.T.);
#3021=ORIENTED_EDGE('',*,*,#3020,.F.);
#3022=CARTESIAN_POINT('',(259.73125,-100.375,1.505));
#3023=VERTEX_POINT('',#3022);
#3024=CARTESIAN_POINT('',(259.73125,-100.375,1.5));
#3025=DIRECTION('',(-1.,0.,0.));
#3026=VECTOR('',#3025,14.1);
#3027=LINE('',#3024,#3026);
#3028=EDGE_CURVE('',#3023,#3015,#3027,.T.);
#3029=ORIENTED_EDGE('',*,*,#3028,.F.);
#3030=CARTESIAN_POINT('',(259.73125,-114.475,1.5));
#3031=DIRECTION('',(0.,1.,0.));
#3032=VECTOR('',#3031,14.1);
#3033=LINE('',#3030,#3032);
#3034=EDGE_CURVE('',#3007,#3023,#3033,.T.);
#3035=ORIENTED_EDGE('',*,*,#3034,.F.);
#3036=EDGE_LOOP('',(#3013,#3021,#3029,#3035));
#3037=FACE_BOUND('',#3036,.T.);
#3038=CARTESIAN_POINT('',(36.08125,-95.425,1.505));
#3039=VERTEX_POINT('',#3038);
#3040=CARTESIAN_POINT('',(50.18125,-95.425,1.505));
#3041=VERTEX_POINT('',#3040);
#3042=CARTESIAN_POINT('',(36.08125,-95.425,1.5));
#3043=DIRECTION('',(1.,0.,-0.));
#3044=VECTOR('',#3043,14.1);
#3045=LINE('',#3042,#3044);
#3046=EDGE_CURVE('',#3039,#3041,#3045,.T.);
#3047=ORIENTED_EDGE('',*,*,#3046,.F.);
#3048=CARTESIAN_POINT('',(36.08125,-81.325,1.505));
#3049=VERTEX_POINT('',#3048);
#3050=CARTESIAN_POINT('',(36.08125,-81.325,1.5));
#3051=DIRECTION('',(0.,-1.,0.));
#3052=VECTOR('',#3051,14.1);
#3053=LINE('',#3050,#3052);
#3054=EDGE_CURVE('',#3049,#3039,#3053,.T.);
#3055=ORIENTED_EDGE('',*,*,#3054,.F.);
#3056=CARTESIAN_POINT('',(50.18125,-81.325,1.505));
#3057=VERTEX_POINT('',#3056);
#3058=CARTESIAN_POINT('',(50.18125,-81.325,1.5));
#3059=DIRECTION('',(-1.,0.,0.));
#3060=VECTOR('',#3059,14.1);
#3061=LINE('',#3058,#3060);
#3062=EDGE_CURVE('',#3057,#3049,#3061,.T.);
#3063=ORIENTED_EDGE('',*,*,#3062,.F.);
#3064=CARTESIAN_POINT('',(50.18125,-95.425,1.5));
#3065=DIRECTION('',(0.,1.,0.));
#3066=VECTOR('',#3065,14.1);
#3067=LINE('',#3064,#3066);
#3068=EDGE_CURVE('',#3041,#3057,#3067,.T.);
#3069=ORIENTED_EDGE('',*,*,#3068,.F.);
#3070=EDGE_LOOP('',(#3047,#3055,#3063,#3069));
#3071=FACE_BOUND('',#3070,.T.);
#3072=CARTESIAN_POINT('',(57.5125,-95.425,1.505));
#3073=VERTEX_POINT('',#3072);
#3074=CARTESIAN_POINT('',(71.6125,-95.425,1.505));
#3075=VERTEX_POINT('',#3074);
#3076=CARTESIAN_POINT('',(57.5125,-95.425,1.5));
#3077=DIRECTION('',(1.,0.,-0.));
#3078=VECTOR('',#3077,14.1);
#3079=LINE('',#3076,#3078);
#3080=EDGE_CURVE('',#3073,#3075,#3079,.T.);
#3081=ORIENTED_EDGE('',*,*,#3080,.F.);
#3082=CARTESIAN_POINT('',(57.5125,-81.325,1.505));
#3083=VERTEX_POINT('',#3082);
#3084=CARTESIAN_POINT('',(57.5125,-81.325,1.5));
#3085=DIRECTION('',(0.,-1.,0.));
#3086=VECTOR('',#3085,14.1);
#3087=LINE('',#3084,#3086);
#3088=EDGE_CURVE('',#3083,#3073,#3087,.T.);
#3089=ORIENTED_EDGE('',*,*,#3088,.F.);
#3090=CARTESIAN_POINT('',(71.6125,-81.325,1.505));
#3091=VERTEX_POINT('',#3090);
#3092=CARTESIAN_POINT('',(71.6125,-81.325,1.5));
#3093=DIRECTION('',(-1.,0.,0.));
#3094=VECTOR('',#3093,14.1);
#3095=LINE('',#3092,#3094);
#3096=EDGE_CURVE('',#3091,#3083,#3095,.T.);
#3097=ORIENTED_EDGE('',*,*,#3096,.F.);
#3098=CARTESIAN_POINT('',(71.6125,-95.425,1.5));
#3099=DIRECTION('',(0.,1.,0.));
#3100=VECTOR('',#3099,14.1);
#3101=LINE('',#3098,#3100);
#3102=EDGE_CURVE('',#3075,#3091,#3101,.T.);
#3103=ORIENTED_EDGE('',*,*,#3102,.F.);
#3104=EDGE_LOOP('',(#3081,#3089,#3097,#3103));
#3105=FACE_BOUND('',#3104,.T.);
#3106=CARTESIAN_POINT('',(76.5625,-95.425,1.505));
#3107=VERTEX_POINT('',#3106);
#3108=CARTESIAN_POINT('',(90.6625,-95.425,1.505));
#3109=VERTEX_POINT('',#3108);
#3110=CARTESIAN_POINT('',(76.5625,-95.425,1.5));
#3111=DIRECTION('',(1.,0.,-0.));
#3112=VECTOR('',#3111,14.1);
#3113=LINE('',#3110,#3112);
#3114=EDGE_CURVE('',#3107,#3109,#3113,.T.);
#3115=ORIENTED_EDGE('',*,*,#3114,.F.);
#3116=CARTESIAN_POINT('',(76.5625,-81.325,1.505));
#3117=VERTEX_POINT('',#3116);
#3118=CARTESIAN_POINT('',(76.5625,-81.325,1.5));
#3119=DIRECTION('',(0.,-1.,0.));
#3120=VECTOR('',#3119,14.1);
#3121=LINE('',#3118,#3120);
#3122=EDGE_CURVE('',#3117,#3107,#3121,.T.);
#3123=ORIENTED_EDGE('',*,*,#3122,.F.);
#3124=CARTESIAN_POINT('',(90.6625,-81.325,1.505));
#3125=VERTEX_POINT('',#3124);
#3126=CARTESIAN_POINT('',(90.6625,-81.325,1.5));
#3127=DIRECTION('',(-1.,0.,0.));
#3128=VECTOR('',#3127,14.1);
#3129=LINE('',#3126,#3128);
#3130=EDGE_CURVE('',#3125,#3117,#3129,.T.);
#3131=ORIENTED_EDGE('',*,*,#3130,.F.);
#3132=CARTESIAN_POINT('',(90.6625,-95.425,1.5));
#3133=DIRECTION('',(0.,1.,0.));
#3134=VECTOR('',#3133,14.1);
#3135=LINE('',#3132,#3134);
#3136=EDGE_CURVE('',#3109,#3125,#3135,.T.);
#3137=ORIENTED_EDGE('',*,*,#3136,.F.);
#3138=EDGE_LOOP('',(#3115,#3123,#3131,#3137));
#3139=FACE_BOUND('',#3138,.T.);
#3140=CARTESIAN_POINT('',(95.6125,-95.425,1.505));
#3141=VERTEX_POINT('',#3140);
#3142=CARTESIAN_POINT('',(109.7125,-95.425,1.505));
#3143=VERTEX_POINT('',#3142);
#3144=CARTESIAN_POINT('',(95.6125,-95.425,1.5));
#3145=DIRECTION('',(1.,0.,-0.));
#3146=VECTOR('',#3145,14.1);
#3147=LINE('',#3144,#3146);
#3148=EDGE_CURVE('',#3141,#3143,#3147,.T.);
#3149=ORIENTED_EDGE('',*,*,#3148,.F.);
#3150=CARTESIAN_POINT('',(95.6125,-81.325,1.505));
#3151=VERTEX_POINT('',#3150);
#3152=CARTESIAN_POINT('',(95.6125,-81.325,1.5));
#3153=DIRECTION('',(0.,-1.,0.));
#3154=VECTOR('',#3153,14.1);
#3155=LINE('',#3152,#3154);
#3156=EDGE_CURVE('',#3151,#3141,#3155,.T.);
#3157=ORIENTED_EDGE('',*,*,#3156,.F.);
#3158=CARTESIAN_POINT('',(109.7125,-81.325,1.505));
#3159=VERTEX_POINT('',#3158);
#3160=CARTESIAN_POINT('',(109.7125,-81.325,1.5));
#3161=DIRECTION('',(-1.,0.,0.));
#3162=VECTOR('',#3161,14.1);
#3163=LINE('',#3160,#3162);
#3164=EDGE_CURVE('',#3159,#3151,#3163,.T.);
#3165=ORIENTED_EDGE('',*,*,#3164,.F.);
#3166=CARTESIAN_POINT('',(109.7125,-95.425,1.5));
#3167=DIRECTION('',(0.,1.,0.));
#3168=VECTOR('',#3167,14.1);
#3169=LINE('',#3166,#3168);
#3170=EDGE_CURVE('',#3143,#3159,#3169,.T.);
#3171=ORIENTED_EDGE('',*,*,#3170,.F.);
#3172=EDGE_LOOP('',(#3149,#3157,#3165,#3171));
#3173=FACE_BOUND('',#3172,.T.);
#3174=CARTESIAN_POINT('',(114.6625,-95.425,1.505));
#3175=VERTEX_POINT('',#3174);
#3176=CARTESIAN_POINT('',(128.7625,-95.425,1.505));
#3177=VERTEX_POINT('',#3176);
#3178=CARTESIAN_POINT('',(114.6625,-95.425,1.5));
#3179=DIRECTION('',(1.,0.,-0.));
#3180=VECTOR('',#3179,14.1);
#3181=LINE('',#3178,#3180);
#3182=EDGE_CURVE('',#3175,#3177,#3181,.T.);
#3183=ORIENTED_EDGE('',*,*,#3182,.F.);
#3184=CARTESIAN_POINT('',(114.6625,-81.325,1.505));
#3185=VERTEX_POINT('',#3184);
#3186=CARTESIAN_POINT('',(114.6625,-81.325,1.5));
#3187=DIRECTION('',(0.,-1.,0.));
#3188=VECTOR('',#3187,14.1);
#3189=LINE('',#3186,#3188);
#3190=EDGE_CURVE('',#3185,#3175,#3189,.T.);
#3191=ORIENTED_EDGE('',*,*,#3190,.F.);
#3192=CARTESIAN_POINT('',(128.7625,-81.325,1.505));
#3193=VERTEX_POINT('',#3192);
#3194=CARTESIAN_POINT('',(128.7625,-81.325,1.5));
#3195=DIRECTION('',(-1.,0.,0.));
#3196=VECTOR('',#3195,14.1);
#3197=LINE('',#3194,#3196);
#3198=EDGE_CURVE('',#3193,#3185,#3197,.T.);
#3199=ORIENTED_EDGE('',*,*,#3198,.F.);
#3200=CARTESIAN_POINT('',(128.7625,-95.425,1.5));
#3201=DIRECTION('',(0.,1.,0.));
#3202=VECTOR('',#3201,14.1);
#3203=LINE('',#3200,#3202);
#3204=EDGE_CURVE('',#3177,#3193,#3203,.T.);
#3205=ORIENTED_EDGE('',*,*,#3204,.F.);
#3206=EDGE_LOOP('',(#3183,#3191,#3199,#3205));
#3207=FACE_BOUND('',#3206,.T.);
#3208=CARTESIAN_POINT('',(133.7125,-95.425,1.505));
#3209=VERTEX_POINT('',#3208);
#3210=CARTESIAN_POINT('',(147.8125,-95.425,1.505));
#3211=VERTEX_POINT('',#3210);
#3212=CARTESIAN_POINT('',(133.7125,-95.425,1.5));
#3213=DIRECTION('',(1.,0.,-0.));
#3214=VECTOR('',#3213,14.1);
#3215=LINE('',#3212,#3214);
#3216=EDGE_CURVE('',#3209,#3211,#3215,.T.);
#3217=ORIENTED_EDGE('',*,*,#3216,.F.);
#3218=CARTESIAN_POINT('',(133.7125,-81.325,1.505));
#3219=VERTEX_POINT('',#3218);
#3220=CARTESIAN_POINT('',(133.7125,-81.325,1.5));
#3221=DIRECTION('',(0.,-1.,0.));
#3222=VECTOR('',#3221,14.1);
#3223=LINE('',#3220,#3222);
#3224=EDGE_CURVE('',#3219,#3209,#3223,.T.);
#3225=ORIENTED_EDGE('',*,*,#3224,.F.);
#3226=CARTESIAN_POINT('',(147.8125,-81.325,1.505));
#3227=VERTEX_POINT('',#3226);
#3228=CARTESIAN_POINT('',(147.8125,-81.325,1.5));
#3229=DIRECTION('',(-1.,0.,0.));
#3230=VECTOR('',#3229,14.1);
#3231=LINE('',#3228,#3230);
#3232=EDGE_CURVE('',#3227,#3219,#3231,.T.);
#3233=ORIENTED_EDGE('',*,*,#3232,.F.);
#3234=CARTESIAN_POINT('',(147.8125,-95.425,1.5));
#3235=DIRECTION('',(0.,1.,0.));
#3236=VECTOR('',#3235,14.1);
#3237=LINE('',#3234,#3236);
#3238=EDGE_CURVE('',#3211,#3227,#3237,.T.);
#3239=ORIENTED_EDGE('',*,*,#3238,.F.);
#3240=EDGE_LOOP('',(#3217,#3225,#3233,#3239));
#3241=FACE_BOUND('',#3240,.T.);
#3242=CARTESIAN_POINT('',(33.7,-76.375,1.505));
#3243=VERTEX_POINT('',#3242);
#3244=CARTESIAN_POINT('',(47.8,-76.375,1.505));
#3245=VERTEX_POINT('',#3244);
#3246=CARTESIAN_POINT('',(33.7,-76.375,1.5));
#3247=DIRECTION('',(1.,0.,-0.));
#3248=VECTOR('',#3247,14.1);
#3249=LINE('',#3246,#3248);
#3250=EDGE_CURVE('',#3243,#3245,#3249,.T.);
#3251=ORIENTED_EDGE('',*,*,#3250,.F.);
#3252=CARTESIAN_POINT('',(33.7,-62.275,1.505));
#3253=VERTEX_POINT('',#3252);
#3254=CARTESIAN_POINT('',(33.7,-62.275,1.5));
#3255=DIRECTION('',(0.,-1.,0.));
#3256=VECTOR('',#3255,14.1);
#3257=LINE('',#3254,#3256);
#3258=EDGE_CURVE('',#3253,#3243,#3257,.T.);
#3259=ORIENTED_EDGE('',*,*,#3258,.F.);
#3260=CARTESIAN_POINT('',(47.8,-62.275,1.505));
#3261=VERTEX_POINT('',#3260);
#3262=CARTESIAN_POINT('',(47.8,-62.275,1.5));
#3263=DIRECTION('',(-1.,0.,0.));
#3264=VECTOR('',#3263,14.1);
#3265=LINE('',#3262,#3264);
#3266=EDGE_CURVE('',#3261,#3253,#3265,.T.);
#3267=ORIENTED_EDGE('',*,*,#3266,.F.);
#3268=CARTESIAN_POINT('',(47.8,-76.375,1.5));
#3269=DIRECTION('',(0.,1.,0.));
#3270=VECTOR('',#3269,14.1);
#3271=LINE('',#3268,#3270);
#3272=EDGE_CURVE('',#3245,#3261,#3271,.T.);
#3273=ORIENTED_EDGE('',*,*,#3272,.F.);
#3274=EDGE_LOOP('',(#3251,#3259,#3267,#3273));
#3275=FACE_BOUND('',#3274,.T.);
#3276=CARTESIAN_POINT('',(52.75,-76.375,1.505));
#3277=VERTEX_POINT('',#3276);
#3278=CARTESIAN_POINT('',(66.85,-76.375,1.505));
#3279=VERTEX_POINT('',#3278);
#3280=CARTESIAN_POINT('',(52.75,-76.375,1.5));
#3281=DIRECTION('',(1.,0.,-0.));
#3282=VECTOR('',#3281,14.1);
#3283=LINE('',#3280,#3282);
#3284=EDGE_CURVE('',#3277,#3279,#3283,.T.);
#3285=ORIENTED_EDGE('',*,*,#3284,.F.);
#3286=CARTESIAN_POINT('',(52.75,-62.275,1.505));
#3287=VERTEX_POINT('',#3286);
#3288=CARTESIAN_POINT('',(52.75,-62.275,1.5));
#3289=DIRECTION('',(0.,-1.,0.));
#3290=VECTOR('',#3289,14.1);
#3291=LINE('',#3288,#3290);
#3292=EDGE_CURVE('',#3287,#3277,#3291,.T.);
#3293=ORIENTED_EDGE('',*,*,#3292,.F.);
#3294=CARTESIAN_POINT('',(66.85,-62.275,1.505));
#3295=VERTEX_POINT('',#3294);
#3296=CARTESIAN_POINT('',(66.85,-62.275,1.5));
#3297=DIRECTION('',(-1.,0.,0.));
#3298=VECTOR('',#3297,14.1);
#3299=LINE('',#3296,#3298);
#3300=EDGE_CURVE('',#3295,#3287,#3299,.T.);
#3301=ORIENTED_EDGE('',*,*,#3300,.F.);
#3302=CARTESIAN_POINT('',(66.85,-76.375,1.5));
#3303=DIRECTION('',(0.,1.,0.));
#3304=VECTOR('',#3303,14.1);
#3305=LINE('',#3302,#3304);
#3306=EDGE_CURVE('',#3279,#3295,#3305,.T.);
#3307=ORIENTED_EDGE('',*,*,#3306,.F.);
#3308=EDGE_LOOP('',(#3285,#3293,#3301,#3307));
#3309=FACE_BOUND('',#3308,.T.);
#3310=CARTESIAN_POINT('',(71.8,-76.375,1.505));
#3311=VERTEX_POINT('',#3310);
#3312=CARTESIAN_POINT('',(85.9,-76.375,1.505));
#3313=VERTEX_POINT('',#3312);
#3314=CARTESIAN_POINT('',(71.8,-76.375,1.5));
#3315=DIRECTION('',(1.,0.,-0.));
#3316=VECTOR('',#3315,14.1);
#3317=LINE('',#3314,#3316);
#3318=EDGE_CURVE('',#3311,#3313,#3317,.T.);
#3319=ORIENTED_EDGE('',*,*,#3318,.F.);
#3320=CARTESIAN_POINT('',(71.8,-62.275,1.505));
#3321=VERTEX_POINT('',#3320);
#3322=CARTESIAN_POINT('',(71.8,-62.275,1.5));
#3323=DIRECTION('',(0.,-1.,0.));
#3324=VECTOR('',#3323,14.1);
#3325=LINE('',#3322,#3324);
#3326=EDGE_CURVE('',#3321,#3311,#3325,.T.);
#3327=ORIENTED_EDGE('',*,*,#3326,.F.);
#3328=CARTESIAN_POINT('',(85.9,-62.275,1.505));
#3329=VERTEX_POINT('',#3328);
#3330=CARTESIAN_POINT('',(85.9,-62.275,1.5));
#3331=DIRECTION('',(-1.,0.,0.));
#3332=VECTOR('',#3331,14.1);
#3333=LINE('',#3330,#3332);
#3334=EDGE_CURVE('',#3329,#3321,#3333,.T.);
#3335=ORIENTED_EDGE('',*,*,#3334,.F.);
#3336=CARTESIAN_POINT('',(85.9,-76.375,1.5));
#3337=DIRECTION('',(0.,1.,0.));
#3338=VECTOR('',#3337,14.1);
#3339=LINE('',#3336,#3338);
#3340=EDGE_CURVE('',#3313,#3329,#3339,.T.);
#3341=ORIENTED_EDGE('',*,*,#3340,.F.);
#3342=EDGE_LOOP('',(#3319,#3327,#3335,#3341));
#3343=FACE_BOUND('',#3342,.T.);
#3344=CARTESIAN_POINT('',(93.1375,-79.95,1.505));
#3345=VERTEX_POINT('',#3344);
#3346=CARTESIAN_POINT('',(93.1375,-78.85,1.5));
#3347=DIRECTION('',(-0.,-0.,-1.));
#3348=DIRECTION('',(1.,0.,-0.));
#3349=AXIS2_PLACEMENT_3D('',#3346,#3347,#3348);
#3350=CIRCLE('',#3349,1.1);
#3351=EDGE_CURVE('',#3345,#3345,#3350,.T.);
#3352=ORIENTED_EDGE('',*,*,#3351,.T.);
#3353=EDGE_LOOP('',(#3352));
#3354=FACE_BOUND('',#3353,.T.);
#3355=CARTESIAN_POINT('',(90.85,-76.375,1.505));
#3356=VERTEX_POINT('',#3355);
#3357=CARTESIAN_POINT('',(104.95,-76.375,1.505));
#3358=VERTEX_POINT('',#3357);
#3359=CARTESIAN_POINT('',(90.85,-76.375,1.5));
#3360=DIRECTION('',(1.,0.,-0.));
#3361=VECTOR('',#3360,14.1);
#3362=LINE('',#3359,#3361);
#3363=EDGE_CURVE('',#3356,#3358,#3362,.T.);
#3364=ORIENTED_EDGE('',*,*,#3363,.F.);
#3365=CARTESIAN_POINT('',(90.85,-62.275,1.505));
#3366=VERTEX_POINT('',#3365);
#3367=CARTESIAN_POINT('',(90.85,-62.275,1.5));
#3368=DIRECTION('',(0.,-1.,0.));
#3369=VECTOR('',#3368,14.1);
#3370=LINE('',#3367,#3369);
#3371=EDGE_CURVE('',#3366,#3356,#3370,.T.);
#3372=ORIENTED_EDGE('',*,*,#3371,.F.);
#3373=CARTESIAN_POINT('',(104.95,-62.275,1.505));
#3374=VERTEX_POINT('',#3373);
#3375=CARTESIAN_POINT('',(104.95,-62.275,1.5));
#3376=DIRECTION('',(-1.,0.,0.));
#3377=VECTOR('',#3376,14.1);
#3378=LINE('',#3375,#3377);
#3379=EDGE_CURVE('',#3374,#3366,#3378,.T.);
#3380=ORIENTED_EDGE('',*,*,#3379,.F.);
#3381=CARTESIAN_POINT('',(104.95,-76.375,1.5));
#3382=DIRECTION('',(0.,1.,0.));
#3383=VECTOR('',#3382,14.1);
#3384=LINE('',#3381,#3383);
#3385=EDGE_CURVE('',#3358,#3374,#3384,.T.);
#3386=ORIENTED_EDGE('',*,*,#3385,.F.);
#3387=EDGE_LOOP('',(#3364,#3372,#3380,#3386));
#3388=FACE_BOUND('',#3387,.T.);
#3389=CARTESIAN_POINT('',(109.9,-76.375,1.505));
#3390=VERTEX_POINT('',#3389);
#3391=CARTESIAN_POINT('',(124.,-76.375,1.505));
#3392=VERTEX_POINT('',#3391);
#3393=CARTESIAN_POINT('',(109.9,-76.375,1.5));
#3394=DIRECTION('',(1.,0.,-0.));
#3395=VECTOR('',#3394,14.1);
#3396=LINE('',#3393,#3395);
#3397=EDGE_CURVE('',#3390,#3392,#3396,.T.);
#3398=ORIENTED_EDGE('',*,*,#3397,.F.);
#3399=CARTESIAN_POINT('',(109.9,-62.275,1.505));
#3400=VERTEX_POINT('',#3399);
#3401=CARTESIAN_POINT('',(109.9,-62.275,1.5));
#3402=DIRECTION('',(0.,-1.,0.));
#3403=VECTOR('',#3402,14.1);
#3404=LINE('',#3401,#3403);
#3405=EDGE_CURVE('',#3400,#3390,#3404,.T.);
#3406=ORIENTED_EDGE('',*,*,#3405,.F.);
#3407=CARTESIAN_POINT('',(124.,-62.275,1.505));
#3408=VERTEX_POINT('',#3407);
#3409=CARTESIAN_POINT('',(124.,-62.275,1.5));
#3410=DIRECTION('',(-1.,0.,0.));
#3411=VECTOR('',#3410,14.1);
#3412=LINE('',#3409,#3411);
#3413=EDGE_CURVE('',#3408,#3400,#3412,.T.);
#3414=ORIENTED_EDGE('',*,*,#3413,.F.);
#3415=CARTESIAN_POINT('',(124.,-76.375,1.5));
#3416=DIRECTION('',(0.,1.,0.));
#3417=VECTOR('',#3416,14.1);
#3418=LINE('',#3415,#3417);
#3419=EDGE_CURVE('',#3392,#3408,#3418,.T.);
#3420=ORIENTED_EDGE('',*,*,#3419,.F.);
#3421=EDGE_LOOP('',(#3398,#3406,#3414,#3420));
#3422=FACE_BOUND('',#3421,.T.);
#3423=CARTESIAN_POINT('',(128.95,-76.375,1.505));
#3424=VERTEX_POINT('',#3423);
#3425=CARTESIAN_POINT('',(143.05,-76.375,1.505));
#3426=VERTEX_POINT('',#3425);
#3427=CARTESIAN_POINT('',(128.95,-76.375,1.5));
#3428=DIRECTION('',(1.,0.,-0.));
#3429=VECTOR('',#3428,14.1);
#3430=LINE('',#3427,#3429);
#3431=EDGE_CURVE('',#3424,#3426,#3430,.T.);
#3432=ORIENTED_EDGE('',*,*,#3431,.F.);
#3433=CARTESIAN_POINT('',(128.95,-62.275,1.505));
#3434=VERTEX_POINT('',#3433);
#3435=CARTESIAN_POINT('',(128.95,-62.275,1.5));
#3436=DIRECTION('',(0.,-1.,0.));
#3437=VECTOR('',#3436,14.1);
#3438=LINE('',#3435,#3437);
#3439=EDGE_CURVE('',#3434,#3424,#3438,.T.);
#3440=ORIENTED_EDGE('',*,*,#3439,.F.);
#3441=CARTESIAN_POINT('',(143.05,-62.275,1.505));
#3442=VERTEX_POINT('',#3441);
#3443=CARTESIAN_POINT('',(143.05,-62.275,1.5));
#3444=DIRECTION('',(-1.,0.,0.));
#3445=VECTOR('',#3444,14.1);
#3446=LINE('',#3443,#3445);
#3447=EDGE_CURVE('',#3442,#3434,#3446,.T.);
#3448=ORIENTED_EDGE('',*,*,#3447,.F.);
#3449=CARTESIAN_POINT('',(143.05,-76.375,1.5));
#3450=DIRECTION('',(0.,1.,0.));
#3451=VECTOR('',#3450,14.1);
#3452=LINE('',#3449,#3451);
#3453=EDGE_CURVE('',#3426,#3442,#3452,.T.);
#3454=ORIENTED_EDGE('',*,*,#3453,.F.);
#3455=EDGE_LOOP('',(#3432,#3440,#3448,#3454));
#3456=FACE_BOUND('',#3455,.T.);
#3457=CARTESIAN_POINT('',(152.7625,-95.425,1.505));
#3458=VERTEX_POINT('',#3457);
#3459=CARTESIAN_POINT('',(166.8625,-95.425,1.505));
#3460=VERTEX_POINT('',#3459);
#3461=CARTESIAN_POINT('',(152.7625,-95.425,1.5));
#3462=DIRECTION('',(1.,0.,-0.));
#3463=VECTOR('',#3462,14.1);
#3464=LINE('',#3461,#3463);
#3465=EDGE_CURVE('',#3458,#3460,#3464,.T.);
#3466=ORIENTED_EDGE('',*,*,#3465,.F.);
#3467=CARTESIAN_POINT('',(152.7625,-81.325,1.505));
#3468=VERTEX_POINT('',#3467);
#3469=CARTESIAN_POINT('',(152.7625,-81.325,1.5));
#3470=DIRECTION('',(0.,-1.,0.));
#3471=VECTOR('',#3470,14.1);
#3472=LINE('',#3469,#3471);
#3473=EDGE_CURVE('',#3468,#3458,#3472,.T.);
#3474=ORIENTED_EDGE('',*,*,#3473,.F.);
#3475=CARTESIAN_POINT('',(166.8625,-81.325,1.505));
#3476=VERTEX_POINT('',#3475);
#3477=CARTESIAN_POINT('',(166.8625,-81.325,1.5));
#3478=DIRECTION('',(-1.,0.,0.));
#3479=VECTOR('',#3478,14.1);
#3480=LINE('',#3477,#3479);
#3481=EDGE_CURVE('',#3476,#3468,#3480,.T.);
#3482=ORIENTED_EDGE('',*,*,#3481,.F.);
#3483=CARTESIAN_POINT('',(166.8625,-95.425,1.5));
#3484=DIRECTION('',(0.,1.,0.));
#3485=VECTOR('',#3484,14.1);
#3486=LINE('',#3483,#3485);
#3487=EDGE_CURVE('',#3460,#3476,#3486,.T.);
#3488=ORIENTED_EDGE('',*,*,#3487,.F.);
#3489=EDGE_LOOP('',(#3466,#3474,#3482,#3488));
#3490=FACE_BOUND('',#3489,.T.);
#3491=CARTESIAN_POINT('',(171.8125,-95.425,1.505));
#3492=VERTEX_POINT('',#3491);
#3493=CARTESIAN_POINT('',(185.9125,-95.425,1.505));
#3494=VERTEX_POINT('',#3493);
#3495=CARTESIAN_POINT('',(171.8125,-95.425,1.5));
#3496=DIRECTION('',(1.,0.,-0.));
#3497=VECTOR('',#3496,14.1);
#3498=LINE('',#3495,#3497);
#3499=EDGE_CURVE('',#3492,#3494,#3498,.T.);
#3500=ORIENTED_EDGE('',*,*,#3499,.F.);
#3501=CARTESIAN_POINT('',(171.8125,-81.325,1.505));
#3502=VERTEX_POINT('',#3501);
#3503=CARTESIAN_POINT('',(171.8125,-81.325,1.5));
#3504=DIRECTION('',(0.,-1.,0.));
#3505=VECTOR('',#3504,14.1);
#3506=LINE('',#3503,#3505);
#3507=EDGE_CURVE('',#3502,#3492,#3506,.T.);
#3508=ORIENTED_EDGE('',*,*,#3507,.F.);
#3509=CARTESIAN_POINT('',(185.9125,-81.325,1.505));
#3510=VERTEX_POINT('',#3509);
#3511=CARTESIAN_POINT('',(185.9125,-81.325,1.5));
#3512=DIRECTION('',(-1.,0.,0.));
#3513=VECTOR('',#3512,14.1);
#3514=LINE('',#3511,#3513);
#3515=EDGE_CURVE('',#3510,#3502,#3514,.T.);
#3516=ORIENTED_EDGE('',*,*,#3515,.F.);
#3517=CARTESIAN_POINT('',(185.9125,-95.425,1.5));
#3518=DIRECTION('',(0.,1.,0.));
#3519=VECTOR('',#3518,14.1);
#3520=LINE('',#3517,#3519);
#3521=EDGE_CURVE('',#3494,#3510,#3520,.T.);
#3522=ORIENTED_EDGE('',*,*,#3521,.F.);
#3523=EDGE_LOOP('',(#3500,#3508,#3516,#3522));
#3524=FACE_BOUND('',#3523,.T.);
#3525=CARTESIAN_POINT('',(190.8625,-95.425,1.505));
#3526=VERTEX_POINT('',#3525);
#3527=CARTESIAN_POINT('',(204.9625,-95.425,1.505));
#3528=VERTEX_POINT('',#3527);
#3529=CARTESIAN_POINT('',(190.8625,-95.425,1.5));
#3530=DIRECTION('',(1.,0.,-0.));
#3531=VECTOR('',#3530,14.1);
#3532=LINE('',#3529,#3531);
#3533=EDGE_CURVE('',#3526,#3528,#3532,.T.);
#3534=ORIENTED_EDGE('',*,*,#3533,.F.);
#3535=CARTESIAN_POINT('',(190.8625,-81.325,1.505));
#3536=VERTEX_POINT('',#3535);
#3537=CARTESIAN_POINT('',(190.8625,-81.325,1.5));
#3538=DIRECTION('',(0.,-1.,0.));
#3539=VECTOR('',#3538,14.1);
#3540=LINE('',#3537,#3539);
#3541=EDGE_CURVE('',#3536,#3526,#3540,.T.);
#3542=ORIENTED_EDGE('',*,*,#3541,.F.);
#3543=CARTESIAN_POINT('',(204.9625,-81.325,1.505));
#3544=VERTEX_POINT('',#3543);
#3545=CARTESIAN_POINT('',(204.9625,-81.325,1.5));
#3546=DIRECTION('',(-1.,0.,0.));
#3547=VECTOR('',#3546,14.1);
#3548=LINE('',#3545,#3547);
#3549=EDGE_CURVE('',#3544,#3536,#3548,.T.);
#3550=ORIENTED_EDGE('',*,*,#3549,.F.);
#3551=CARTESIAN_POINT('',(204.9625,-95.425,1.5));
#3552=DIRECTION('',(0.,1.,0.));
#3553=VECTOR('',#3552,14.1);
#3554=LINE('',#3551,#3553);
#3555=EDGE_CURVE('',#3528,#3544,#3554,.T.);
#3556=ORIENTED_EDGE('',*,*,#3555,.F.);
#3557=EDGE_LOOP('',(#3534,#3542,#3550,#3556));
#3558=FACE_BOUND('',#3557,.T.);
#3559=CARTESIAN_POINT('',(209.9125,-95.425,1.505));
#3560=VERTEX_POINT('',#3559);
#3561=CARTESIAN_POINT('',(224.0125,-95.425,1.505));
#3562=VERTEX_POINT('',#3561);
#3563=CARTESIAN_POINT('',(209.9125,-95.425,1.5));
#3564=DIRECTION('',(1.,0.,-0.));
#3565=VECTOR('',#3564,14.1);
#3566=LINE('',#3563,#3565);
#3567=EDGE_CURVE('',#3560,#3562,#3566,.T.);
#3568=ORIENTED_EDGE('',*,*,#3567,.F.);
#3569=CARTESIAN_POINT('',(209.9125,-81.325,1.505));
#3570=VERTEX_POINT('',#3569);
#3571=CARTESIAN_POINT('',(209.9125,-81.325,1.5));
#3572=DIRECTION('',(0.,-1.,0.));
#3573=VECTOR('',#3572,14.1);
#3574=LINE('',#3571,#3573);
#3575=EDGE_CURVE('',#3570,#3560,#3574,.T.);
#3576=ORIENTED_EDGE('',*,*,#3575,.F.);
#3577=CARTESIAN_POINT('',(224.0125,-81.325,1.505));
#3578=VERTEX_POINT('',#3577);
#3579=CARTESIAN_POINT('',(224.0125,-81.325,1.5));
#3580=DIRECTION('',(-1.,0.,0.));
#3581=VECTOR('',#3580,14.1);
#3582=LINE('',#3579,#3581);
#3583=EDGE_CURVE('',#3578,#3570,#3582,.T.);
#3584=ORIENTED_EDGE('',*,*,#3583,.F.);
#3585=CARTESIAN_POINT('',(224.0125,-95.425,1.5));
#3586=DIRECTION('',(0.,1.,0.));
#3587=VECTOR('',#3586,14.1);
#3588=LINE('',#3585,#3587);
#3589=EDGE_CURVE('',#3562,#3578,#3588,.T.);
#3590=ORIENTED_EDGE('',*,*,#3589,.F.);
#3591=EDGE_LOOP('',(#3568,#3576,#3584,#3590));
#3592=FACE_BOUND('',#3591,.T.);
#3593=CARTESIAN_POINT('',(228.9625,-95.425,1.505));
#3594=VERTEX_POINT('',#3593);
#3595=CARTESIAN_POINT('',(243.0625,-95.425,1.505));
#3596=VERTEX_POINT('',#3595);
#3597=CARTESIAN_POINT('',(228.9625,-95.425,1.5));
#3598=DIRECTION('',(1.,0.,-0.));
#3599=VECTOR('',#3598,14.1);
#3600=LINE('',#3597,#3599);
#3601=EDGE_CURVE('',#3594,#3596,#3600,.T.);
#3602=ORIENTED_EDGE('',*,*,#3601,.F.);
#3603=CARTESIAN_POINT('',(228.9625,-81.325,1.505));
#3604=VERTEX_POINT('',#3603);
#3605=CARTESIAN_POINT('',(228.9625,-81.325,1.5));
#3606=DIRECTION('',(0.,-1.,0.));
#3607=VECTOR('',#3606,14.1);
#3608=LINE('',#3605,#3607);
#3609=EDGE_CURVE('',#3604,#3594,#3608,.T.);
#3610=ORIENTED_EDGE('',*,*,#3609,.F.);
#3611=CARTESIAN_POINT('',(243.0625,-81.325,1.505));
#3612=VERTEX_POINT('',#3611);
#3613=CARTESIAN_POINT('',(243.0625,-81.325,1.5));
#3614=DIRECTION('',(-1.,0.,0.));
#3615=VECTOR('',#3614,14.1);
#3616=LINE('',#3613,#3615);
#3617=EDGE_CURVE('',#3612,#3604,#3616,.T.);
#3618=ORIENTED_EDGE('',*,*,#3617,.F.);
#3619=CARTESIAN_POINT('',(243.0625,-95.425,1.5));
#3620=DIRECTION('',(0.,1.,0.));
#3621=VECTOR('',#3620,14.1);
#3622=LINE('',#3619,#3621);
#3623=EDGE_CURVE('',#3596,#3612,#3622,.T.);
#3624=ORIENTED_EDGE('',*,*,#3623,.F.);
#3625=EDGE_LOOP('',(#3602,#3610,#3618,#3624));
#3626=FACE_BOUND('',#3625,.T.);
#3627=CARTESIAN_POINT('',(250.39375,-95.425,1.505));
#3628=VERTEX_POINT('',#3627);
#3629=CARTESIAN_POINT('',(264.49375,-95.425,1.505));
#3630=VERTEX_POINT('',#3629);
#3631=CARTESIAN_POINT('',(250.39375,-95.425,1.5));
#3632=DIRECTION('',(1.,0.,-0.));
#3633=VECTOR('',#3632,14.1);
#3634=LINE('',#3631,#3633);
#3635=EDGE_CURVE('',#3628,#3630,#3634,.T.);
#3636=ORIENTED_EDGE('',*,*,#3635,.F.);
#3637=CARTESIAN_POINT('',(250.39375,-81.325,1.505));
#3638=VERTEX_POINT('',#3637);
#3639=CARTESIAN_POINT('',(250.39375,-81.325,1.5));
#3640=DIRECTION('',(0.,-1.,0.));
#3641=VECTOR('',#3640,14.1);
#3642=LINE('',#3639,#3641);
#3643=EDGE_CURVE('',#3638,#3628,#3642,.T.);
#3644=ORIENTED_EDGE('',*,*,#3643,.F.);
#3645=CARTESIAN_POINT('',(264.49375,-81.325,1.505));
#3646=VERTEX_POINT('',#3645);
#3647=CARTESIAN_POINT('',(264.49375,-81.325,1.5));
#3648=DIRECTION('',(-1.,0.,0.));
#3649=VECTOR('',#3648,14.1);
#3650=LINE('',#3647,#3649);
#3651=EDGE_CURVE('',#3646,#3638,#3650,.T.);
#3652=ORIENTED_EDGE('',*,*,#3651,.F.);
#3653=CARTESIAN_POINT('',(264.49375,-95.425,1.5));
#3654=DIRECTION('',(0.,1.,0.));
#3655=VECTOR('',#3654,14.1);
#3656=LINE('',#3653,#3655);
#3657=EDGE_CURVE('',#3630,#3646,#3656,.T.);
#3658=ORIENTED_EDGE('',*,*,#3657,.F.);
#3659=EDGE_LOOP('',(#3636,#3644,#3652,#3658));
#3660=FACE_BOUND('',#3659,.T.);
#3661=CARTESIAN_POINT('',(148.,-76.375,1.505));
#3662=VERTEX_POINT('',#3661);
#3663=CARTESIAN_POINT('',(162.1,-76.375,1.505));
#3664=VERTEX_POINT('',#3663);
#3665=CARTESIAN_POINT('',(148.,-76.375,1.5));
#3666=DIRECTION('',(1.,0.,-0.));
#3667=VECTOR('',#3666,14.1);
#3668=LINE('',#3665,#3667);
#3669=EDGE_CURVE('',#3662,#3664,#3668,.T.);
#3670=ORIENTED_EDGE('',*,*,#3669,.F.);
#3671=CARTESIAN_POINT('',(148.,-62.275,1.505));
#3672=VERTEX_POINT('',#3671);
#3673=CARTESIAN_POINT('',(148.,-62.275,1.5));
#3674=DIRECTION('',(0.,-1.,0.));
#3675=VECTOR('',#3674,14.1);
#3676=LINE('',#3673,#3675);
#3677=EDGE_CURVE('',#3672,#3662,#3676,.T.);
#3678=ORIENTED_EDGE('',*,*,#3677,.F.);
#3679=CARTESIAN_POINT('',(162.1,-62.275,1.505));
#3680=VERTEX_POINT('',#3679);
#3681=CARTESIAN_POINT('',(162.1,-62.275,1.5));
#3682=DIRECTION('',(-1.,0.,0.));
#3683=VECTOR('',#3682,14.1);
#3684=LINE('',#3681,#3683);
#3685=EDGE_CURVE('',#3680,#3672,#3684,.T.);
#3686=ORIENTED_EDGE('',*,*,#3685,.F.);
#3687=CARTESIAN_POINT('',(162.1,-76.375,1.5));
#3688=DIRECTION('',(0.,1.,0.));
#3689=VECTOR('',#3688,14.1);
#3690=LINE('',#3687,#3689);
#3691=EDGE_CURVE('',#3664,#3680,#3690,.T.);
#3692=ORIENTED_EDGE('',*,*,#3691,.F.);
#3693=EDGE_LOOP('',(#3670,#3678,#3686,#3692));
#3694=FACE_BOUND('',#3693,.T.);
#3695=CARTESIAN_POINT('',(167.05,-76.375,1.505));
#3696=VERTEX_POINT('',#3695);
#3697=CARTESIAN_POINT('',(181.15,-76.375,1.505));
#3698=VERTEX_POINT('',#3697);
#3699=CARTESIAN_POINT('',(167.05,-76.375,1.5));
#3700=DIRECTION('',(1.,0.,-0.));
#3701=VECTOR('',#3700,14.1);
#3702=LINE('',#3699,#3701);
#3703=EDGE_CURVE('',#3696,#3698,#3702,.T.);
#3704=ORIENTED_EDGE('',*,*,#3703,.F.);
#3705=CARTESIAN_POINT('',(167.05,-62.275,1.505));
#3706=VERTEX_POINT('',#3705);
#3707=CARTESIAN_POINT('',(167.05,-62.275,1.5));
#3708=DIRECTION('',(0.,-1.,0.));
#3709=VECTOR('',#3708,14.1);
#3710=LINE('',#3707,#3709);
#3711=EDGE_CURVE('',#3706,#3696,#3710,.T.);
#3712=ORIENTED_EDGE('',*,*,#3711,.F.);
#3713=CARTESIAN_POINT('',(181.15,-62.275,1.505));
#3714=VERTEX_POINT('',#3713);
#3715=CARTESIAN_POINT('',(181.15,-62.275,1.5));
#3716=DIRECTION('',(-1.,0.,0.));
#3717=VECTOR('',#3716,14.1);
#3718=LINE('',#3715,#3717);
#3719=EDGE_CURVE('',#3714,#3706,#3718,.T.);
#3720=ORIENTED_EDGE('',*,*,#3719,.F.);
#3721=CARTESIAN_POINT('',(181.15,-76.375,1.5));
#3722=DIRECTION('',(0.,1.,0.));
#3723=VECTOR('',#3722,14.1);
#3724=LINE('',#3721,#3723);
#3725=EDGE_CURVE('',#3698,#3714,#3724,.T.);
#3726=ORIENTED_EDGE('',*,*,#3725,.F.);
#3727=EDGE_LOOP('',(#3704,#3712,#3720,#3726));
#3728=FACE_BOUND('',#3727,.T.);
#3729=CARTESIAN_POINT('',(186.1,-76.375,1.505));
#3730=VERTEX_POINT('',#3729);
#3731=CARTESIAN_POINT('',(200.2,-76.375,1.505));
#3732=VERTEX_POINT('',#3731);
#3733=CARTESIAN_POINT('',(186.1,-76.375,1.5));
#3734=DIRECTION('',(1.,0.,-0.));
#3735=VECTOR('',#3734,14.1);
#3736=LINE('',#3733,#3735);
#3737=EDGE_CURVE('',#3730,#3732,#3736,.T.);
#3738=ORIENTED_EDGE('',*,*,#3737,.F.);
#3739=CARTESIAN_POINT('',(186.1,-62.275,1.505));
#3740=VERTEX_POINT('',#3739);
#3741=CARTESIAN_POINT('',(186.1,-62.275,1.5));
#3742=DIRECTION('',(0.,-1.,0.));
#3743=VECTOR('',#3742,14.1);
#3744=LINE('',#3741,#3743);
#3745=EDGE_CURVE('',#3740,#3730,#3744,.T.);
#3746=ORIENTED_EDGE('',*,*,#3745,.F.);
#3747=CARTESIAN_POINT('',(200.2,-62.275,1.505));
#3748=VERTEX_POINT('',#3747);
#3749=CARTESIAN_POINT('',(200.2,-62.275,1.5));
#3750=DIRECTION('',(-1.,0.,0.));
#3751=VECTOR('',#3750,14.1);
#3752=LINE('',#3749,#3751);
#3753=EDGE_CURVE('',#3748,#3740,#3752,.T.);
#3754=ORIENTED_EDGE('',*,*,#3753,.F.);
#3755=CARTESIAN_POINT('',(200.2,-76.375,1.5));
#3756=DIRECTION('',(0.,1.,0.));
#3757=VECTOR('',#3756,14.1);
#3758=LINE('',#3755,#3757);
#3759=EDGE_CURVE('',#3732,#3748,#3758,.T.);
#3760=ORIENTED_EDGE('',*,*,#3759,.F.);
#3761=EDGE_LOOP('',(#3738,#3746,#3754,#3760));
#3762=FACE_BOUND('',#3761,.T.);
#3763=CARTESIAN_POINT('',(207.4375,-79.95,1.505));
#3764=VERTEX_POINT('',#3763);
#3765=CARTESIAN_POINT('',(207.4375,-78.85,1.5));
#3766=DIRECTION('',(-0.,-0.,-1.));
#3767=DIRECTION('',(1.,0.,-0.));
#3768=AXIS2_PLACEMENT_3D('',#3765,#3766,#3767);
#3769=CIRCLE('',#3768,1.1);
#3770=EDGE_CURVE('',#3764,#3764,#3769,.T.);
#3771=ORIENTED_EDGE('',*,*,#3770,.T.);
#3772=EDGE_LOOP('',(#3771));
#3773=FACE_BOUND('',#3772,.T.);
#3774=CARTESIAN_POINT('',(205.15,-76.375,1.505));
#3775=VERTEX_POINT('',#3774);
#3776=CARTESIAN_POINT('',(219.25,-76.375,1.505));
#3777=VERTEX_POINT('',#3776);
#3778=CARTESIAN_POINT('',(205.15,-76.375,1.5));
#3779=DIRECTION('',(1.,0.,-0.));
#3780=VECTOR('',#3779,14.1);
#3781=LINE('',#3778,#3780);
#3782=EDGE_CURVE('',#3775,#3777,#3781,.T.);
#3783=ORIENTED_EDGE('',*,*,#3782,.F.);
#3784=CARTESIAN_POINT('',(205.15,-62.275,1.505));
#3785=VERTEX_POINT('',#3784);
#3786=CARTESIAN_POINT('',(205.15,-62.275,1.5));
#3787=DIRECTION('',(0.,-1.,0.));
#3788=VECTOR('',#3787,14.1);
#3789=LINE('',#3786,#3788);
#3790=EDGE_CURVE('',#3785,#3775,#3789,.T.);
#3791=ORIENTED_EDGE('',*,*,#3790,.F.);
#3792=CARTESIAN_POINT('',(219.25,-62.275,1.505));
#3793=VERTEX_POINT('',#3792);
#3794=CARTESIAN_POINT('',(219.25,-62.275,1.5));
#3795=DIRECTION('',(-1.,0.,0.));
#3796=VECTOR('',#3795,14.1);
#3797=LINE('',#3794,#3796);
#3798=EDGE_CURVE('',#3793,#3785,#3797,.T.);
#3799=ORIENTED_EDGE('',*,*,#3798,.F.);
#3800=CARTESIAN_POINT('',(219.25,-76.375,1.5));
#3801=DIRECTION('',(0.,1.,0.));
#3802=VECTOR('',#3801,14.1);
#3803=LINE('',#3800,#3802);
#3804=EDGE_CURVE('',#3777,#3793,#3803,.T.);
#3805=ORIENTED_EDGE('',*,*,#3804,.F.);
#3806=EDGE_LOOP('',(#3783,#3791,#3799,#3805));
#3807=FACE_BOUND('',#3806,.T.);
#3808=CARTESIAN_POINT('',(224.2,-76.375,1.505));
#3809=VERTEX_POINT('',#3808);
#3810=CARTESIAN_POINT('',(238.3,-76.375,1.505));
#3811=VERTEX_POINT('',#3810);
#3812=CARTESIAN_POINT('',(224.2,-76.375,1.5));
#3813=DIRECTION('',(1.,0.,-0.));
#3814=VECTOR('',#3813,14.1);
#3815=LINE('',#3812,#3814);
#3816=EDGE_CURVE('',#3809,#3811,#3815,.T.);
#3817=ORIENTED_EDGE('',*,*,#3816,.F.);
#3818=CARTESIAN_POINT('',(224.2,-62.275,1.505));
#3819=VERTEX_POINT('',#3818);
#3820=CARTESIAN_POINT('',(224.2,-62.275,1.5));
#3821=DIRECTION('',(0.,-1.,0.));
#3822=VECTOR('',#3821,14.1);
#3823=LINE('',#3820,#3822);
#3824=EDGE_CURVE('',#3819,#3809,#3823,.T.);
#3825=ORIENTED_EDGE('',*,*,#3824,.F.);
#3826=CARTESIAN_POINT('',(238.3,-62.275,1.505));
#3827=VERTEX_POINT('',#3826);
#3828=CARTESIAN_POINT('',(238.3,-62.275,1.5));
#3829=DIRECTION('',(-1.,0.,0.));
#3830=VECTOR('',#3829,14.1);
#3831=LINE('',#3828,#3830);
#3832=EDGE_CURVE('',#3827,#3819,#3831,.T.);
#3833=ORIENTED_EDGE('',*,*,#3832,.F.);
#3834=CARTESIAN_POINT('',(238.3,-76.375,1.5));
#3835=DIRECTION('',(0.,1.,0.));
#3836=VECTOR('',#3835,14.1);
#3837=LINE('',#3834,#3836);
#3838=EDGE_CURVE('',#3811,#3827,#3837,.T.);
#3839=ORIENTED_EDGE('',*,*,#3838,.F.);
#3840=EDGE_LOOP('',(#3817,#3825,#3833,#3839));
#3841=FACE_BOUND('',#3840,.T.);
#3842=CARTESIAN_POINT('',(248.0125,-76.375,1.505));
#3843=VERTEX_POINT('',#3842);
#3844=CARTESIAN_POINT('',(262.1125,-76.375,1.505));
#3845=VERTEX_POINT('',#3844);
#3846=CARTESIAN_POINT('',(248.0125,-76.375,1.5));
#3847=DIRECTION('',(1.,0.,-0.));
#3848=VECTOR('',#3847,14.1);
#3849=LINE('',#3846,#3848);
#3850=EDGE_CURVE('',#3843,#3845,#3849,.T.);
#3851=ORIENTED_EDGE('',*,*,#3850,.F.);
#3852=CARTESIAN_POINT('',(248.0125,-62.275,1.505));
#3853=VERTEX_POINT('',#3852);
#3854=CARTESIAN_POINT('',(248.0125,-62.275,1.5));
#3855=DIRECTION('',(0.,-1.,0.));
#3856=VECTOR('',#3855,14.1);
#3857=LINE('',#3854,#3856);
#3858=EDGE_CURVE('',#3853,#3843,#3857,.T.);
#3859=ORIENTED_EDGE('',*,*,#3858,.F.);
#3860=CARTESIAN_POINT('',(262.1125,-62.275,1.505));
#3861=VERTEX_POINT('',#3860);
#3862=CARTESIAN_POINT('',(262.1125,-62.275,1.5));
#3863=DIRECTION('',(-1.,0.,0.));
#3864=VECTOR('',#3863,14.1);
#3865=LINE('',#3862,#3864);
#3866=EDGE_CURVE('',#3861,#3853,#3865,.T.);
#3867=ORIENTED_EDGE('',*,*,#3866,.F.);
#3868=CARTESIAN_POINT('',(262.1125,-76.375,1.5));
#3869=DIRECTION('',(0.,1.,0.));
#3870=VECTOR('',#3869,14.1);
#3871=LINE('',#3868,#3870);
#3872=EDGE_CURVE('',#3845,#3861,#3871,.T.);
#3873=ORIENTED_EDGE('',*,*,#3872,.F.);
#3874=EDGE_LOOP('',(#3851,#3859,#3867,#3873));
#3875=FACE_BOUND('',#3874,.T.);
#3876=ADVANCED_FACE('',(#2290,#2324,#2358,#2392,#2403,#2437,#2471,#2505,#2539,#2573,#2607,#2641,#2675,#2709,#2720,#2754,#2788,#2822,#2833,#2867,#2901,#2935,#2969,#3003,#3037,#3071,
#3105,#3139,#3173,#3207,#3241,#3275,#3309,#3343,#3354,#3388,#3422,#3456,#3490,#3524,#3558,#3592,#3626,#3660,#3694,#3728,#3762,#3773,#3807,#3841,#3875),#2040,.T.);
#3877=CARTESIAN_POINT('',(33.225034356,-61.800034356,0.));
#3878=DIRECTION('',(0.,0.,-1.));
#3879=DIRECTION('',(-1.,0.000017178,0.));
#3880=AXIS2_PLACEMENT_3D('',#3877,#3878,#3879);
#3881=CYLINDRICAL_SURFACE('',#3880,2.000034356);
#3882=CARTESIAN_POINT('',(31.225,-61.8,0.));
#3883=DIRECTION('',(-0.,-0.,1.));
#3884=VECTOR('',#3883,1.51);
#3885=LINE('',#3882,#3884);
#3886=EDGE_CURVE('',#432,#2044,#3885,.T.);
#3887=ORIENTED_EDGE('',*,*,#3886,.T.);
#3888=ORIENTED_EDGE('',*,*,#2050,.T.);
#3889=ORIENTED_EDGE('',*,*,#146,.F.);
#3890=ORIENTED_EDGE('',*,*,#444,.F.);
#3891=EDGE_LOOP('',(#3887,#3888,#3889,#3890));
#3892=FACE_BOUND('',#3891,.T.);
#3893=ADVANCED_FACE('',(#3892),#3881,.T.);
#3894=CARTESIAN_POINT('',(69.325,-62.300000109,0.));
#3895=DIRECTION('',(0.,0.,-1.));
#3896=DIRECTION('',(-0.661621613,0.749837876,0.));
#3897=AXIS2_PLACEMENT_3D('',#3894,#3895,#3896);
#3898=CYLINDRICAL_SURFACE('',#3897,2.267156891);
#3899=ORIENTED_EDGE('',*,*,#184,.T.);
#3900=ORIENTED_EDGE('',*,*,#2286,.T.);
#3901=CARTESIAN_POINT('',(70.825,-60.6,0.));
#3902=DIRECTION('',(-0.,-0.,1.));
#3903=VECTOR('',#3902,1.51);
#3904=LINE('',#3901,#3903);
#3905=EDGE_CURVE('',#202,#2274,#3904,.T.);
#3906=ORIENTED_EDGE('',*,*,#3905,.F.);
#3907=ORIENTED_EDGE('',*,*,#208,.F.);
#3908=EDGE_LOOP('',(#3899,#3900,#3906,#3907));
#3909=FACE_BOUND('',#3908,.T.);
#3910=ADVANCED_FACE('',(#3909),#3898,.F.);
#3911=CARTESIAN_POINT('',(31.225,-134.,0.));
#3912=DIRECTION('',(-1.,0.,0.));
#3913=DIRECTION('',(0.,1.,0.));
#3914=AXIS2_PLACEMENT_3D('',#3911,#3912,#3913);
#3915=PLANE('',#3914);
#3916=CARTESIAN_POINT('',(31.225,-134.,0.));
#3917=DIRECTION('',(-0.,-0.,1.));
#3918=VECTOR('',#3917,1.51);
#3919=LINE('',#3916,#3918);
#3920=EDGE_CURVE('',#423,#2053,#3919,.T.);
#3921=ORIENTED_EDGE('',*,*,#3920,.T.);
#3922=ORIENTED_EDGE('',*,*,#2058,.T.);
#3923=ORIENTED_EDGE('',*,*,#3886,.F.);
#3924=ORIENTED_EDGE('',*,*,#437,.F.);
#3925=EDGE_LOOP('',(#3921,#3922,#3923,#3924));
#3926=FACE_BOUND('',#3925,.T.);
#3927=ADVANCED_FACE('',(#3926),#3915,.T.);
#3928=CARTESIAN_POINT('',(70.825,-60.6,0.));
#3929=DIRECTION('',(-1.,0.,0.));
#3930=DIRECTION('',(0.,1.,0.));
#3931=AXIS2_PLACEMENT_3D('',#3928,#3929,#3930);
#3932=PLANE('',#3931);
#3933=ORIENTED_EDGE('',*,*,#3905,.T.);
#3934=ORIENTED_EDGE('',*,*,#2279,.T.);
#3935=CARTESIAN_POINT('',(70.825,-60.3,0.));
#3936=DIRECTION('',(-0.,-0.,1.));
#3937=VECTOR('',#3936,1.51);
#3938=LINE('',#3935,#3937);
#3939=EDGE_CURVE('',#211,#2265,#3938,.T.);
#3940=ORIENTED_EDGE('',*,*,#3939,.F.);
#3941=ORIENTED_EDGE('',*,*,#216,.F.);
#3942=EDGE_LOOP('',(#3933,#3934,#3940,#3941));
#3943=FACE_BOUND('',#3942,.T.);
#3944=ADVANCED_FACE('',(#3943),#3932,.T.);
#3945=CARTESIAN_POINT('',(33.224914862,-134.000085138,0.));
#3946=DIRECTION('',(0.,0.,-1.));
#3947=DIRECTION('',(0.000042571,-0.999999999,0.));
#3948=AXIS2_PLACEMENT_3D('',#3945,#3946,#3947);
#3949=CYLINDRICAL_SURFACE('',#3948,1.999914864);
#3950=CARTESIAN_POINT('',(33.225,-136.,0.));
#3951=DIRECTION('',(-0.,-0.,1.));
#3952=VECTOR('',#3951,1.51);
#3953=LINE('',#3950,#3952);
#3954=EDGE_CURVE('',#415,#2061,#3953,.T.);
#3955=ORIENTED_EDGE('',*,*,#3954,.T.);
#3956=ORIENTED_EDGE('',*,*,#2067,.T.);
#3957=ORIENTED_EDGE('',*,*,#3920,.F.);
#3958=ORIENTED_EDGE('',*,*,#429,.F.);
#3959=EDGE_LOOP('',(#3955,#3956,#3957,#3958));
#3960=FACE_BOUND('',#3959,.T.);
#3961=ADVANCED_FACE('',(#3960),#3949,.T.);
#3962=CARTESIAN_POINT('',(71.325001334,-60.300001334,0.));
#3963=DIRECTION('',(0.,0.,-1.));
#3964=DIRECTION('',(-1.,0.000002667,0.));
#3965=AXIS2_PLACEMENT_3D('',#3962,#3963,#3964);
#3966=CYLINDRICAL_SURFACE('',#3965,0.500001334);
#3967=ORIENTED_EDGE('',*,*,#3939,.T.);
#3968=ORIENTED_EDGE('',*,*,#2271,.T.);
#3969=CARTESIAN_POINT('',(71.325,-59.8,0.));
#3970=DIRECTION('',(-0.,-0.,1.));
#3971=VECTOR('',#3970,1.51);
#3972=LINE('',#3969,#3971);
#3973=EDGE_CURVE('',#219,#2257,#3972,.T.);
#3974=ORIENTED_EDGE('',*,*,#3973,.F.);
#3975=ORIENTED_EDGE('',*,*,#225,.F.);
#3976=EDGE_LOOP('',(#3967,#3968,#3974,#3975));
#3977=FACE_BOUND('',#3976,.T.);
#3978=ADVANCED_FACE('',(#3977),#3966,.T.);
#3979=CARTESIAN_POINT('',(53.0375,-136.,0.));
#3980=DIRECTION('',(0.,-1.,0.));
#3981=DIRECTION('',(-1.,0.,0.));
#3982=AXIS2_PLACEMENT_3D('',#3979,#3980,#3981);
#3983=PLANE('',#3982);
#3984=CARTESIAN_POINT('',(53.0375,-136.,0.));
#3985=DIRECTION('',(-0.,-0.,1.));
#3986=VECTOR('',#3985,1.51);
#3987=LINE('',#3984,#3986);
#3988=EDGE_CURVE('',#406,#2070,#3987,.T.);
#3989=ORIENTED_EDGE('',*,*,#3988,.T.);
#3990=ORIENTED_EDGE('',*,*,#2075,.T.);
#3991=ORIENTED_EDGE('',*,*,#3954,.F.);
#3992=ORIENTED_EDGE('',*,*,#420,.F.);
#3993=EDGE_LOOP('',(#3989,#3990,#3991,#3992));
#3994=FACE_BOUND('',#3993,.T.);
#3995=ADVANCED_FACE('',(#3994),#3983,.T.);
#3996=CARTESIAN_POINT('',(71.325,-59.8,0.));
#3997=DIRECTION('',(0.000000305,1.,0.));
#3998=DIRECTION('',(1.,-0.000000305,0.));
#3999=AXIS2_PLACEMENT_3D('',#3996,#3997,#3998);
#4000=PLANE('',#3999);
#4001=ORIENTED_EDGE('',*,*,#3973,.T.);
#4002=ORIENTED_EDGE('',*,*,#2262,.T.);
#4003=CARTESIAN_POINT('',(238.77505,-59.800051,0.));
#4004=DIRECTION('',(-0.,-0.,1.));
#4005=VECTOR('',#4004,1.51);
#4006=LINE('',#4003,#4005);
#4007=EDGE_CURVE('',#228,#2248,#4006,.T.);
#4008=ORIENTED_EDGE('',*,*,#4007,.F.);
#4009=ORIENTED_EDGE('',*,*,#233,.F.);
#4010=EDGE_LOOP('',(#4001,#4002,#4008,#4009));
#4011=FACE_BOUND('',#4010,.T.);
#4012=ADVANCED_FACE('',(#4011),#4000,.T.);
#4013=CARTESIAN_POINT('',(53.037498666,-135.499998666,0.));
#4014=DIRECTION('',(0.,0.,-1.));
#4015=DIRECTION('',(1.,-0.000002667,0.));
#4016=AXIS2_PLACEMENT_3D('',#4013,#4014,#4015);
#4017=CYLINDRICAL_SURFACE('',#4016,0.500001334);
#4018=CARTESIAN_POINT('',(53.5375,-135.5,0.));
#4019=DIRECTION('',(-0.,-0.,1.));
#4020=VECTOR('',#4019,1.51);
#4021=LINE('',#4018,#4020);
#4022=EDGE_CURVE('',#398,#2078,#4021,.T.);
#4023=ORIENTED_EDGE('',*,*,#4022,.T.);
#4024=ORIENTED_EDGE('',*,*,#2084,.T.);
#4025=ORIENTED_EDGE('',*,*,#3988,.F.);
#4026=ORIENTED_EDGE('',*,*,#412,.F.);
#4027=EDGE_LOOP('',(#4023,#4024,#4025,#4026));
#4028=FACE_BOUND('',#4027,.T.);
#4029=ADVANCED_FACE('',(#4028),#4017,.T.);
#4030=CARTESIAN_POINT('',(238.774998662,-60.300052335,0.));
#4031=DIRECTION('',(0.,0.,-1.));
#4032=DIRECTION('',(0.000102676,0.999999995,0.));
#4033=AXIS2_PLACEMENT_3D('',#4030,#4031,#4032);
#4034=CYLINDRICAL_SURFACE('',#4033,0.500001338);
#4035=ORIENTED_EDGE('',*,*,#4007,.T.);
#4036=ORIENTED_EDGE('',*,*,#2254,.T.);
#4037=CARTESIAN_POINT('',(239.275,-60.300051,0.));
#4038=DIRECTION('',(-0.,-0.,1.));
#4039=VECTOR('',#4038,1.51);
#4040=LINE('',#4037,#4039);
#4041=EDGE_CURVE('',#236,#2240,#4040,.T.);
#4042=ORIENTED_EDGE('',*,*,#4041,.F.);
#4043=ORIENTED_EDGE('',*,*,#242,.F.);
#4044=EDGE_LOOP('',(#4035,#4036,#4042,#4043));
#4045=FACE_BOUND('',#4044,.T.);
#4046=ADVANCED_FACE('',(#4045),#4034,.T.);
#4047=CARTESIAN_POINT('',(53.5375,-135.2,0.));
#4048=DIRECTION('',(1.,0.,0.));
#4049=DIRECTION('',(0.,-1.,0.));
#4050=AXIS2_PLACEMENT_3D('',#4047,#4048,#4049);
#4051=PLANE('',#4050);
#4052=CARTESIAN_POINT('',(53.5375,-135.2,0.));
#4053=DIRECTION('',(-0.,-0.,1.));
#4054=VECTOR('',#4053,1.51);
#4055=LINE('',#4052,#4054);
#4056=EDGE_CURVE('',#389,#2087,#4055,.T.);
#4057=ORIENTED_EDGE('',*,*,#4056,.T.);
#4058=ORIENTED_EDGE('',*,*,#2092,.T.);
#4059=ORIENTED_EDGE('',*,*,#4022,.F.);
#4060=ORIENTED_EDGE('',*,*,#403,.F.);
#4061=EDGE_LOOP('',(#4057,#4058,#4059,#4060));
#4062=FACE_BOUND('',#4061,.T.);
#4063=ADVANCED_FACE('',(#4062),#4051,.T.);
#4064=CARTESIAN_POINT('',(239.275,-60.300051,0.));
#4065=DIRECTION('',(1.,0.,0.));
#4066=DIRECTION('',(0.,-1.,0.));
#4067=AXIS2_PLACEMENT_3D('',#4064,#4065,#4066);
#4068=PLANE('',#4067);
#4069=ORIENTED_EDGE('',*,*,#4041,.T.);
#4070=ORIENTED_EDGE('',*,*,#2245,.T.);
#4071=CARTESIAN_POINT('',(239.275,-60.600051,0.));
#4072=DIRECTION('',(-0.,-0.,1.));
#4073=VECTOR('',#4072,1.51);
#4074=LINE('',#4071,#4073);
#4075=EDGE_CURVE('',#245,#2231,#4074,.T.);
#4076=ORIENTED_EDGE('',*,*,#4075,.F.);
#4077=ORIENTED_EDGE('',*,*,#250,.F.);
#4078=EDGE_LOOP('',(#4069,#4070,#4076,#4077));
#4079=FACE_BOUND('',#4078,.T.);
#4080=ADVANCED_FACE('',(#4079),#4068,.T.);
#4081=CARTESIAN_POINT('',(55.0375,-133.499999891,0.));
#4082=DIRECTION('',(0.,0.,-1.));
#4083=DIRECTION('',(0.661621613,-0.749837876,0.));
#4084=AXIS2_PLACEMENT_3D('',#4081,#4082,#4083);
#4085=CYLINDRICAL_SURFACE('',#4084,2.267156891);
#4086=CARTESIAN_POINT('',(56.5375,-135.2,0.));
#4087=DIRECTION('',(-0.,-0.,1.));
#4088=VECTOR('',#4087,1.51);
#4089=LINE('',#4086,#4088);
#4090=EDGE_CURVE('',#381,#2095,#4089,.T.);
#4091=ORIENTED_EDGE('',*,*,#4090,.T.);
#4092=ORIENTED_EDGE('',*,*,#2101,.T.);
#4093=ORIENTED_EDGE('',*,*,#4056,.F.);
#4094=ORIENTED_EDGE('',*,*,#395,.F.);
#4095=EDGE_LOOP('',(#4091,#4092,#4093,#4094));
#4096=FACE_BOUND('',#4095,.T.);
#4097=ADVANCED_FACE('',(#4096),#4085,.F.);
#4098=CARTESIAN_POINT('',(240.775,-62.300051109,0.));
#4099=DIRECTION('',(0.,0.,-1.));
#4100=DIRECTION('',(-0.661621613,0.749837876,0.));
#4101=AXIS2_PLACEMENT_3D('',#4098,#4099,#4100);
#4102=CYLINDRICAL_SURFACE('',#4101,2.267156891);
#4103=ORIENTED_EDGE('',*,*,#4075,.T.);
#4104=ORIENTED_EDGE('',*,*,#2237,.T.);
#4105=CARTESIAN_POINT('',(242.275,-60.600051,0.));
#4106=DIRECTION('',(-0.,-0.,1.));
#4107=VECTOR('',#4106,1.51);
#4108=LINE('',#4105,#4107);
#4109=EDGE_CURVE('',#253,#2223,#4108,.T.);
#4110=ORIENTED_EDGE('',*,*,#4109,.F.);
#4111=ORIENTED_EDGE('',*,*,#259,.F.);
#4112=EDGE_LOOP('',(#4103,#4104,#4110,#4111));
#4113=FACE_BOUND('',#4112,.T.);
#4114=ADVANCED_FACE('',(#4113),#4102,.F.);
#4115=CARTESIAN_POINT('',(56.5375,-135.5,0.));
#4116=DIRECTION('',(-1.,0.,0.));
#4117=DIRECTION('',(0.,1.,0.));
#4118=AXIS2_PLACEMENT_3D('',#4115,#4116,#4117);
#4119=PLANE('',#4118);
#4120=CARTESIAN_POINT('',(56.5375,-135.5,0.));
#4121=DIRECTION('',(-0.,-0.,1.));
#4122=VECTOR('',#4121,1.51);
#4123=LINE('',#4120,#4122);
#4124=EDGE_CURVE('',#372,#2104,#4123,.T.);
#4125=ORIENTED_EDGE('',*,*,#4124,.T.);
#4126=ORIENTED_EDGE('',*,*,#2109,.T.);
#4127=ORIENTED_EDGE('',*,*,#4090,.F.);
#4128=ORIENTED_EDGE('',*,*,#386,.F.);
#4129=EDGE_LOOP('',(#4125,#4126,#4127,#4128));
#4130=FACE_BOUND('',#4129,.T.);
#4131=ADVANCED_FACE('',(#4130),#4119,.T.);
#4132=CARTESIAN_POINT('',(242.275,-60.600051,0.));
#4133=DIRECTION('',(-1.,0.,0.));
#4134=DIRECTION('',(0.,1.,0.));
#4135=AXIS2_PLACEMENT_3D('',#4132,#4133,#4134);
#4136=PLANE('',#4135);
#4137=ORIENTED_EDGE('',*,*,#4109,.T.);
#4138=ORIENTED_EDGE('',*,*,#2228,.T.);
#4139=CARTESIAN_POINT('',(242.275,-60.300051,0.));
#4140=DIRECTION('',(-0.,-0.,1.));
#4141=VECTOR('',#4140,1.51);
#4142=LINE('',#4139,#4141);
#4143=EDGE_CURVE('',#262,#2214,#4142,.T.);
#4144=ORIENTED_EDGE('',*,*,#4143,.F.);
#4145=ORIENTED_EDGE('',*,*,#267,.F.);
#4146=EDGE_LOOP('',(#4137,#4138,#4144,#4145));
#4147=FACE_BOUND('',#4146,.T.);
#4148=ADVANCED_FACE('',(#4147),#4136,.T.);
#4149=CARTESIAN_POINT('',(57.037501338,-135.499998664,0.));
#4150=DIRECTION('',(-0.,0.,-1.));
#4151=DIRECTION('',(-0.000102676,-0.999999995,0.));
#4152=AXIS2_PLACEMENT_3D('',#4149,#4150,#4151);
#4153=CYLINDRICAL_SURFACE('',#4152,0.500001338);
#4154=CARTESIAN_POINT('',(57.03745,-136.,0.));
#4155=DIRECTION('',(-0.,-0.,1.));
#4156=VECTOR('',#4155,1.51);
#4157=LINE('',#4154,#4156);
#4158=EDGE_CURVE('',#364,#2112,#4157,.T.);
#4159=ORIENTED_EDGE('',*,*,#4158,.T.);
#4160=ORIENTED_EDGE('',*,*,#2118,.T.);
#4161=ORIENTED_EDGE('',*,*,#4124,.F.);
#4162=ORIENTED_EDGE('',*,*,#378,.F.);
#4163=EDGE_LOOP('',(#4159,#4160,#4161,#4162));
#4164=FACE_BOUND('',#4163,.T.);
#4165=ADVANCED_FACE('',(#4164),#4153,.T.);
#4166=CARTESIAN_POINT('',(242.775001334,-60.300052334,0.));
#4167=DIRECTION('',(0.,0.,-1.));
#4168=DIRECTION('',(-1.,0.000002667,0.));
#4169=AXIS2_PLACEMENT_3D('',#4166,#4167,#4168);
#4170=CYLINDRICAL_SURFACE('',#4169,0.500001334);
#4171=ORIENTED_EDGE('',*,*,#4143,.T.);
#4172=ORIENTED_EDGE('',*,*,#2220,.T.);
#4173=CARTESIAN_POINT('',(242.775,-59.800051,0.));
#4174=DIRECTION('',(-0.,-0.,1.));
#4175=VECTOR('',#4174,1.51);
#4176=LINE('',#4173,#4175);
#4177=EDGE_CURVE('',#270,#2206,#4176,.T.);
#4178=ORIENTED_EDGE('',*,*,#4177,.F.);
#4179=ORIENTED_EDGE('',*,*,#276,.F.);
#4180=EDGE_LOOP('',(#4171,#4172,#4178,#4179));
#4181=FACE_BOUND('',#4180,.T.);
#4182=ADVANCED_FACE('',(#4181),#4170,.T.);
#4183=CARTESIAN_POINT('',(243.537475,-136.,0.));
#4184=DIRECTION('',(0.,-1.,0.));
#4185=DIRECTION('',(-1.,0.,0.));
#4186=AXIS2_PLACEMENT_3D('',#4183,#4184,#4185);
#4187=PLANE('',#4186);
#4188=CARTESIAN_POINT('',(243.537475,-136.,0.));
#4189=DIRECTION('',(-0.,-0.,1.));
#4190=VECTOR('',#4189,1.51);
#4191=LINE('',#4188,#4190);
#4192=EDGE_CURVE('',#355,#2121,#4191,.T.);
#4193=ORIENTED_EDGE('',*,*,#4192,.T.);
#4194=ORIENTED_EDGE('',*,*,#2126,.T.);
#4195=ORIENTED_EDGE('',*,*,#4158,.F.);
#4196=ORIENTED_EDGE('',*,*,#369,.F.);
#4197=EDGE_LOOP('',(#4193,#4194,#4195,#4196));
#4198=FACE_BOUND('',#4197,.T.);
#4199=ADVANCED_FACE('',(#4198),#4187,.T.);
#4200=CARTESIAN_POINT('',(242.775,-59.800051,0.));
#4201=DIRECTION('',(-0.000001994,1.,0.));
#4202=DIRECTION('',(1.,0.000001994,0.));
#4203=AXIS2_PLACEMENT_3D('',#4200,#4201,#4202);
#4204=PLANE('',#4203);
#4205=ORIENTED_EDGE('',*,*,#4177,.T.);
#4206=ORIENTED_EDGE('',*,*,#2211,.T.);
#4207=CARTESIAN_POINT('',(267.349998,-59.800002,0.));
#4208=DIRECTION('',(-0.,-0.,1.));
#4209=VECTOR('',#4208,1.51);
#4210=LINE('',#4207,#4209);
#4211=EDGE_CURVE('',#279,#2197,#4210,.T.);
#4212=ORIENTED_EDGE('',*,*,#4211,.F.);
#4213=ORIENTED_EDGE('',*,*,#284,.F.);
#4214=EDGE_LOOP('',(#4205,#4206,#4212,#4213));
#4215=FACE_BOUND('',#4214,.T.);
#4216=ADVANCED_FACE('',(#4215),#4204,.T.);
#4217=CARTESIAN_POINT('',(243.537473666,-135.499998666,0.));
#4218=DIRECTION('',(0.,0.,-1.));
#4219=DIRECTION('',(1.,-0.000002667,0.));
#4220=AXIS2_PLACEMENT_3D('',#4217,#4218,#4219);
#4221=CYLINDRICAL_SURFACE('',#4220,0.500001334);
#4222=CARTESIAN_POINT('',(244.037475,-135.5,0.));
#4223=DIRECTION('',(-0.,-0.,1.));
#4224=VECTOR('',#4223,1.51);
#4225=LINE('',#4222,#4224);
#4226=EDGE_CURVE('',#347,#2129,#4225,.T.);
#4227=ORIENTED_EDGE('',*,*,#4226,.T.);
#4228=ORIENTED_EDGE('',*,*,#2135,.T.);
#4229=ORIENTED_EDGE('',*,*,#4192,.F.);
#4230=ORIENTED_EDGE('',*,*,#361,.F.);
#4231=EDGE_LOOP('',(#4227,#4228,#4229,#4230));
#4232=FACE_BOUND('',#4231,.T.);
#4233=ADVANCED_FACE('',(#4232),#4221,.T.);
#4234=CARTESIAN_POINT('',(267.34991272,-61.80008928,0.));
#4235=DIRECTION('',(0.,0.,-1.));
#4236=DIRECTION('',(0.000042638,0.999999999,0.));
#4237=AXIS2_PLACEMENT_3D('',#4234,#4235,#4236);
#4238=CYLINDRICAL_SURFACE('',#4237,2.000087282);
#4239=ORIENTED_EDGE('',*,*,#4211,.T.);
#4240=ORIENTED_EDGE('',*,*,#2203,.T.);
#4241=CARTESIAN_POINT('',(269.35,-61.800002,0.));
#4242=DIRECTION('',(-0.,-0.,1.));
#4243=VECTOR('',#4242,1.51);
#4244=LINE('',#4241,#4243);
#4245=EDGE_CURVE('',#287,#2189,#4244,.T.);
#4246=ORIENTED_EDGE('',*,*,#4245,.F.);
#4247=ORIENTED_EDGE('',*,*,#293,.F.);
#4248=EDGE_LOOP('',(#4239,#4240,#4246,#4247));
#4249=FACE_BOUND('',#4248,.T.);
#4250=ADVANCED_FACE('',(#4249),#4238,.T.);
#4251=CARTESIAN_POINT('',(244.037475,-135.2,0.));
#4252=DIRECTION('',(1.,0.,0.));
#4253=DIRECTION('',(0.,-1.,0.));
#4254=AXIS2_PLACEMENT_3D('',#4251,#4252,#4253);
#4255=PLANE('',#4254);
#4256=CARTESIAN_POINT('',(244.037475,-135.2,0.));
#4257=DIRECTION('',(-0.,-0.,1.));
#4258=VECTOR('',#4257,1.51);
#4259=LINE('',#4256,#4258);
#4260=EDGE_CURVE('',#338,#2138,#4259,.T.);
#4261=ORIENTED_EDGE('',*,*,#4260,.T.);
#4262=ORIENTED_EDGE('',*,*,#2143,.T.);
#4263=ORIENTED_EDGE('',*,*,#4226,.F.);
#4264=ORIENTED_EDGE('',*,*,#352,.F.);
#4265=EDGE_LOOP('',(#4261,#4262,#4263,#4264));
#4266=FACE_BOUND('',#4265,.T.);
#4267=ADVANCED_FACE('',(#4266),#4255,.T.);
#4268=CARTESIAN_POINT('',(269.35,-61.800002,0.));
#4269=DIRECTION('',(1.,0.,0.));
#4270=DIRECTION('',(0.,-1.,0.));
#4271=AXIS2_PLACEMENT_3D('',#4268,#4269,#4270);
#4272=PLANE('',#4271);
#4273=ORIENTED_EDGE('',*,*,#4245,.T.);
#4274=ORIENTED_EDGE('',*,*,#2194,.T.);
#4275=CARTESIAN_POINT('',(269.35,-134.,0.));
#4276=DIRECTION('',(-0.,-0.,1.));
#4277=VECTOR('',#4276,1.51);
#4278=LINE('',#4275,#4277);
#4279=EDGE_CURVE('',#296,#2180,#4278,.T.);
#4280=ORIENTED_EDGE('',*,*,#4279,.F.);
#4281=ORIENTED_EDGE('',*,*,#301,.F.);
#4282=EDGE_LOOP('',(#4273,#4274,#4280,#4281));
#4283=FACE_BOUND('',#4282,.T.);
#4284=ADVANCED_FACE('',(#4283),#4272,.T.);
#4285=CARTESIAN_POINT('',(245.537475,-133.499999891,0.));
#4286=DIRECTION('',(0.,0.,-1.));
#4287=DIRECTION('',(0.661621613,-0.749837876,0.));
#4288=AXIS2_PLACEMENT_3D('',#4285,#4286,#4287);
#4289=CYLINDRICAL_SURFACE('',#4288,2.267156891);
#4290=CARTESIAN_POINT('',(247.037475,-135.2,0.));
#4291=DIRECTION('',(-0.,-0.,1.));
#4292=VECTOR('',#4291,1.51);
#4293=LINE('',#4290,#4292);
#4294=EDGE_CURVE('',#330,#2146,#4293,.T.);
#4295=ORIENTED_EDGE('',*,*,#4294,.T.);
#4296=ORIENTED_EDGE('',*,*,#2152,.T.);
#4297=ORIENTED_EDGE('',*,*,#4260,.F.);
#4298=ORIENTED_EDGE('',*,*,#344,.F.);
#4299=EDGE_LOOP('',(#4295,#4296,#4297,#4298));
#4300=FACE_BOUND('',#4299,.T.);
#4301=ADVANCED_FACE('',(#4300),#4289,.F.);
#4302=CARTESIAN_POINT('',(267.349965644,-133.999965644,0.));
#4303=DIRECTION('',(0.,0.,-1.));
#4304=DIRECTION('',(1.,-0.000017178,0.));
#4305=AXIS2_PLACEMENT_3D('',#4302,#4303,#4304);
#4306=CYLINDRICAL_SURFACE('',#4305,2.000034356);
#4307=ORIENTED_EDGE('',*,*,#4279,.T.);
#4308=ORIENTED_EDGE('',*,*,#2186,.T.);
#4309=CARTESIAN_POINT('',(267.35,-136.,0.));
#4310=DIRECTION('',(-0.,-0.,1.));
#4311=VECTOR('',#4310,1.51);
#4312=LINE('',#4309,#4311);
#4313=EDGE_CURVE('',#304,#2172,#4312,.T.);
#4314=ORIENTED_EDGE('',*,*,#4313,.F.);
#4315=ORIENTED_EDGE('',*,*,#310,.F.);
#4316=EDGE_LOOP('',(#4307,#4308,#4314,#4315));
#4317=FACE_BOUND('',#4316,.T.);
#4318=ADVANCED_FACE('',(#4317),#4306,.T.);
#4319=CARTESIAN_POINT('',(247.037475,-135.5,0.));
#4320=DIRECTION('',(-1.,0.,0.));
#4321=DIRECTION('',(0.,1.,0.));
#4322=AXIS2_PLACEMENT_3D('',#4319,#4320,#4321);
#4323=PLANE('',#4322);
#4324=CARTESIAN_POINT('',(247.037475,-135.5,0.));
#4325=DIRECTION('',(-0.,-0.,1.));
#4326=VECTOR('',#4325,1.51);
#4327=LINE('',#4324,#4326);
#4328=EDGE_CURVE('',#321,#2155,#4327,.T.);
#4329=ORIENTED_EDGE('',*,*,#4328,.T.);
#4330=ORIENTED_EDGE('',*,*,#2160,.T.);
#4331=ORIENTED_EDGE('',*,*,#4294,.F.);
#4332=ORIENTED_EDGE('',*,*,#335,.F.);
#4333=EDGE_LOOP('',(#4329,#4330,#4331,#4332));
#4334=FACE_BOUND('',#4333,.T.);
#4335=ADVANCED_FACE('',(#4334),#4323,.T.);
#4336=CARTESIAN_POINT('',(267.35,-136.,0.));
#4337=DIRECTION('',(0.,-1.,0.));
#4338=DIRECTION('',(-1.,0.,0.));
#4339=AXIS2_PLACEMENT_3D('',#4336,#4337,#4338);
#4340=PLANE('',#4339);
#4341=ORIENTED_EDGE('',*,*,#4313,.T.);
#4342=ORIENTED_EDGE('',*,*,#2177,.T.);
#4343=CARTESIAN_POINT('',(247.53745,-136.,0.));
#4344=DIRECTION('',(-0.,-0.,1.));
#4345=VECTOR('',#4344,1.51);
#4346=LINE('',#4343,#4345);
#4347=EDGE_CURVE('',#313,#2163,#4346,.T.);
#4348=ORIENTED_EDGE('',*,*,#4347,.F.);
#4349=ORIENTED_EDGE('',*,*,#318,.F.);
#4350=EDGE_LOOP('',(#4341,#4342,#4348,#4349));
#4351=FACE_BOUND('',#4350,.T.);
#4352=ADVANCED_FACE('',(#4351),#4340,.T.);
#4353=CARTESIAN_POINT('',(247.537476335,-135.499998666,0.));
#4354=DIRECTION('',(-0.,0.,-1.));
#4355=DIRECTION('',(-0.000052669,-0.999999999,0.));
#4356=AXIS2_PLACEMENT_3D('',#4353,#4354,#4355);
#4357=CYLINDRICAL_SURFACE('',#4356,0.500001335);
#4358=ORIENTED_EDGE('',*,*,#4347,.T.);
#4359=ORIENTED_EDGE('',*,*,#2169,.T.);
#4360=ORIENTED_EDGE('',*,*,#4328,.F.);
#4361=ORIENTED_EDGE('',*,*,#327,.F.);
#4362=EDGE_LOOP('',(#4358,#4359,#4360,#4361));
#4363=FACE_BOUND('',#4362,.T.);
#4364=ADVANCED_FACE('',(#4363),#4357,.T.);
#4365=CARTESIAN_POINT('',(36.08125,-133.525,0.));
#4366=DIRECTION('',(0.,1.,0.));
#4367=DIRECTION('',(1.,0.,0.));
#4368=AXIS2_PLACEMENT_3D('',#4365,#4366,#4367);
#4369=PLANE('',#4368);
#4370=CARTESIAN_POINT('',(36.08125,-133.525,0.));
#4371=DIRECTION('',(-0.,-0.,1.));
#4372=VECTOR('',#4371,1.51);
#4373=LINE('',#4370,#4372);
#4374=EDGE_CURVE('',#469,#2292,#4373,.T.);
#4375=ORIENTED_EDGE('',*,*,#4374,.T.);
#4376=ORIENTED_EDGE('',*,*,#2299,.T.);
#4377=CARTESIAN_POINT('',(50.18125,-133.525,0.));
#4378=DIRECTION('',(-0.,-0.,1.));
#4379=VECTOR('',#4378,1.51);
#4380=LINE('',#4377,#4379);
#4381=EDGE_CURVE('',#451,#2294,#4380,.T.);
#4382=ORIENTED_EDGE('',*,*,#4381,.F.);
#4383=ORIENTED_EDGE('',*,*,#480,.F.);
#4384=EDGE_LOOP('',(#4375,#4376,#4382,#4383));
#4385=FACE_BOUND('',#4384,.T.);
#4386=ADVANCED_FACE('',(#4385),#4369,.T.);
#4387=CARTESIAN_POINT('',(36.08125,-119.425,0.));
#4388=DIRECTION('',(1.,0.,0.));
#4389=DIRECTION('',(0.,-1.,0.));
#4390=AXIS2_PLACEMENT_3D('',#4387,#4388,#4389);
#4391=PLANE('',#4390);
#4392=CARTESIAN_POINT('',(36.08125,-119.425,0.));
#4393=DIRECTION('',(-0.,-0.,1.));
#4394=VECTOR('',#4393,1.51);
#4395=LINE('',#4392,#4394);
#4396=EDGE_CURVE('',#461,#2302,#4395,.T.);
#4397=ORIENTED_EDGE('',*,*,#4396,.T.);
#4398=ORIENTED_EDGE('',*,*,#2307,.T.);
#4399=ORIENTED_EDGE('',*,*,#4374,.F.);
#4400=ORIENTED_EDGE('',*,*,#474,.F.);
#4401=EDGE_LOOP('',(#4397,#4398,#4399,#4400));
#4402=FACE_BOUND('',#4401,.T.);
#4403=ADVANCED_FACE('',(#4402),#4391,.T.);
#4404=CARTESIAN_POINT('',(50.18125,-133.525,0.));
#4405=DIRECTION('',(-1.,0.,0.));
#4406=DIRECTION('',(0.,1.,0.));
#4407=AXIS2_PLACEMENT_3D('',#4404,#4405,#4406);
#4408=PLANE('',#4407);
#4409=ORIENTED_EDGE('',*,*,#4381,.T.);
#4410=ORIENTED_EDGE('',*,*,#2321,.T.);
#4411=CARTESIAN_POINT('',(50.18125,-119.425,0.));
#4412=DIRECTION('',(-0.,-0.,1.));
#4413=VECTOR('',#4412,1.51);
#4414=LINE('',#4411,#4413);
#4415=EDGE_CURVE('',#453,#2310,#4414,.T.);
#4416=ORIENTED_EDGE('',*,*,#4415,.F.);
#4417=ORIENTED_EDGE('',*,*,#458,.F.);
#4418=EDGE_LOOP('',(#4409,#4410,#4416,#4417));
#4419=FACE_BOUND('',#4418,.T.);
#4420=ADVANCED_FACE('',(#4419),#4408,.T.);
#4421=CARTESIAN_POINT('',(50.18125,-119.425,0.));
#4422=DIRECTION('',(0.,-1.,0.));
#4423=DIRECTION('',(-1.,0.,0.));
#4424=AXIS2_PLACEMENT_3D('',#4421,#4422,#4423);
#4425=PLANE('',#4424);
#4426=ORIENTED_EDGE('',*,*,#4415,.T.);
#4427=ORIENTED_EDGE('',*,*,#2315,.T.);
#4428=ORIENTED_EDGE('',*,*,#4396,.F.);
#4429=ORIENTED_EDGE('',*,*,#466,.F.);
#4430=EDGE_LOOP('',(#4426,#4427,#4428,#4429));
#4431=FACE_BOUND('',#4430,.T.);
#4432=ADVANCED_FACE('',(#4431),#4425,.T.);
#4433=CARTESIAN_POINT('',(59.89375,-133.525,0.));
#4434=DIRECTION('',(0.,1.,0.));
#4435=DIRECTION('',(1.,0.,0.));
#4436=AXIS2_PLACEMENT_3D('',#4433,#4434,#4435);
#4437=PLANE('',#4436);
#4438=CARTESIAN_POINT('',(59.89375,-133.525,0.));
#4439=DIRECTION('',(-0.,-0.,1.));
#4440=VECTOR('',#4439,1.51);
#4441=LINE('',#4438,#4440);
#4442=EDGE_CURVE('',#503,#2326,#4441,.T.);
#4443=ORIENTED_EDGE('',*,*,#4442,.T.);
#4444=ORIENTED_EDGE('',*,*,#2333,.T.);
#4445=CARTESIAN_POINT('',(73.99375,-133.525,0.));
#4446=DIRECTION('',(-0.,-0.,1.));
#4447=VECTOR('',#4446,1.51);
#4448=LINE('',#4445,#4447);
#4449=EDGE_CURVE('',#485,#2328,#4448,.T.);
#4450=ORIENTED_EDGE('',*,*,#4449,.F.);
#4451=ORIENTED_EDGE('',*,*,#514,.F.);
#4452=EDGE_LOOP('',(#4443,#4444,#4450,#4451));
#4453=FACE_BOUND('',#4452,.T.);
#4454=ADVANCED_FACE('',(#4453),#4437,.T.);
#4455=CARTESIAN_POINT('',(59.89375,-119.425,0.));
#4456=DIRECTION('',(1.,0.,0.));
#4457=DIRECTION('',(0.,-1.,0.));
#4458=AXIS2_PLACEMENT_3D('',#4455,#4456,#4457);
#4459=PLANE('',#4458);
#4460=CARTESIAN_POINT('',(59.89375,-119.425,0.));
#4461=DIRECTION('',(-0.,-0.,1.));
#4462=VECTOR('',#4461,1.51);
#4463=LINE('',#4460,#4462);
#4464=EDGE_CURVE('',#495,#2336,#4463,.T.);
#4465=ORIENTED_EDGE('',*,*,#4464,.T.);
#4466=ORIENTED_EDGE('',*,*,#2341,.T.);
#4467=ORIENTED_EDGE('',*,*,#4442,.F.);
#4468=ORIENTED_EDGE('',*,*,#508,.F.);
#4469=EDGE_LOOP('',(#4465,#4466,#4467,#4468));
#4470=FACE_BOUND('',#4469,.T.);
#4471=ADVANCED_FACE('',(#4470),#4459,.T.);
#4472=CARTESIAN_POINT('',(73.99375,-133.525,0.));
#4473=DIRECTION('',(-1.,0.,0.));
#4474=DIRECTION('',(0.,1.,0.));
#4475=AXIS2_PLACEMENT_3D('',#4472,#4473,#4474);
#4476=PLANE('',#4475);
#4477=ORIENTED_EDGE('',*,*,#4449,.T.);
#4478=ORIENTED_EDGE('',*,*,#2355,.T.);
#4479=CARTESIAN_POINT('',(73.99375,-119.425,0.));
#4480=DIRECTION('',(-0.,-0.,1.));
#4481=VECTOR('',#4480,1.51);
#4482=LINE('',#4479,#4481);
#4483=EDGE_CURVE('',#487,#2344,#4482,.T.);
#4484=ORIENTED_EDGE('',*,*,#4483,.F.);
#4485=ORIENTED_EDGE('',*,*,#492,.F.);
#4486=EDGE_LOOP('',(#4477,#4478,#4484,#4485));
#4487=FACE_BOUND('',#4486,.T.);
#4488=ADVANCED_FACE('',(#4487),#4476,.T.);
#4489=CARTESIAN_POINT('',(73.99375,-119.425,0.));
#4490=DIRECTION('',(0.,-1.,0.));
#4491=DIRECTION('',(-1.,0.,0.));
#4492=AXIS2_PLACEMENT_3D('',#4489,#4490,#4491);
#4493=PLANE('',#4492);
#4494=ORIENTED_EDGE('',*,*,#4483,.T.);
#4495=ORIENTED_EDGE('',*,*,#2349,.T.);
#4496=ORIENTED_EDGE('',*,*,#4464,.F.);
#4497=ORIENTED_EDGE('',*,*,#500,.F.);
#4498=EDGE_LOOP('',(#4494,#4495,#4496,#4497));
#4499=FACE_BOUND('',#4498,.T.);
#4500=ADVANCED_FACE('',(#4499),#4493,.T.);
#4501=CARTESIAN_POINT('',(83.70625,-133.525,0.));
#4502=DIRECTION('',(0.,1.,0.));
#4503=DIRECTION('',(1.,0.,0.));
#4504=AXIS2_PLACEMENT_3D('',#4501,#4502,#4503);
#4505=PLANE('',#4504);
#4506=CARTESIAN_POINT('',(83.70625,-133.525,0.));
#4507=DIRECTION('',(-0.,-0.,1.));
#4508=VECTOR('',#4507,1.51);
#4509=LINE('',#4506,#4508);
#4510=EDGE_CURVE('',#537,#2360,#4509,.T.);
#4511=ORIENTED_EDGE('',*,*,#4510,.T.);
#4512=ORIENTED_EDGE('',*,*,#2367,.T.);
#4513=CARTESIAN_POINT('',(97.80625,-133.525,0.));
#4514=DIRECTION('',(-0.,-0.,1.));
#4515=VECTOR('',#4514,1.51);
#4516=LINE('',#4513,#4515);
#4517=EDGE_CURVE('',#519,#2362,#4516,.T.);
#4518=ORIENTED_EDGE('',*,*,#4517,.F.);
#4519=ORIENTED_EDGE('',*,*,#548,.F.);
#4520=EDGE_LOOP('',(#4511,#4512,#4518,#4519));
#4521=FACE_BOUND('',#4520,.T.);
#4522=ADVANCED_FACE('',(#4521),#4505,.T.);
#4523=CARTESIAN_POINT('',(83.70625,-119.425,0.));
#4524=DIRECTION('',(1.,0.,0.));
#4525=DIRECTION('',(0.,-1.,0.));
#4526=AXIS2_PLACEMENT_3D('',#4523,#4524,#4525);
#4527=PLANE('',#4526);
#4528=CARTESIAN_POINT('',(83.70625,-119.425,0.));
#4529=DIRECTION('',(-0.,-0.,1.));
#4530=VECTOR('',#4529,1.51);
#4531=LINE('',#4528,#4530);
#4532=EDGE_CURVE('',#529,#2370,#4531,.T.);
#4533=ORIENTED_EDGE('',*,*,#4532,.T.);
#4534=ORIENTED_EDGE('',*,*,#2375,.T.);
#4535=ORIENTED_EDGE('',*,*,#4510,.F.);
#4536=ORIENTED_EDGE('',*,*,#542,.F.);
#4537=EDGE_LOOP('',(#4533,#4534,#4535,#4536));
#4538=FACE_BOUND('',#4537,.T.);
#4539=ADVANCED_FACE('',(#4538),#4527,.T.);
#4540=CARTESIAN_POINT('',(97.80625,-133.525,0.));
#4541=DIRECTION('',(-1.,0.,0.));
#4542=DIRECTION('',(0.,1.,0.));
#4543=AXIS2_PLACEMENT_3D('',#4540,#4541,#4542);
#4544=PLANE('',#4543);
#4545=ORIENTED_EDGE('',*,*,#4517,.T.);
#4546=ORIENTED_EDGE('',*,*,#2389,.T.);
#4547=CARTESIAN_POINT('',(97.80625,-119.425,0.));
#4548=DIRECTION('',(-0.,-0.,1.));
#4549=VECTOR('',#4548,1.51);
#4550=LINE('',#4547,#4549);
#4551=EDGE_CURVE('',#521,#2378,#4550,.T.);
#4552=ORIENTED_EDGE('',*,*,#4551,.F.);
#4553=ORIENTED_EDGE('',*,*,#526,.F.);
#4554=EDGE_LOOP('',(#4545,#4546,#4552,#4553));
#4555=FACE_BOUND('',#4554,.T.);
#4556=ADVANCED_FACE('',(#4555),#4544,.T.);
#4557=CARTESIAN_POINT('',(97.80625,-119.425,0.));
#4558=DIRECTION('',(0.,-1.,0.));
#4559=DIRECTION('',(-1.,0.,0.));
#4560=AXIS2_PLACEMENT_3D('',#4557,#4558,#4559);
#4561=PLANE('',#4560);
#4562=ORIENTED_EDGE('',*,*,#4551,.T.);
#4563=ORIENTED_EDGE('',*,*,#2383,.T.);
#4564=ORIENTED_EDGE('',*,*,#4532,.F.);
#4565=ORIENTED_EDGE('',*,*,#534,.F.);
#4566=EDGE_LOOP('',(#4562,#4563,#4564,#4565));
#4567=FACE_BOUND('',#4566,.T.);
#4568=ADVANCED_FACE('',(#4567),#4561,.T.);
#4569=CARTESIAN_POINT('',(55.0375,-116.95,-0.046));
#4570=DIRECTION('',(0.,0.,-1.));
#4571=DIRECTION('',(0.,-1.,0.));
#4572=AXIS2_PLACEMENT_3D('',#4569,#4570,#4571);
#4573=CYLINDRICAL_SURFACE('',#4572,1.1);
#4574=ORIENTED_EDGE('',*,*,#559,.T.);
#4575=CARTESIAN_POINT('',(55.0375,-118.05,0.));
#4576=DIRECTION('',(-0.,-0.,1.));
#4577=VECTOR('',#4576,1.51);
#4578=LINE('',#4575,#4577);
#4579=EDGE_CURVE('',#553,#2394,#4578,.T.);
#4580=ORIENTED_EDGE('',*,*,#4579,.T.);
#4581=ORIENTED_EDGE('',*,*,#2400,.F.);
#4582=ORIENTED_EDGE('',*,*,#4579,.F.);
#4583=EDGE_LOOP('',(#4574,#4580,#4581,#4582));
#4584=FACE_BOUND('',#4583,.T.);
#4585=ADVANCED_FACE('',(#4584),#4573,.F.);
#4586=CARTESIAN_POINT('',(105.1375,-133.525,0.));
#4587=DIRECTION('',(0.,1.,0.));
#4588=DIRECTION('',(1.,0.,0.));
#4589=AXIS2_PLACEMENT_3D('',#4586,#4587,#4588);
#4590=PLANE('',#4589);
#4591=CARTESIAN_POINT('',(105.1375,-133.525,0.));
#4592=DIRECTION('',(-0.,-0.,1.));
#4593=VECTOR('',#4592,1.51);
#4594=LINE('',#4591,#4593);
#4595=EDGE_CURVE('',#582,#2405,#4594,.T.);
#4596=ORIENTED_EDGE('',*,*,#4595,.T.);
#4597=ORIENTED_EDGE('',*,*,#2412,.T.);
#4598=CARTESIAN_POINT('',(119.2375,-133.525,0.));
#4599=DIRECTION('',(-0.,-0.,1.));
#4600=VECTOR('',#4599,1.51);
#4601=LINE('',#4598,#4600);
#4602=EDGE_CURVE('',#564,#2407,#4601,.T.);
#4603=ORIENTED_EDGE('',*,*,#4602,.F.);
#4604=ORIENTED_EDGE('',*,*,#593,.F.);
#4605=EDGE_LOOP('',(#4596,#4597,#4603,#4604));
#4606=FACE_BOUND('',#4605,.T.);
#4607=ADVANCED_FACE('',(#4606),#4590,.T.);
#4608=CARTESIAN_POINT('',(105.1375,-119.425,0.));
#4609=DIRECTION('',(1.,0.,0.));
#4610=DIRECTION('',(0.,-1.,0.));
#4611=AXIS2_PLACEMENT_3D('',#4608,#4609,#4610);
#4612=PLANE('',#4611);
#4613=CARTESIAN_POINT('',(105.1375,-119.425,0.));
#4614=DIRECTION('',(-0.,-0.,1.));
#4615=VECTOR('',#4614,1.51);
#4616=LINE('',#4613,#4615);
#4617=EDGE_CURVE('',#574,#2415,#4616,.T.);
#4618=ORIENTED_EDGE('',*,*,#4617,.T.);
#4619=ORIENTED_EDGE('',*,*,#2420,.T.);
#4620=ORIENTED_EDGE('',*,*,#4595,.F.);
#4621=ORIENTED_EDGE('',*,*,#587,.F.);
#4622=EDGE_LOOP('',(#4618,#4619,#4620,#4621));
#4623=FACE_BOUND('',#4622,.T.);
#4624=ADVANCED_FACE('',(#4623),#4612,.T.);
#4625=CARTESIAN_POINT('',(119.2375,-133.525,0.));
#4626=DIRECTION('',(-1.,0.,0.));
#4627=DIRECTION('',(0.,1.,0.));
#4628=AXIS2_PLACEMENT_3D('',#4625,#4626,#4627);
#4629=PLANE('',#4628);
#4630=ORIENTED_EDGE('',*,*,#4602,.T.);
#4631=ORIENTED_EDGE('',*,*,#2434,.T.);
#4632=CARTESIAN_POINT('',(119.2375,-119.425,0.));
#4633=DIRECTION('',(-0.,-0.,1.));
#4634=VECTOR('',#4633,1.51);
#4635=LINE('',#4632,#4634);
#4636=EDGE_CURVE('',#566,#2423,#4635,.T.);
#4637=ORIENTED_EDGE('',*,*,#4636,.F.);
#4638=ORIENTED_EDGE('',*,*,#571,.F.);
#4639=EDGE_LOOP('',(#4630,#4631,#4637,#4638));
#4640=FACE_BOUND('',#4639,.T.);
#4641=ADVANCED_FACE('',(#4640),#4629,.T.);
#4642=CARTESIAN_POINT('',(119.2375,-119.425,0.));
#4643=DIRECTION('',(0.,-1.,0.));
#4644=DIRECTION('',(-1.,0.,0.));
#4645=AXIS2_PLACEMENT_3D('',#4642,#4643,#4644);
#4646=PLANE('',#4645);
#4647=ORIENTED_EDGE('',*,*,#4636,.T.);
#4648=ORIENTED_EDGE('',*,*,#2428,.T.);
#4649=ORIENTED_EDGE('',*,*,#4617,.F.);
#4650=ORIENTED_EDGE('',*,*,#579,.F.);
#4651=EDGE_LOOP('',(#4647,#4648,#4649,#4650));
#4652=FACE_BOUND('',#4651,.T.);
#4653=ADVANCED_FACE('',(#4652),#4646,.T.);
#4654=CARTESIAN_POINT('',(128.95,-133.525,0.));
#4655=DIRECTION('',(0.,1.,0.));
#4656=DIRECTION('',(1.,0.,0.));
#4657=AXIS2_PLACEMENT_3D('',#4654,#4655,#4656);
#4658=PLANE('',#4657);
#4659=CARTESIAN_POINT('',(128.95,-133.525,0.));
#4660=DIRECTION('',(-0.,-0.,1.));
#4661=VECTOR('',#4660,1.51);
#4662=LINE('',#4659,#4661);
#4663=EDGE_CURVE('',#616,#2439,#4662,.T.);
#4664=ORIENTED_EDGE('',*,*,#4663,.T.);
#4665=ORIENTED_EDGE('',*,*,#2446,.T.);
#4666=CARTESIAN_POINT('',(143.05,-133.525,0.));
#4667=DIRECTION('',(-0.,-0.,1.));
#4668=VECTOR('',#4667,1.51);
#4669=LINE('',#4666,#4668);
#4670=EDGE_CURVE('',#598,#2441,#4669,.T.);
#4671=ORIENTED_EDGE('',*,*,#4670,.F.);
#4672=ORIENTED_EDGE('',*,*,#627,.F.);
#4673=EDGE_LOOP('',(#4664,#4665,#4671,#4672));
#4674=FACE_BOUND('',#4673,.T.);
#4675=ADVANCED_FACE('',(#4674),#4658,.T.);
#4676=CARTESIAN_POINT('',(128.95,-119.425,0.));
#4677=DIRECTION('',(1.,0.,0.));
#4678=DIRECTION('',(0.,-1.,0.));
#4679=AXIS2_PLACEMENT_3D('',#4676,#4677,#4678);
#4680=PLANE('',#4679);
#4681=CARTESIAN_POINT('',(128.95,-119.425,0.));
#4682=DIRECTION('',(-0.,-0.,1.));
#4683=VECTOR('',#4682,1.51);
#4684=LINE('',#4681,#4683);
#4685=EDGE_CURVE('',#608,#2449,#4684,.T.);
#4686=ORIENTED_EDGE('',*,*,#4685,.T.);
#4687=ORIENTED_EDGE('',*,*,#2454,.T.);
#4688=ORIENTED_EDGE('',*,*,#4663,.F.);
#4689=ORIENTED_EDGE('',*,*,#621,.F.);
#4690=EDGE_LOOP('',(#4686,#4687,#4688,#4689));
#4691=FACE_BOUND('',#4690,.T.);
#4692=ADVANCED_FACE('',(#4691),#4680,.T.);
#4693=CARTESIAN_POINT('',(143.05,-133.525,0.));
#4694=DIRECTION('',(-1.,0.,0.));
#4695=DIRECTION('',(0.,1.,0.));
#4696=AXIS2_PLACEMENT_3D('',#4693,#4694,#4695);
#4697=PLANE('',#4696);
#4698=ORIENTED_EDGE('',*,*,#4670,.T.);
#4699=ORIENTED_EDGE('',*,*,#2468,.T.);
#4700=CARTESIAN_POINT('',(143.05,-119.425,0.));
#4701=DIRECTION('',(-0.,-0.,1.));
#4702=VECTOR('',#4701,1.51);
#4703=LINE('',#4700,#4702);
#4704=EDGE_CURVE('',#600,#2457,#4703,.T.);
#4705=ORIENTED_EDGE('',*,*,#4704,.F.);
#4706=ORIENTED_EDGE('',*,*,#605,.F.);
#4707=EDGE_LOOP('',(#4698,#4699,#4705,#4706));
#4708=FACE_BOUND('',#4707,.T.);
#4709=ADVANCED_FACE('',(#4708),#4697,.T.);
#4710=CARTESIAN_POINT('',(143.05,-119.425,0.));
#4711=DIRECTION('',(0.,-1.,0.));
#4712=DIRECTION('',(-1.,0.,0.));
#4713=AXIS2_PLACEMENT_3D('',#4710,#4711,#4712);
#4714=PLANE('',#4713);
#4715=ORIENTED_EDGE('',*,*,#4704,.T.);
#4716=ORIENTED_EDGE('',*,*,#2462,.T.);
#4717=ORIENTED_EDGE('',*,*,#4685,.F.);
#4718=ORIENTED_EDGE('',*,*,#613,.F.);
#4719=EDGE_LOOP('',(#4715,#4716,#4717,#4718));
#4720=FACE_BOUND('',#4719,.T.);
#4721=ADVANCED_FACE('',(#4720),#4714,.T.);
#4722=CARTESIAN_POINT('',(40.84375,-114.475,0.));
#4723=DIRECTION('',(0.,1.,0.));
#4724=DIRECTION('',(1.,0.,0.));
#4725=AXIS2_PLACEMENT_3D('',#4722,#4723,#4724);
#4726=PLANE('',#4725);
#4727=CARTESIAN_POINT('',(40.84375,-114.475,0.));
#4728=DIRECTION('',(-0.,-0.,1.));
#4729=VECTOR('',#4728,1.51);
#4730=LINE('',#4727,#4729);
#4731=EDGE_CURVE('',#650,#2473,#4730,.T.);
#4732=ORIENTED_EDGE('',*,*,#4731,.T.);
#4733=ORIENTED_EDGE('',*,*,#2480,.T.);
#4734=CARTESIAN_POINT('',(54.94375,-114.475,0.));
#4735=DIRECTION('',(-0.,-0.,1.));
#4736=VECTOR('',#4735,1.51);
#4737=LINE('',#4734,#4736);
#4738=EDGE_CURVE('',#632,#2475,#4737,.T.);
#4739=ORIENTED_EDGE('',*,*,#4738,.F.);
#4740=ORIENTED_EDGE('',*,*,#661,.F.);
#4741=EDGE_LOOP('',(#4732,#4733,#4739,#4740));
#4742=FACE_BOUND('',#4741,.T.);
#4743=ADVANCED_FACE('',(#4742),#4726,.T.);
#4744=CARTESIAN_POINT('',(40.84375,-100.375,0.));
#4745=DIRECTION('',(1.,0.,0.));
#4746=DIRECTION('',(0.,-1.,0.));
#4747=AXIS2_PLACEMENT_3D('',#4744,#4745,#4746);
#4748=PLANE('',#4747);
#4749=CARTESIAN_POINT('',(40.84375,-100.375,0.));
#4750=DIRECTION('',(-0.,-0.,1.));
#4751=VECTOR('',#4750,1.51);
#4752=LINE('',#4749,#4751);
#4753=EDGE_CURVE('',#642,#2483,#4752,.T.);
#4754=ORIENTED_EDGE('',*,*,#4753,.T.);
#4755=ORIENTED_EDGE('',*,*,#2488,.T.);
#4756=ORIENTED_EDGE('',*,*,#4731,.F.);
#4757=ORIENTED_EDGE('',*,*,#655,.F.);
#4758=EDGE_LOOP('',(#4754,#4755,#4756,#4757));
#4759=FACE_BOUND('',#4758,.T.);
#4760=ADVANCED_FACE('',(#4759),#4748,.T.);
#4761=CARTESIAN_POINT('',(54.94375,-114.475,0.));
#4762=DIRECTION('',(-1.,0.,0.));
#4763=DIRECTION('',(0.,1.,0.));
#4764=AXIS2_PLACEMENT_3D('',#4761,#4762,#4763);
#4765=PLANE('',#4764);
#4766=ORIENTED_EDGE('',*,*,#4738,.T.);
#4767=ORIENTED_EDGE('',*,*,#2502,.T.);
#4768=CARTESIAN_POINT('',(54.94375,-100.375,0.));
#4769=DIRECTION('',(-0.,-0.,1.));
#4770=VECTOR('',#4769,1.51);
#4771=LINE('',#4768,#4770);
#4772=EDGE_CURVE('',#634,#2491,#4771,.T.);
#4773=ORIENTED_EDGE('',*,*,#4772,.F.);
#4774=ORIENTED_EDGE('',*,*,#639,.F.);
#4775=EDGE_LOOP('',(#4766,#4767,#4773,#4774));
#4776=FACE_BOUND('',#4775,.T.);
#4777=ADVANCED_FACE('',(#4776),#4765,.T.);
#4778=CARTESIAN_POINT('',(54.94375,-100.375,0.));
#4779=DIRECTION('',(0.,-1.,0.));
#4780=DIRECTION('',(-1.,0.,0.));
#4781=AXIS2_PLACEMENT_3D('',#4778,#4779,#4780);
#4782=PLANE('',#4781);
#4783=ORIENTED_EDGE('',*,*,#4772,.T.);
#4784=ORIENTED_EDGE('',*,*,#2496,.T.);
#4785=ORIENTED_EDGE('',*,*,#4753,.F.);
#4786=ORIENTED_EDGE('',*,*,#647,.F.);
#4787=EDGE_LOOP('',(#4783,#4784,#4785,#4786));
#4788=FACE_BOUND('',#4787,.T.);
#4789=ADVANCED_FACE('',(#4788),#4782,.T.);
#4790=CARTESIAN_POINT('',(67.0375,-114.475,0.));
#4791=DIRECTION('',(0.,1.,0.));
#4792=DIRECTION('',(1.,0.,0.));
#4793=AXIS2_PLACEMENT_3D('',#4790,#4791,#4792);
#4794=PLANE('',#4793);
#4795=CARTESIAN_POINT('',(67.0375,-114.475,0.));
#4796=DIRECTION('',(-0.,-0.,1.));
#4797=VECTOR('',#4796,1.51);
#4798=LINE('',#4795,#4797);
#4799=EDGE_CURVE('',#684,#2507,#4798,.T.);
#4800=ORIENTED_EDGE('',*,*,#4799,.T.);
#4801=ORIENTED_EDGE('',*,*,#2514,.T.);
#4802=CARTESIAN_POINT('',(81.1375,-114.475,0.));
#4803=DIRECTION('',(-0.,-0.,1.));
#4804=VECTOR('',#4803,1.51);
#4805=LINE('',#4802,#4804);
#4806=EDGE_CURVE('',#666,#2509,#4805,.T.);
#4807=ORIENTED_EDGE('',*,*,#4806,.F.);
#4808=ORIENTED_EDGE('',*,*,#695,.F.);
#4809=EDGE_LOOP('',(#4800,#4801,#4807,#4808));
#4810=FACE_BOUND('',#4809,.T.);
#4811=ADVANCED_FACE('',(#4810),#4794,.T.);
#4812=CARTESIAN_POINT('',(67.0375,-100.375,0.));
#4813=DIRECTION('',(1.,0.,0.));
#4814=DIRECTION('',(0.,-1.,0.));
#4815=AXIS2_PLACEMENT_3D('',#4812,#4813,#4814);
#4816=PLANE('',#4815);
#4817=CARTESIAN_POINT('',(67.0375,-100.375,0.));
#4818=DIRECTION('',(-0.,-0.,1.));
#4819=VECTOR('',#4818,1.51);
#4820=LINE('',#4817,#4819);
#4821=EDGE_CURVE('',#676,#2517,#4820,.T.);
#4822=ORIENTED_EDGE('',*,*,#4821,.T.);
#4823=ORIENTED_EDGE('',*,*,#2522,.T.);
#4824=ORIENTED_EDGE('',*,*,#4799,.F.);
#4825=ORIENTED_EDGE('',*,*,#689,.F.);
#4826=EDGE_LOOP('',(#4822,#4823,#4824,#4825));
#4827=FACE_BOUND('',#4826,.T.);
#4828=ADVANCED_FACE('',(#4827),#4816,.T.);
#4829=CARTESIAN_POINT('',(81.1375,-114.475,0.));
#4830=DIRECTION('',(-1.,0.,0.));
#4831=DIRECTION('',(0.,1.,0.));
#4832=AXIS2_PLACEMENT_3D('',#4829,#4830,#4831);
#4833=PLANE('',#4832);
#4834=ORIENTED_EDGE('',*,*,#4806,.T.);
#4835=ORIENTED_EDGE('',*,*,#2536,.T.);
#4836=CARTESIAN_POINT('',(81.1375,-100.375,0.));
#4837=DIRECTION('',(-0.,-0.,1.));
#4838=VECTOR('',#4837,1.51);
#4839=LINE('',#4836,#4838);
#4840=EDGE_CURVE('',#668,#2525,#4839,.T.);
#4841=ORIENTED_EDGE('',*,*,#4840,.F.);
#4842=ORIENTED_EDGE('',*,*,#673,.F.);
#4843=EDGE_LOOP('',(#4834,#4835,#4841,#4842));
#4844=FACE_BOUND('',#4843,.T.);
#4845=ADVANCED_FACE('',(#4844),#4833,.T.);
#4846=CARTESIAN_POINT('',(81.1375,-100.375,0.));
#4847=DIRECTION('',(0.,-1.,0.));
#4848=DIRECTION('',(-1.,0.,0.));
#4849=AXIS2_PLACEMENT_3D('',#4846,#4847,#4848);
#4850=PLANE('',#4849);
#4851=ORIENTED_EDGE('',*,*,#4840,.T.);
#4852=ORIENTED_EDGE('',*,*,#2530,.T.);
#4853=ORIENTED_EDGE('',*,*,#4821,.F.);
#4854=ORIENTED_EDGE('',*,*,#681,.F.);
#4855=EDGE_LOOP('',(#4851,#4852,#4853,#4854));
#4856=FACE_BOUND('',#4855,.T.);
#4857=ADVANCED_FACE('',(#4856),#4850,.T.);
#4858=CARTESIAN_POINT('',(86.0875,-114.475,0.));
#4859=DIRECTION('',(0.,1.,0.));
#4860=DIRECTION('',(1.,0.,0.));
#4861=AXIS2_PLACEMENT_3D('',#4858,#4859,#4860);
#4862=PLANE('',#4861);
#4863=CARTESIAN_POINT('',(86.0875,-114.475,0.));
#4864=DIRECTION('',(-0.,-0.,1.));
#4865=VECTOR('',#4864,1.51);
#4866=LINE('',#4863,#4865);
#4867=EDGE_CURVE('',#718,#2541,#4866,.T.);
#4868=ORIENTED_EDGE('',*,*,#4867,.T.);
#4869=ORIENTED_EDGE('',*,*,#2548,.T.);
#4870=CARTESIAN_POINT('',(100.1875,-114.475,0.));
#4871=DIRECTION('',(-0.,-0.,1.));
#4872=VECTOR('',#4871,1.51);
#4873=LINE('',#4870,#4872);
#4874=EDGE_CURVE('',#700,#2543,#4873,.T.);
#4875=ORIENTED_EDGE('',*,*,#4874,.F.);
#4876=ORIENTED_EDGE('',*,*,#729,.F.);
#4877=EDGE_LOOP('',(#4868,#4869,#4875,#4876));
#4878=FACE_BOUND('',#4877,.T.);
#4879=ADVANCED_FACE('',(#4878),#4862,.T.);
#4880=CARTESIAN_POINT('',(86.0875,-100.375,0.));
#4881=DIRECTION('',(1.,0.,0.));
#4882=DIRECTION('',(0.,-1.,0.));
#4883=AXIS2_PLACEMENT_3D('',#4880,#4881,#4882);
#4884=PLANE('',#4883);
#4885=CARTESIAN_POINT('',(86.0875,-100.375,0.));
#4886=DIRECTION('',(-0.,-0.,1.));
#4887=VECTOR('',#4886,1.51);
#4888=LINE('',#4885,#4887);
#4889=EDGE_CURVE('',#710,#2551,#4888,.T.);
#4890=ORIENTED_EDGE('',*,*,#4889,.T.);
#4891=ORIENTED_EDGE('',*,*,#2556,.T.);
#4892=ORIENTED_EDGE('',*,*,#4867,.F.);
#4893=ORIENTED_EDGE('',*,*,#723,.F.);
#4894=EDGE_LOOP('',(#4890,#4891,#4892,#4893));
#4895=FACE_BOUND('',#4894,.T.);
#4896=ADVANCED_FACE('',(#4895),#4884,.T.);
#4897=CARTESIAN_POINT('',(100.1875,-114.475,0.));
#4898=DIRECTION('',(-1.,0.,0.));
#4899=DIRECTION('',(0.,1.,0.));
#4900=AXIS2_PLACEMENT_3D('',#4897,#4898,#4899);
#4901=PLANE('',#4900);
#4902=ORIENTED_EDGE('',*,*,#4874,.T.);
#4903=ORIENTED_EDGE('',*,*,#2570,.T.);
#4904=CARTESIAN_POINT('',(100.1875,-100.375,0.));
#4905=DIRECTION('',(-0.,-0.,1.));
#4906=VECTOR('',#4905,1.51);
#4907=LINE('',#4904,#4906);
#4908=EDGE_CURVE('',#702,#2559,#4907,.T.);
#4909=ORIENTED_EDGE('',*,*,#4908,.F.);
#4910=ORIENTED_EDGE('',*,*,#707,.F.);
#4911=EDGE_LOOP('',(#4902,#4903,#4909,#4910));
#4912=FACE_BOUND('',#4911,.T.);
#4913=ADVANCED_FACE('',(#4912),#4901,.T.);
#4914=CARTESIAN_POINT('',(100.1875,-100.375,0.));
#4915=DIRECTION('',(0.,-1.,0.));
#4916=DIRECTION('',(-1.,0.,0.));
#4917=AXIS2_PLACEMENT_3D('',#4914,#4915,#4916);
#4918=PLANE('',#4917);
#4919=ORIENTED_EDGE('',*,*,#4908,.T.);
#4920=ORIENTED_EDGE('',*,*,#2564,.T.);
#4921=ORIENTED_EDGE('',*,*,#4889,.F.);
#4922=ORIENTED_EDGE('',*,*,#715,.F.);
#4923=EDGE_LOOP('',(#4919,#4920,#4921,#4922));
#4924=FACE_BOUND('',#4923,.T.);
#4925=ADVANCED_FACE('',(#4924),#4918,.T.);
#4926=CARTESIAN_POINT('',(105.1375,-114.475,0.));
#4927=DIRECTION('',(0.,1.,0.));
#4928=DIRECTION('',(1.,0.,0.));
#4929=AXIS2_PLACEMENT_3D('',#4926,#4927,#4928);
#4930=PLANE('',#4929);
#4931=CARTESIAN_POINT('',(105.1375,-114.475,0.));
#4932=DIRECTION('',(-0.,-0.,1.));
#4933=VECTOR('',#4932,1.51);
#4934=LINE('',#4931,#4933);
#4935=EDGE_CURVE('',#752,#2575,#4934,.T.);
#4936=ORIENTED_EDGE('',*,*,#4935,.T.);
#4937=ORIENTED_EDGE('',*,*,#2582,.T.);
#4938=CARTESIAN_POINT('',(119.2375,-114.475,0.));
#4939=DIRECTION('',(-0.,-0.,1.));
#4940=VECTOR('',#4939,1.51);
#4941=LINE('',#4938,#4940);
#4942=EDGE_CURVE('',#734,#2577,#4941,.T.);
#4943=ORIENTED_EDGE('',*,*,#4942,.F.);
#4944=ORIENTED_EDGE('',*,*,#763,.F.);
#4945=EDGE_LOOP('',(#4936,#4937,#4943,#4944));
#4946=FACE_BOUND('',#4945,.T.);
#4947=ADVANCED_FACE('',(#4946),#4930,.T.);
#4948=CARTESIAN_POINT('',(105.1375,-100.375,0.));
#4949=DIRECTION('',(1.,0.,0.));
#4950=DIRECTION('',(0.,-1.,0.));
#4951=AXIS2_PLACEMENT_3D('',#4948,#4949,#4950);
#4952=PLANE('',#4951);
#4953=CARTESIAN_POINT('',(105.1375,-100.375,0.));
#4954=DIRECTION('',(-0.,-0.,1.));
#4955=VECTOR('',#4954,1.51);
#4956=LINE('',#4953,#4955);
#4957=EDGE_CURVE('',#744,#2585,#4956,.T.);
#4958=ORIENTED_EDGE('',*,*,#4957,.T.);
#4959=ORIENTED_EDGE('',*,*,#2590,.T.);
#4960=ORIENTED_EDGE('',*,*,#4935,.F.);
#4961=ORIENTED_EDGE('',*,*,#757,.F.);
#4962=EDGE_LOOP('',(#4958,#4959,#4960,#4961));
#4963=FACE_BOUND('',#4962,.T.);
#4964=ADVANCED_FACE('',(#4963),#4952,.T.);
#4965=CARTESIAN_POINT('',(119.2375,-114.475,0.));
#4966=DIRECTION('',(-1.,0.,0.));
#4967=DIRECTION('',(0.,1.,0.));
#4968=AXIS2_PLACEMENT_3D('',#4965,#4966,#4967);
#4969=PLANE('',#4968);
#4970=ORIENTED_EDGE('',*,*,#4942,.T.);
#4971=ORIENTED_EDGE('',*,*,#2604,.T.);
#4972=CARTESIAN_POINT('',(119.2375,-100.375,0.));
#4973=DIRECTION('',(-0.,-0.,1.));
#4974=VECTOR('',#4973,1.51);
#4975=LINE('',#4972,#4974);
#4976=EDGE_CURVE('',#736,#2593,#4975,.T.);
#4977=ORIENTED_EDGE('',*,*,#4976,.F.);
#4978=ORIENTED_EDGE('',*,*,#741,.F.);
#4979=EDGE_LOOP('',(#4970,#4971,#4977,#4978));
#4980=FACE_BOUND('',#4979,.T.);
#4981=ADVANCED_FACE('',(#4980),#4969,.T.);
#4982=CARTESIAN_POINT('',(119.2375,-100.375,0.));
#4983=DIRECTION('',(0.,-1.,0.));
#4984=DIRECTION('',(-1.,0.,0.));
#4985=AXIS2_PLACEMENT_3D('',#4982,#4983,#4984);
#4986=PLANE('',#4985);
#4987=ORIENTED_EDGE('',*,*,#4976,.T.);
#4988=ORIENTED_EDGE('',*,*,#2598,.T.);
#4989=ORIENTED_EDGE('',*,*,#4957,.F.);
#4990=ORIENTED_EDGE('',*,*,#749,.F.);
#4991=EDGE_LOOP('',(#4987,#4988,#4989,#4990));
#4992=FACE_BOUND('',#4991,.T.);
#4993=ADVANCED_FACE('',(#4992),#4986,.T.);
#4994=CARTESIAN_POINT('',(124.1875,-114.475,0.));
#4995=DIRECTION('',(0.,1.,0.));
#4996=DIRECTION('',(1.,0.,0.));
#4997=AXIS2_PLACEMENT_3D('',#4994,#4995,#4996);
#4998=PLANE('',#4997);
#4999=CARTESIAN_POINT('',(124.1875,-114.475,0.));
#5000=DIRECTION('',(-0.,-0.,1.));
#5001=VECTOR('',#5000,1.51);
#5002=LINE('',#4999,#5001);
#5003=EDGE_CURVE('',#786,#2609,#5002,.T.);
#5004=ORIENTED_EDGE('',*,*,#5003,.T.);
#5005=ORIENTED_EDGE('',*,*,#2616,.T.);
#5006=CARTESIAN_POINT('',(138.2875,-114.475,0.));
#5007=DIRECTION('',(-0.,-0.,1.));
#5008=VECTOR('',#5007,1.51);
#5009=LINE('',#5006,#5008);
#5010=EDGE_CURVE('',#768,#2611,#5009,.T.);
#5011=ORIENTED_EDGE('',*,*,#5010,.F.);
#5012=ORIENTED_EDGE('',*,*,#797,.F.);
#5013=EDGE_LOOP('',(#5004,#5005,#5011,#5012));
#5014=FACE_BOUND('',#5013,.T.);
#5015=ADVANCED_FACE('',(#5014),#4998,.T.);
#5016=CARTESIAN_POINT('',(124.1875,-100.375,0.));
#5017=DIRECTION('',(1.,0.,0.));
#5018=DIRECTION('',(0.,-1.,0.));
#5019=AXIS2_PLACEMENT_3D('',#5016,#5017,#5018);
#5020=PLANE('',#5019);
#5021=CARTESIAN_POINT('',(124.1875,-100.375,0.));
#5022=DIRECTION('',(-0.,-0.,1.));
#5023=VECTOR('',#5022,1.51);
#5024=LINE('',#5021,#5023);
#5025=EDGE_CURVE('',#778,#2619,#5024,.T.);
#5026=ORIENTED_EDGE('',*,*,#5025,.T.);
#5027=ORIENTED_EDGE('',*,*,#2624,.T.);
#5028=ORIENTED_EDGE('',*,*,#5003,.F.);
#5029=ORIENTED_EDGE('',*,*,#791,.F.);
#5030=EDGE_LOOP('',(#5026,#5027,#5028,#5029));
#5031=FACE_BOUND('',#5030,.T.);
#5032=ADVANCED_FACE('',(#5031),#5020,.T.);
#5033=CARTESIAN_POINT('',(138.2875,-114.475,0.));
#5034=DIRECTION('',(-1.,0.,0.));
#5035=DIRECTION('',(0.,1.,0.));
#5036=AXIS2_PLACEMENT_3D('',#5033,#5034,#5035);
#5037=PLANE('',#5036);
#5038=ORIENTED_EDGE('',*,*,#5010,.T.);
#5039=ORIENTED_EDGE('',*,*,#2638,.T.);
#5040=CARTESIAN_POINT('',(138.2875,-100.375,0.));
#5041=DIRECTION('',(-0.,-0.,1.));
#5042=VECTOR('',#5041,1.51);
#5043=LINE('',#5040,#5042);
#5044=EDGE_CURVE('',#770,#2627,#5043,.T.);
#5045=ORIENTED_EDGE('',*,*,#5044,.F.);
#5046=ORIENTED_EDGE('',*,*,#775,.F.);
#5047=EDGE_LOOP('',(#5038,#5039,#5045,#5046));
#5048=FACE_BOUND('',#5047,.T.);
#5049=ADVANCED_FACE('',(#5048),#5037,.T.);
#5050=CARTESIAN_POINT('',(138.2875,-100.375,0.));
#5051=DIRECTION('',(0.,-1.,0.));
#5052=DIRECTION('',(-1.,0.,0.));
#5053=AXIS2_PLACEMENT_3D('',#5050,#5051,#5052);
#5054=PLANE('',#5053);
#5055=ORIENTED_EDGE('',*,*,#5044,.T.);
#5056=ORIENTED_EDGE('',*,*,#2632,.T.);
#5057=ORIENTED_EDGE('',*,*,#5025,.F.);
#5058=ORIENTED_EDGE('',*,*,#783,.F.);
#5059=EDGE_LOOP('',(#5055,#5056,#5057,#5058));
#5060=FACE_BOUND('',#5059,.T.);
#5061=ADVANCED_FACE('',(#5060),#5054,.T.);
#5062=CARTESIAN_POINT('',(157.525,-133.525,0.));
#5063=DIRECTION('',(0.,1.,0.));
#5064=DIRECTION('',(1.,0.,0.));
#5065=AXIS2_PLACEMENT_3D('',#5062,#5063,#5064);
#5066=PLANE('',#5065);
#5067=CARTESIAN_POINT('',(157.525,-133.525,0.));
#5068=DIRECTION('',(-0.,-0.,1.));
#5069=VECTOR('',#5068,1.51);
#5070=LINE('',#5067,#5069);
#5071=EDGE_CURVE('',#820,#2643,#5070,.T.);
#5072=ORIENTED_EDGE('',*,*,#5071,.T.);
#5073=ORIENTED_EDGE('',*,*,#2650,.T.);
#5074=CARTESIAN_POINT('',(171.625,-133.525,0.));
#5075=DIRECTION('',(-0.,-0.,1.));
#5076=VECTOR('',#5075,1.51);
#5077=LINE('',#5074,#5076);
#5078=EDGE_CURVE('',#802,#2645,#5077,.T.);
#5079=ORIENTED_EDGE('',*,*,#5078,.F.);
#5080=ORIENTED_EDGE('',*,*,#831,.F.);
#5081=EDGE_LOOP('',(#5072,#5073,#5079,#5080));
#5082=FACE_BOUND('',#5081,.T.);
#5083=ADVANCED_FACE('',(#5082),#5066,.T.);
#5084=CARTESIAN_POINT('',(157.525,-119.425,0.));
#5085=DIRECTION('',(1.,0.,0.));
#5086=DIRECTION('',(0.,-1.,0.));
#5087=AXIS2_PLACEMENT_3D('',#5084,#5085,#5086);
#5088=PLANE('',#5087);
#5089=CARTESIAN_POINT('',(157.525,-119.425,0.));
#5090=DIRECTION('',(-0.,-0.,1.));
#5091=VECTOR('',#5090,1.51);
#5092=LINE('',#5089,#5091);
#5093=EDGE_CURVE('',#812,#2653,#5092,.T.);
#5094=ORIENTED_EDGE('',*,*,#5093,.T.);
#5095=ORIENTED_EDGE('',*,*,#2658,.T.);
#5096=ORIENTED_EDGE('',*,*,#5071,.F.);
#5097=ORIENTED_EDGE('',*,*,#825,.F.);
#5098=EDGE_LOOP('',(#5094,#5095,#5096,#5097));
#5099=FACE_BOUND('',#5098,.T.);
#5100=ADVANCED_FACE('',(#5099),#5088,.T.);
#5101=CARTESIAN_POINT('',(171.625,-133.525,0.));
#5102=DIRECTION('',(-1.,0.,0.));
#5103=DIRECTION('',(0.,1.,0.));
#5104=AXIS2_PLACEMENT_3D('',#5101,#5102,#5103);
#5105=PLANE('',#5104);
#5106=ORIENTED_EDGE('',*,*,#5078,.T.);
#5107=ORIENTED_EDGE('',*,*,#2672,.T.);
#5108=CARTESIAN_POINT('',(171.625,-119.425,0.));
#5109=DIRECTION('',(-0.,-0.,1.));
#5110=VECTOR('',#5109,1.51);
#5111=LINE('',#5108,#5110);
#5112=EDGE_CURVE('',#804,#2661,#5111,.T.);
#5113=ORIENTED_EDGE('',*,*,#5112,.F.);
#5114=ORIENTED_EDGE('',*,*,#809,.F.);
#5115=EDGE_LOOP('',(#5106,#5107,#5113,#5114));
#5116=FACE_BOUND('',#5115,.T.);
#5117=ADVANCED_FACE('',(#5116),#5105,.T.);
#5118=CARTESIAN_POINT('',(171.625,-119.425,0.));
#5119=DIRECTION('',(0.,-1.,0.));
#5120=DIRECTION('',(-1.,0.,0.));
#5121=AXIS2_PLACEMENT_3D('',#5118,#5119,#5120);
#5122=PLANE('',#5121);
#5123=ORIENTED_EDGE('',*,*,#5112,.T.);
#5124=ORIENTED_EDGE('',*,*,#2666,.T.);
#5125=ORIENTED_EDGE('',*,*,#5093,.F.);
#5126=ORIENTED_EDGE('',*,*,#817,.F.);
#5127=EDGE_LOOP('',(#5123,#5124,#5125,#5126));
#5128=FACE_BOUND('',#5127,.T.);
#5129=ADVANCED_FACE('',(#5128),#5122,.T.);
#5130=CARTESIAN_POINT('',(181.3375,-133.525,0.));
#5131=DIRECTION('',(0.,1.,0.));
#5132=DIRECTION('',(1.,0.,0.));
#5133=AXIS2_PLACEMENT_3D('',#5130,#5131,#5132);
#5134=PLANE('',#5133);
#5135=CARTESIAN_POINT('',(181.3375,-133.525,0.));
#5136=DIRECTION('',(-0.,-0.,1.));
#5137=VECTOR('',#5136,1.51);
#5138=LINE('',#5135,#5137);
#5139=EDGE_CURVE('',#854,#2677,#5138,.T.);
#5140=ORIENTED_EDGE('',*,*,#5139,.T.);
#5141=ORIENTED_EDGE('',*,*,#2684,.T.);
#5142=CARTESIAN_POINT('',(195.4375,-133.525,0.));
#5143=DIRECTION('',(-0.,-0.,1.));
#5144=VECTOR('',#5143,1.51);
#5145=LINE('',#5142,#5144);
#5146=EDGE_CURVE('',#836,#2679,#5145,.T.);
#5147=ORIENTED_EDGE('',*,*,#5146,.F.);
#5148=ORIENTED_EDGE('',*,*,#865,.F.);
#5149=EDGE_LOOP('',(#5140,#5141,#5147,#5148));
#5150=FACE_BOUND('',#5149,.T.);
#5151=ADVANCED_FACE('',(#5150),#5134,.T.);
#5152=CARTESIAN_POINT('',(181.3375,-119.425,0.));
#5153=DIRECTION('',(1.,0.,0.));
#5154=DIRECTION('',(0.,-1.,0.));
#5155=AXIS2_PLACEMENT_3D('',#5152,#5153,#5154);
#5156=PLANE('',#5155);
#5157=CARTESIAN_POINT('',(181.3375,-119.425,0.));
#5158=DIRECTION('',(-0.,-0.,1.));
#5159=VECTOR('',#5158,1.51);
#5160=LINE('',#5157,#5159);
#5161=EDGE_CURVE('',#846,#2687,#5160,.T.);
#5162=ORIENTED_EDGE('',*,*,#5161,.T.);
#5163=ORIENTED_EDGE('',*,*,#2692,.T.);
#5164=ORIENTED_EDGE('',*,*,#5139,.F.);
#5165=ORIENTED_EDGE('',*,*,#859,.F.);
#5166=EDGE_LOOP('',(#5162,#5163,#5164,#5165));
#5167=FACE_BOUND('',#5166,.T.);
#5168=ADVANCED_FACE('',(#5167),#5156,.T.);
#5169=CARTESIAN_POINT('',(195.4375,-133.525,0.));
#5170=DIRECTION('',(-1.,0.,0.));
#5171=DIRECTION('',(0.,1.,0.));
#5172=AXIS2_PLACEMENT_3D('',#5169,#5170,#5171);
#5173=PLANE('',#5172);
#5174=ORIENTED_EDGE('',*,*,#5146,.T.);
#5175=ORIENTED_EDGE('',*,*,#2706,.T.);
#5176=CARTESIAN_POINT('',(195.4375,-119.425,0.));
#5177=DIRECTION('',(-0.,-0.,1.));
#5178=VECTOR('',#5177,1.51);
#5179=LINE('',#5176,#5178);
#5180=EDGE_CURVE('',#838,#2695,#5179,.T.);
#5181=ORIENTED_EDGE('',*,*,#5180,.F.);
#5182=ORIENTED_EDGE('',*,*,#843,.F.);
#5183=EDGE_LOOP('',(#5174,#5175,#5181,#5182));
#5184=FACE_BOUND('',#5183,.T.);
#5185=ADVANCED_FACE('',(#5184),#5173,.T.);
#5186=CARTESIAN_POINT('',(195.4375,-119.425,0.));
#5187=DIRECTION('',(0.,-1.,0.));
#5188=DIRECTION('',(-1.,0.,0.));
#5189=AXIS2_PLACEMENT_3D('',#5186,#5187,#5188);
#5190=PLANE('',#5189);
#5191=ORIENTED_EDGE('',*,*,#5180,.T.);
#5192=ORIENTED_EDGE('',*,*,#2700,.T.);
#5193=ORIENTED_EDGE('',*,*,#5161,.F.);
#5194=ORIENTED_EDGE('',*,*,#851,.F.);
#5195=EDGE_LOOP('',(#5191,#5192,#5193,#5194));
#5196=FACE_BOUND('',#5195,.T.);
#5197=ADVANCED_FACE('',(#5196),#5190,.T.);
#5198=CARTESIAN_POINT('',(159.8125,-116.95,-0.046));
#5199=DIRECTION('',(0.,0.,-1.));
#5200=DIRECTION('',(0.,-1.,0.));
#5201=AXIS2_PLACEMENT_3D('',#5198,#5199,#5200);
#5202=CYLINDRICAL_SURFACE('',#5201,1.1);
#5203=ORIENTED_EDGE('',*,*,#876,.T.);
#5204=CARTESIAN_POINT('',(159.8125,-118.05,0.));
#5205=DIRECTION('',(-0.,-0.,1.));
#5206=VECTOR('',#5205,1.51);
#5207=LINE('',#5204,#5206);
#5208=EDGE_CURVE('',#870,#2711,#5207,.T.);
#5209=ORIENTED_EDGE('',*,*,#5208,.T.);
#5210=ORIENTED_EDGE('',*,*,#2717,.F.);
#5211=ORIENTED_EDGE('',*,*,#5208,.F.);
#5212=EDGE_LOOP('',(#5203,#5209,#5210,#5211));
#5213=FACE_BOUND('',#5212,.T.);
#5214=ADVANCED_FACE('',(#5213),#5202,.F.);
#5215=CARTESIAN_POINT('',(202.76875,-133.525,0.));
#5216=DIRECTION('',(0.,1.,0.));
#5217=DIRECTION('',(1.,0.,0.));
#5218=AXIS2_PLACEMENT_3D('',#5215,#5216,#5217);
#5219=PLANE('',#5218);
#5220=CARTESIAN_POINT('',(202.76875,-133.525,0.));
#5221=DIRECTION('',(-0.,-0.,1.));
#5222=VECTOR('',#5221,1.51);
#5223=LINE('',#5220,#5222);
#5224=EDGE_CURVE('',#899,#2722,#5223,.T.);
#5225=ORIENTED_EDGE('',*,*,#5224,.T.);
#5226=ORIENTED_EDGE('',*,*,#2729,.T.);
#5227=CARTESIAN_POINT('',(216.86875,-133.525,0.));
#5228=DIRECTION('',(-0.,-0.,1.));
#5229=VECTOR('',#5228,1.51);
#5230=LINE('',#5227,#5229);
#5231=EDGE_CURVE('',#881,#2724,#5230,.T.);
#5232=ORIENTED_EDGE('',*,*,#5231,.F.);
#5233=ORIENTED_EDGE('',*,*,#910,.F.);
#5234=EDGE_LOOP('',(#5225,#5226,#5232,#5233));
#5235=FACE_BOUND('',#5234,.T.);
#5236=ADVANCED_FACE('',(#5235),#5219,.T.);
#5237=CARTESIAN_POINT('',(202.76875,-119.425,0.));
#5238=DIRECTION('',(1.,0.,0.));
#5239=DIRECTION('',(0.,-1.,0.));
#5240=AXIS2_PLACEMENT_3D('',#5237,#5238,#5239);
#5241=PLANE('',#5240);
#5242=CARTESIAN_POINT('',(202.76875,-119.425,0.));
#5243=DIRECTION('',(-0.,-0.,1.));
#5244=VECTOR('',#5243,1.51);
#5245=LINE('',#5242,#5244);
#5246=EDGE_CURVE('',#891,#2732,#5245,.T.);
#5247=ORIENTED_EDGE('',*,*,#5246,.T.);
#5248=ORIENTED_EDGE('',*,*,#2737,.T.);
#5249=ORIENTED_EDGE('',*,*,#5224,.F.);
#5250=ORIENTED_EDGE('',*,*,#904,.F.);
#5251=EDGE_LOOP('',(#5247,#5248,#5249,#5250));
#5252=FACE_BOUND('',#5251,.T.);
#5253=ADVANCED_FACE('',(#5252),#5241,.T.);
#5254=CARTESIAN_POINT('',(216.86875,-133.525,0.));
#5255=DIRECTION('',(-1.,0.,0.));
#5256=DIRECTION('',(0.,1.,0.));
#5257=AXIS2_PLACEMENT_3D('',#5254,#5255,#5256);
#5258=PLANE('',#5257);
#5259=ORIENTED_EDGE('',*,*,#5231,.T.);
#5260=ORIENTED_EDGE('',*,*,#2751,.T.);
#5261=CARTESIAN_POINT('',(216.86875,-119.425,0.));
#5262=DIRECTION('',(-0.,-0.,1.));
#5263=VECTOR('',#5262,1.51);
#5264=LINE('',#5261,#5263);
#5265=EDGE_CURVE('',#883,#2740,#5264,.T.);
#5266=ORIENTED_EDGE('',*,*,#5265,.F.);
#5267=ORIENTED_EDGE('',*,*,#888,.F.);
#5268=EDGE_LOOP('',(#5259,#5260,#5266,#5267));
#5269=FACE_BOUND('',#5268,.T.);
#5270=ADVANCED_FACE('',(#5269),#5258,.T.);
#5271=CARTESIAN_POINT('',(216.86875,-119.425,0.));
#5272=DIRECTION('',(0.,-1.,0.));
#5273=DIRECTION('',(-1.,0.,0.));
#5274=AXIS2_PLACEMENT_3D('',#5271,#5272,#5273);
#5275=PLANE('',#5274);
#5276=ORIENTED_EDGE('',*,*,#5265,.T.);
#5277=ORIENTED_EDGE('',*,*,#2745,.T.);
#5278=ORIENTED_EDGE('',*,*,#5246,.F.);
#5279=ORIENTED_EDGE('',*,*,#896,.F.);
#5280=EDGE_LOOP('',(#5276,#5277,#5278,#5279));
#5281=FACE_BOUND('',#5280,.T.);
#5282=ADVANCED_FACE('',(#5281),#5275,.T.);
#5283=CARTESIAN_POINT('',(226.58125,-133.525,0.));
#5284=DIRECTION('',(0.,1.,0.));
#5285=DIRECTION('',(1.,0.,0.));
#5286=AXIS2_PLACEMENT_3D('',#5283,#5284,#5285);
#5287=PLANE('',#5286);
#5288=CARTESIAN_POINT('',(226.58125,-133.525,0.));
#5289=DIRECTION('',(-0.,-0.,1.));
#5290=VECTOR('',#5289,1.51);
#5291=LINE('',#5288,#5290);
#5292=EDGE_CURVE('',#933,#2756,#5291,.T.);
#5293=ORIENTED_EDGE('',*,*,#5292,.T.);
#5294=ORIENTED_EDGE('',*,*,#2763,.T.);
#5295=CARTESIAN_POINT('',(240.68125,-133.525,0.));
#5296=DIRECTION('',(-0.,-0.,1.));
#5297=VECTOR('',#5296,1.51);
#5298=LINE('',#5295,#5297);
#5299=EDGE_CURVE('',#915,#2758,#5298,.T.);
#5300=ORIENTED_EDGE('',*,*,#5299,.F.);
#5301=ORIENTED_EDGE('',*,*,#944,.F.);
#5302=EDGE_LOOP('',(#5293,#5294,#5300,#5301));
#5303=FACE_BOUND('',#5302,.T.);
#5304=ADVANCED_FACE('',(#5303),#5287,.T.);
#5305=CARTESIAN_POINT('',(226.58125,-119.425,0.));
#5306=DIRECTION('',(1.,0.,0.));
#5307=DIRECTION('',(0.,-1.,0.));
#5308=AXIS2_PLACEMENT_3D('',#5305,#5306,#5307);
#5309=PLANE('',#5308);
#5310=CARTESIAN_POINT('',(226.58125,-119.425,0.));
#5311=DIRECTION('',(-0.,-0.,1.));
#5312=VECTOR('',#5311,1.51);
#5313=LINE('',#5310,#5312);
#5314=EDGE_CURVE('',#925,#2766,#5313,.T.);
#5315=ORIENTED_EDGE('',*,*,#5314,.T.);
#5316=ORIENTED_EDGE('',*,*,#2771,.T.);
#5317=ORIENTED_EDGE('',*,*,#5292,.F.);
#5318=ORIENTED_EDGE('',*,*,#938,.F.);
#5319=EDGE_LOOP('',(#5315,#5316,#5317,#5318));
#5320=FACE_BOUND('',#5319,.T.);
#5321=ADVANCED_FACE('',(#5320),#5309,.T.);
#5322=CARTESIAN_POINT('',(240.68125,-133.525,0.));
#5323=DIRECTION('',(-1.,0.,0.));
#5324=DIRECTION('',(0.,1.,0.));
#5325=AXIS2_PLACEMENT_3D('',#5322,#5323,#5324);
#5326=PLANE('',#5325);
#5327=ORIENTED_EDGE('',*,*,#5299,.T.);
#5328=ORIENTED_EDGE('',*,*,#2785,.T.);
#5329=CARTESIAN_POINT('',(240.68125,-119.425,0.));
#5330=DIRECTION('',(-0.,-0.,1.));
#5331=VECTOR('',#5330,1.51);
#5332=LINE('',#5329,#5331);
#5333=EDGE_CURVE('',#917,#2774,#5332,.T.);
#5334=ORIENTED_EDGE('',*,*,#5333,.F.);
#5335=ORIENTED_EDGE('',*,*,#922,.F.);
#5336=EDGE_LOOP('',(#5327,#5328,#5334,#5335));
#5337=FACE_BOUND('',#5336,.T.);
#5338=ADVANCED_FACE('',(#5337),#5326,.T.);
#5339=CARTESIAN_POINT('',(240.68125,-119.425,0.));
#5340=DIRECTION('',(0.,-1.,0.));
#5341=DIRECTION('',(-1.,0.,0.));
#5342=AXIS2_PLACEMENT_3D('',#5339,#5340,#5341);
#5343=PLANE('',#5342);
#5344=ORIENTED_EDGE('',*,*,#5333,.T.);
#5345=ORIENTED_EDGE('',*,*,#2779,.T.);
#5346=ORIENTED_EDGE('',*,*,#5314,.F.);
#5347=ORIENTED_EDGE('',*,*,#930,.F.);
#5348=EDGE_LOOP('',(#5344,#5345,#5346,#5347));
#5349=FACE_BOUND('',#5348,.T.);
#5350=ADVANCED_FACE('',(#5349),#5343,.T.);
#5351=CARTESIAN_POINT('',(250.39375,-133.525,0.));
#5352=DIRECTION('',(0.,1.,0.));
#5353=DIRECTION('',(1.,0.,0.));
#5354=AXIS2_PLACEMENT_3D('',#5351,#5352,#5353);
#5355=PLANE('',#5354);
#5356=CARTESIAN_POINT('',(250.39375,-133.525,0.));
#5357=DIRECTION('',(-0.,-0.,1.));
#5358=VECTOR('',#5357,1.51);
#5359=LINE('',#5356,#5358);
#5360=EDGE_CURVE('',#967,#2790,#5359,.T.);
#5361=ORIENTED_EDGE('',*,*,#5360,.T.);
#5362=ORIENTED_EDGE('',*,*,#2797,.T.);
#5363=CARTESIAN_POINT('',(264.49375,-133.525,0.));
#5364=DIRECTION('',(-0.,-0.,1.));
#5365=VECTOR('',#5364,1.51);
#5366=LINE('',#5363,#5365);
#5367=EDGE_CURVE('',#949,#2792,#5366,.T.);
#5368=ORIENTED_EDGE('',*,*,#5367,.F.);
#5369=ORIENTED_EDGE('',*,*,#978,.F.);
#5370=EDGE_LOOP('',(#5361,#5362,#5368,#5369));
#5371=FACE_BOUND('',#5370,.T.);
#5372=ADVANCED_FACE('',(#5371),#5355,.T.);
#5373=CARTESIAN_POINT('',(250.39375,-119.425,0.));
#5374=DIRECTION('',(1.,0.,0.));
#5375=DIRECTION('',(0.,-1.,0.));
#5376=AXIS2_PLACEMENT_3D('',#5373,#5374,#5375);
#5377=PLANE('',#5376);
#5378=CARTESIAN_POINT('',(250.39375,-119.425,0.));
#5379=DIRECTION('',(-0.,-0.,1.));
#5380=VECTOR('',#5379,1.51);
#5381=LINE('',#5378,#5380);
#5382=EDGE_CURVE('',#959,#2800,#5381,.T.);
#5383=ORIENTED_EDGE('',*,*,#5382,.T.);
#5384=ORIENTED_EDGE('',*,*,#2805,.T.);
#5385=ORIENTED_EDGE('',*,*,#5360,.F.);
#5386=ORIENTED_EDGE('',*,*,#972,.F.);
#5387=EDGE_LOOP('',(#5383,#5384,#5385,#5386));
#5388=FACE_BOUND('',#5387,.T.);
#5389=ADVANCED_FACE('',(#5388),#5377,.T.);
#5390=CARTESIAN_POINT('',(264.49375,-133.525,0.));
#5391=DIRECTION('',(-1.,0.,0.));
#5392=DIRECTION('',(0.,1.,0.));
#5393=AXIS2_PLACEMENT_3D('',#5390,#5391,#5392);
#5394=PLANE('',#5393);
#5395=ORIENTED_EDGE('',*,*,#5367,.T.);
#5396=ORIENTED_EDGE('',*,*,#2819,.T.);
#5397=CARTESIAN_POINT('',(264.49375,-119.425,0.));
#5398=DIRECTION('',(-0.,-0.,1.));
#5399=VECTOR('',#5398,1.51);
#5400=LINE('',#5397,#5399);
#5401=EDGE_CURVE('',#951,#2808,#5400,.T.);
#5402=ORIENTED_EDGE('',*,*,#5401,.F.);
#5403=ORIENTED_EDGE('',*,*,#956,.F.);
#5404=EDGE_LOOP('',(#5395,#5396,#5402,#5403));
#5405=FACE_BOUND('',#5404,.T.);
#5406=ADVANCED_FACE('',(#5405),#5394,.T.);
#5407=CARTESIAN_POINT('',(264.49375,-119.425,0.));
#5408=DIRECTION('',(0.,-1.,0.));
#5409=DIRECTION('',(-1.,0.,0.));
#5410=AXIS2_PLACEMENT_3D('',#5407,#5408,#5409);
#5411=PLANE('',#5410);
#5412=ORIENTED_EDGE('',*,*,#5401,.T.);
#5413=ORIENTED_EDGE('',*,*,#2813,.T.);
#5414=ORIENTED_EDGE('',*,*,#5382,.F.);
#5415=ORIENTED_EDGE('',*,*,#964,.F.);
#5416=EDGE_LOOP('',(#5412,#5413,#5414,#5415));
#5417=FACE_BOUND('',#5416,.T.);
#5418=ADVANCED_FACE('',(#5417),#5411,.T.);
#5419=CARTESIAN_POINT('',(245.5375,-116.95,-0.046));
#5420=DIRECTION('',(0.,0.,-1.));
#5421=DIRECTION('',(0.,-1.,0.));
#5422=AXIS2_PLACEMENT_3D('',#5419,#5420,#5421);
#5423=CYLINDRICAL_SURFACE('',#5422,1.1);
#5424=ORIENTED_EDGE('',*,*,#989,.T.);
#5425=CARTESIAN_POINT('',(245.5375,-118.05,0.));
#5426=DIRECTION('',(-0.,-0.,1.));
#5427=VECTOR('',#5426,1.51);
#5428=LINE('',#5425,#5427);
#5429=EDGE_CURVE('',#983,#2824,#5428,.T.);
#5430=ORIENTED_EDGE('',*,*,#5429,.T.);
#5431=ORIENTED_EDGE('',*,*,#2830,.F.);
#5432=ORIENTED_EDGE('',*,*,#5429,.F.);
#5433=EDGE_LOOP('',(#5424,#5430,#5431,#5432));
#5434=FACE_BOUND('',#5433,.T.);
#5435=ADVANCED_FACE('',(#5434),#5423,.F.);
#5436=CARTESIAN_POINT('',(143.2375,-114.475,0.));
#5437=DIRECTION('',(0.,1.,0.));
#5438=DIRECTION('',(1.,0.,0.));
#5439=AXIS2_PLACEMENT_3D('',#5436,#5437,#5438);
#5440=PLANE('',#5439);
#5441=CARTESIAN_POINT('',(143.2375,-114.475,0.));
#5442=DIRECTION('',(-0.,-0.,1.));
#5443=VECTOR('',#5442,1.51);
#5444=LINE('',#5441,#5443);
#5445=EDGE_CURVE('',#1012,#2835,#5444,.T.);
#5446=ORIENTED_EDGE('',*,*,#5445,.T.);
#5447=ORIENTED_EDGE('',*,*,#2842,.T.);
#5448=CARTESIAN_POINT('',(157.3375,-114.475,0.));
#5449=DIRECTION('',(-0.,-0.,1.));
#5450=VECTOR('',#5449,1.51);
#5451=LINE('',#5448,#5450);
#5452=EDGE_CURVE('',#994,#2837,#5451,.T.);
#5453=ORIENTED_EDGE('',*,*,#5452,.F.);
#5454=ORIENTED_EDGE('',*,*,#1023,.F.);
#5455=EDGE_LOOP('',(#5446,#5447,#5453,#5454));
#5456=FACE_BOUND('',#5455,.T.);
#5457=ADVANCED_FACE('',(#5456),#5440,.T.);
#5458=CARTESIAN_POINT('',(143.2375,-100.375,0.));
#5459=DIRECTION('',(1.,0.,0.));
#5460=DIRECTION('',(0.,-1.,0.));
#5461=AXIS2_PLACEMENT_3D('',#5458,#5459,#5460);
#5462=PLANE('',#5461);
#5463=CARTESIAN_POINT('',(143.2375,-100.375,0.));
#5464=DIRECTION('',(-0.,-0.,1.));
#5465=VECTOR('',#5464,1.51);
#5466=LINE('',#5463,#5465);
#5467=EDGE_CURVE('',#1004,#2845,#5466,.T.);
#5468=ORIENTED_EDGE('',*,*,#5467,.T.);
#5469=ORIENTED_EDGE('',*,*,#2850,.T.);
#5470=ORIENTED_EDGE('',*,*,#5445,.F.);
#5471=ORIENTED_EDGE('',*,*,#1017,.F.);
#5472=EDGE_LOOP('',(#5468,#5469,#5470,#5471));
#5473=FACE_BOUND('',#5472,.T.);
#5474=ADVANCED_FACE('',(#5473),#5462,.T.);
#5475=CARTESIAN_POINT('',(157.3375,-114.475,0.));
#5476=DIRECTION('',(-1.,0.,0.));
#5477=DIRECTION('',(0.,1.,0.));
#5478=AXIS2_PLACEMENT_3D('',#5475,#5476,#5477);
#5479=PLANE('',#5478);
#5480=ORIENTED_EDGE('',*,*,#5452,.T.);
#5481=ORIENTED_EDGE('',*,*,#2864,.T.);
#5482=CARTESIAN_POINT('',(157.3375,-100.375,0.));
#5483=DIRECTION('',(-0.,-0.,1.));
#5484=VECTOR('',#5483,1.51);
#5485=LINE('',#5482,#5484);
#5486=EDGE_CURVE('',#996,#2853,#5485,.T.);
#5487=ORIENTED_EDGE('',*,*,#5486,.F.);
#5488=ORIENTED_EDGE('',*,*,#1001,.F.);
#5489=EDGE_LOOP('',(#5480,#5481,#5487,#5488));
#5490=FACE_BOUND('',#5489,.T.);
#5491=ADVANCED_FACE('',(#5490),#5479,.T.);
#5492=CARTESIAN_POINT('',(157.3375,-100.375,0.));
#5493=DIRECTION('',(0.,-1.,0.));
#5494=DIRECTION('',(-1.,0.,0.));
#5495=AXIS2_PLACEMENT_3D('',#5492,#5493,#5494);
#5496=PLANE('',#5495);
#5497=ORIENTED_EDGE('',*,*,#5486,.T.);
#5498=ORIENTED_EDGE('',*,*,#2858,.T.);
#5499=ORIENTED_EDGE('',*,*,#5467,.F.);
#5500=ORIENTED_EDGE('',*,*,#1009,.F.);
#5501=EDGE_LOOP('',(#5497,#5498,#5499,#5500));
#5502=FACE_BOUND('',#5501,.T.);
#5503=ADVANCED_FACE('',(#5502),#5496,.T.);
#5504=CARTESIAN_POINT('',(162.2875,-114.475,0.));
#5505=DIRECTION('',(0.,1.,0.));
#5506=DIRECTION('',(1.,0.,0.));
#5507=AXIS2_PLACEMENT_3D('',#5504,#5505,#5506);
#5508=PLANE('',#5507);
#5509=CARTESIAN_POINT('',(162.2875,-114.475,0.));
#5510=DIRECTION('',(-0.,-0.,1.));
#5511=VECTOR('',#5510,1.51);
#5512=LINE('',#5509,#5511);
#5513=EDGE_CURVE('',#1046,#2869,#5512,.T.);
#5514=ORIENTED_EDGE('',*,*,#5513,.T.);
#5515=ORIENTED_EDGE('',*,*,#2876,.T.);
#5516=CARTESIAN_POINT('',(176.3875,-114.475,0.));
#5517=DIRECTION('',(-0.,-0.,1.));
#5518=VECTOR('',#5517,1.51);
#5519=LINE('',#5516,#5518);
#5520=EDGE_CURVE('',#1028,#2871,#5519,.T.);
#5521=ORIENTED_EDGE('',*,*,#5520,.F.);
#5522=ORIENTED_EDGE('',*,*,#1057,.F.);
#5523=EDGE_LOOP('',(#5514,#5515,#5521,#5522));
#5524=FACE_BOUND('',#5523,.T.);
#5525=ADVANCED_FACE('',(#5524),#5508,.T.);
#5526=CARTESIAN_POINT('',(162.2875,-100.375,0.));
#5527=DIRECTION('',(1.,0.,0.));
#5528=DIRECTION('',(0.,-1.,0.));
#5529=AXIS2_PLACEMENT_3D('',#5526,#5527,#5528);
#5530=PLANE('',#5529);
#5531=CARTESIAN_POINT('',(162.2875,-100.375,0.));
#5532=DIRECTION('',(-0.,-0.,1.));
#5533=VECTOR('',#5532,1.51);
#5534=LINE('',#5531,#5533);
#5535=EDGE_CURVE('',#1038,#2879,#5534,.T.);
#5536=ORIENTED_EDGE('',*,*,#5535,.T.);
#5537=ORIENTED_EDGE('',*,*,#2884,.T.);
#5538=ORIENTED_EDGE('',*,*,#5513,.F.);
#5539=ORIENTED_EDGE('',*,*,#1051,.F.);
#5540=EDGE_LOOP('',(#5536,#5537,#5538,#5539));
#5541=FACE_BOUND('',#5540,.T.);
#5542=ADVANCED_FACE('',(#5541),#5530,.T.);
#5543=CARTESIAN_POINT('',(176.3875,-114.475,0.));
#5544=DIRECTION('',(-1.,0.,0.));
#5545=DIRECTION('',(0.,1.,0.));
#5546=AXIS2_PLACEMENT_3D('',#5543,#5544,#5545);
#5547=PLANE('',#5546);
#5548=ORIENTED_EDGE('',*,*,#5520,.T.);
#5549=ORIENTED_EDGE('',*,*,#2898,.T.);
#5550=CARTESIAN_POINT('',(176.3875,-100.375,0.));
#5551=DIRECTION('',(-0.,-0.,1.));
#5552=VECTOR('',#5551,1.51);
#5553=LINE('',#5550,#5552);
#5554=EDGE_CURVE('',#1030,#2887,#5553,.T.);
#5555=ORIENTED_EDGE('',*,*,#5554,.F.);
#5556=ORIENTED_EDGE('',*,*,#1035,.F.);
#5557=EDGE_LOOP('',(#5548,#5549,#5555,#5556));
#5558=FACE_BOUND('',#5557,.T.);
#5559=ADVANCED_FACE('',(#5558),#5547,.T.);
#5560=CARTESIAN_POINT('',(176.3875,-100.375,0.));
#5561=DIRECTION('',(0.,-1.,0.));
#5562=DIRECTION('',(-1.,0.,0.));
#5563=AXIS2_PLACEMENT_3D('',#5560,#5561,#5562);
#5564=PLANE('',#5563);
#5565=ORIENTED_EDGE('',*,*,#5554,.T.);
#5566=ORIENTED_EDGE('',*,*,#2892,.T.);
#5567=ORIENTED_EDGE('',*,*,#5535,.F.);
#5568=ORIENTED_EDGE('',*,*,#1043,.F.);
#5569=EDGE_LOOP('',(#5565,#5566,#5567,#5568));
#5570=FACE_BOUND('',#5569,.T.);
#5571=ADVANCED_FACE('',(#5570),#5564,.T.);
#5572=CARTESIAN_POINT('',(181.3375,-114.475,0.));
#5573=DIRECTION('',(0.,1.,0.));
#5574=DIRECTION('',(1.,0.,0.));
#5575=AXIS2_PLACEMENT_3D('',#5572,#5573,#5574);
#5576=PLANE('',#5575);
#5577=CARTESIAN_POINT('',(181.3375,-114.475,0.));
#5578=DIRECTION('',(-0.,-0.,1.));
#5579=VECTOR('',#5578,1.51);
#5580=LINE('',#5577,#5579);
#5581=EDGE_CURVE('',#1080,#2903,#5580,.T.);
#5582=ORIENTED_EDGE('',*,*,#5581,.T.);
#5583=ORIENTED_EDGE('',*,*,#2910,.T.);
#5584=CARTESIAN_POINT('',(195.4375,-114.475,0.));
#5585=DIRECTION('',(-0.,-0.,1.));
#5586=VECTOR('',#5585,1.51);
#5587=LINE('',#5584,#5586);
#5588=EDGE_CURVE('',#1062,#2905,#5587,.T.);
#5589=ORIENTED_EDGE('',*,*,#5588,.F.);
#5590=ORIENTED_EDGE('',*,*,#1091,.F.);
#5591=EDGE_LOOP('',(#5582,#5583,#5589,#5590));
#5592=FACE_BOUND('',#5591,.T.);
#5593=ADVANCED_FACE('',(#5592),#5576,.T.);
#5594=CARTESIAN_POINT('',(181.3375,-100.375,0.));
#5595=DIRECTION('',(1.,0.,0.));
#5596=DIRECTION('',(0.,-1.,0.));
#5597=AXIS2_PLACEMENT_3D('',#5594,#5595,#5596);
#5598=PLANE('',#5597);
#5599=CARTESIAN_POINT('',(181.3375,-100.375,0.));
#5600=DIRECTION('',(-0.,-0.,1.));
#5601=VECTOR('',#5600,1.51);
#5602=LINE('',#5599,#5601);
#5603=EDGE_CURVE('',#1072,#2913,#5602,.T.);
#5604=ORIENTED_EDGE('',*,*,#5603,.T.);
#5605=ORIENTED_EDGE('',*,*,#2918,.T.);
#5606=ORIENTED_EDGE('',*,*,#5581,.F.);
#5607=ORIENTED_EDGE('',*,*,#1085,.F.);
#5608=EDGE_LOOP('',(#5604,#5605,#5606,#5607));
#5609=FACE_BOUND('',#5608,.T.);
#5610=ADVANCED_FACE('',(#5609),#5598,.T.);
#5611=CARTESIAN_POINT('',(195.4375,-114.475,0.));
#5612=DIRECTION('',(-1.,0.,0.));
#5613=DIRECTION('',(0.,1.,0.));
#5614=AXIS2_PLACEMENT_3D('',#5611,#5612,#5613);
#5615=PLANE('',#5614);
#5616=ORIENTED_EDGE('',*,*,#5588,.T.);
#5617=ORIENTED_EDGE('',*,*,#2932,.T.);
#5618=CARTESIAN_POINT('',(195.4375,-100.375,0.));
#5619=DIRECTION('',(-0.,-0.,1.));
#5620=VECTOR('',#5619,1.51);
#5621=LINE('',#5618,#5620);
#5622=EDGE_CURVE('',#1064,#2921,#5621,.T.);
#5623=ORIENTED_EDGE('',*,*,#5622,.F.);
#5624=ORIENTED_EDGE('',*,*,#1069,.F.);
#5625=EDGE_LOOP('',(#5616,#5617,#5623,#5624));
#5626=FACE_BOUND('',#5625,.T.);
#5627=ADVANCED_FACE('',(#5626),#5615,.T.);
#5628=CARTESIAN_POINT('',(195.4375,-100.375,0.));
#5629=DIRECTION('',(0.,-1.,0.));
#5630=DIRECTION('',(-1.,0.,0.));
#5631=AXIS2_PLACEMENT_3D('',#5628,#5629,#5630);
#5632=PLANE('',#5631);
#5633=ORIENTED_EDGE('',*,*,#5622,.T.);
#5634=ORIENTED_EDGE('',*,*,#2926,.T.);
#5635=ORIENTED_EDGE('',*,*,#5603,.F.);
#5636=ORIENTED_EDGE('',*,*,#1077,.F.);
#5637=EDGE_LOOP('',(#5633,#5634,#5635,#5636));
#5638=FACE_BOUND('',#5637,.T.);
#5639=ADVANCED_FACE('',(#5638),#5632,.T.);
#5640=CARTESIAN_POINT('',(200.3875,-114.475,0.));
#5641=DIRECTION('',(0.,1.,0.));
#5642=DIRECTION('',(1.,0.,0.));
#5643=AXIS2_PLACEMENT_3D('',#5640,#5641,#5642);
#5644=PLANE('',#5643);
#5645=CARTESIAN_POINT('',(200.3875,-114.475,0.));
#5646=DIRECTION('',(-0.,-0.,1.));
#5647=VECTOR('',#5646,1.51);
#5648=LINE('',#5645,#5647);
#5649=EDGE_CURVE('',#1114,#2937,#5648,.T.);
#5650=ORIENTED_EDGE('',*,*,#5649,.T.);
#5651=ORIENTED_EDGE('',*,*,#2944,.T.);
#5652=CARTESIAN_POINT('',(214.4875,-114.475,0.));
#5653=DIRECTION('',(-0.,-0.,1.));
#5654=VECTOR('',#5653,1.51);
#5655=LINE('',#5652,#5654);
#5656=EDGE_CURVE('',#1096,#2939,#5655,.T.);
#5657=ORIENTED_EDGE('',*,*,#5656,.F.);
#5658=ORIENTED_EDGE('',*,*,#1125,.F.);
#5659=EDGE_LOOP('',(#5650,#5651,#5657,#5658));
#5660=FACE_BOUND('',#5659,.T.);
#5661=ADVANCED_FACE('',(#5660),#5644,.T.);
#5662=CARTESIAN_POINT('',(200.3875,-100.375,0.));
#5663=DIRECTION('',(1.,0.,0.));
#5664=DIRECTION('',(0.,-1.,0.));
#5665=AXIS2_PLACEMENT_3D('',#5662,#5663,#5664);
#5666=PLANE('',#5665);
#5667=CARTESIAN_POINT('',(200.3875,-100.375,0.));
#5668=DIRECTION('',(-0.,-0.,1.));
#5669=VECTOR('',#5668,1.51);
#5670=LINE('',#5667,#5669);
#5671=EDGE_CURVE('',#1106,#2947,#5670,.T.);
#5672=ORIENTED_EDGE('',*,*,#5671,.T.);
#5673=ORIENTED_EDGE('',*,*,#2952,.T.);
#5674=ORIENTED_EDGE('',*,*,#5649,.F.);
#5675=ORIENTED_EDGE('',*,*,#1119,.F.);
#5676=EDGE_LOOP('',(#5672,#5673,#5674,#5675));
#5677=FACE_BOUND('',#5676,.T.);
#5678=ADVANCED_FACE('',(#5677),#5666,.T.);
#5679=CARTESIAN_POINT('',(214.4875,-114.475,0.));
#5680=DIRECTION('',(-1.,0.,0.));
#5681=DIRECTION('',(0.,1.,0.));
#5682=AXIS2_PLACEMENT_3D('',#5679,#5680,#5681);
#5683=PLANE('',#5682);
#5684=ORIENTED_EDGE('',*,*,#5656,.T.);
#5685=ORIENTED_EDGE('',*,*,#2966,.T.);
#5686=CARTESIAN_POINT('',(214.4875,-100.375,0.));
#5687=DIRECTION('',(-0.,-0.,1.));
#5688=VECTOR('',#5687,1.51);
#5689=LINE('',#5686,#5688);
#5690=EDGE_CURVE('',#1098,#2955,#5689,.T.);
#5691=ORIENTED_EDGE('',*,*,#5690,.F.);
#5692=ORIENTED_EDGE('',*,*,#1103,.F.);
#5693=EDGE_LOOP('',(#5684,#5685,#5691,#5692));
#5694=FACE_BOUND('',#5693,.T.);
#5695=ADVANCED_FACE('',(#5694),#5683,.T.);
#5696=CARTESIAN_POINT('',(214.4875,-100.375,0.));
#5697=DIRECTION('',(0.,-1.,0.));
#5698=DIRECTION('',(-1.,0.,0.));
#5699=AXIS2_PLACEMENT_3D('',#5696,#5697,#5698);
#5700=PLANE('',#5699);
#5701=ORIENTED_EDGE('',*,*,#5690,.T.);
#5702=ORIENTED_EDGE('',*,*,#2960,.T.);
#5703=ORIENTED_EDGE('',*,*,#5671,.F.);
#5704=ORIENTED_EDGE('',*,*,#1111,.F.);
#5705=EDGE_LOOP('',(#5701,#5702,#5703,#5704));
#5706=FACE_BOUND('',#5705,.T.);
#5707=ADVANCED_FACE('',(#5706),#5700,.T.);
#5708=CARTESIAN_POINT('',(219.4375,-114.475,0.));
#5709=DIRECTION('',(0.,1.,0.));
#5710=DIRECTION('',(1.,0.,0.));
#5711=AXIS2_PLACEMENT_3D('',#5708,#5709,#5710);
#5712=PLANE('',#5711);
#5713=CARTESIAN_POINT('',(219.4375,-114.475,0.));
#5714=DIRECTION('',(-0.,-0.,1.));
#5715=VECTOR('',#5714,1.51);
#5716=LINE('',#5713,#5715);
#5717=EDGE_CURVE('',#1148,#2971,#5716,.T.);
#5718=ORIENTED_EDGE('',*,*,#5717,.T.);
#5719=ORIENTED_EDGE('',*,*,#2978,.T.);
#5720=CARTESIAN_POINT('',(233.5375,-114.475,0.));
#5721=DIRECTION('',(-0.,-0.,1.));
#5722=VECTOR('',#5721,1.51);
#5723=LINE('',#5720,#5722);
#5724=EDGE_CURVE('',#1130,#2973,#5723,.T.);
#5725=ORIENTED_EDGE('',*,*,#5724,.F.);
#5726=ORIENTED_EDGE('',*,*,#1159,.F.);
#5727=EDGE_LOOP('',(#5718,#5719,#5725,#5726));
#5728=FACE_BOUND('',#5727,.T.);
#5729=ADVANCED_FACE('',(#5728),#5712,.T.);
#5730=CARTESIAN_POINT('',(219.4375,-100.375,0.));
#5731=DIRECTION('',(1.,0.,0.));
#5732=DIRECTION('',(0.,-1.,0.));
#5733=AXIS2_PLACEMENT_3D('',#5730,#5731,#5732);
#5734=PLANE('',#5733);
#5735=CARTESIAN_POINT('',(219.4375,-100.375,0.));
#5736=DIRECTION('',(-0.,-0.,1.));
#5737=VECTOR('',#5736,1.51);
#5738=LINE('',#5735,#5737);
#5739=EDGE_CURVE('',#1140,#2981,#5738,.T.);
#5740=ORIENTED_EDGE('',*,*,#5739,.T.);
#5741=ORIENTED_EDGE('',*,*,#2986,.T.);
#5742=ORIENTED_EDGE('',*,*,#5717,.F.);
#5743=ORIENTED_EDGE('',*,*,#1153,.F.);
#5744=EDGE_LOOP('',(#5740,#5741,#5742,#5743));
#5745=FACE_BOUND('',#5744,.T.);
#5746=ADVANCED_FACE('',(#5745),#5734,.T.);
#5747=CARTESIAN_POINT('',(233.5375,-114.475,0.));
#5748=DIRECTION('',(-1.,0.,0.));
#5749=DIRECTION('',(0.,1.,0.));
#5750=AXIS2_PLACEMENT_3D('',#5747,#5748,#5749);
#5751=PLANE('',#5750);
#5752=ORIENTED_EDGE('',*,*,#5724,.T.);
#5753=ORIENTED_EDGE('',*,*,#3000,.T.);
#5754=CARTESIAN_POINT('',(233.5375,-100.375,0.));
#5755=DIRECTION('',(-0.,-0.,1.));
#5756=VECTOR('',#5755,1.51);
#5757=LINE('',#5754,#5756);
#5758=EDGE_CURVE('',#1132,#2989,#5757,.T.);
#5759=ORIENTED_EDGE('',*,*,#5758,.F.);
#5760=ORIENTED_EDGE('',*,*,#1137,.F.);
#5761=EDGE_LOOP('',(#5752,#5753,#5759,#5760));
#5762=FACE_BOUND('',#5761,.T.);
#5763=ADVANCED_FACE('',(#5762),#5751,.T.);
#5764=CARTESIAN_POINT('',(233.5375,-100.375,0.));
#5765=DIRECTION('',(0.,-1.,0.));
#5766=DIRECTION('',(-1.,0.,0.));
#5767=AXIS2_PLACEMENT_3D('',#5764,#5765,#5766);
#5768=PLANE('',#5767);
#5769=ORIENTED_EDGE('',*,*,#5758,.T.);
#5770=ORIENTED_EDGE('',*,*,#2994,.T.);
#5771=ORIENTED_EDGE('',*,*,#5739,.F.);
#5772=ORIENTED_EDGE('',*,*,#1145,.F.);
#5773=EDGE_LOOP('',(#5769,#5770,#5771,#5772));
#5774=FACE_BOUND('',#5773,.T.);
#5775=ADVANCED_FACE('',(#5774),#5768,.T.);
#5776=CARTESIAN_POINT('',(245.63125,-114.475,0.));
#5777=DIRECTION('',(0.,1.,0.));
#5778=DIRECTION('',(1.,0.,0.));
#5779=AXIS2_PLACEMENT_3D('',#5776,#5777,#5778);
#5780=PLANE('',#5779);
#5781=CARTESIAN_POINT('',(245.63125,-114.475,0.));
#5782=DIRECTION('',(-0.,-0.,1.));
#5783=VECTOR('',#5782,1.51);
#5784=LINE('',#5781,#5783);
#5785=EDGE_CURVE('',#1182,#3005,#5784,.T.);
#5786=ORIENTED_EDGE('',*,*,#5785,.T.);
#5787=ORIENTED_EDGE('',*,*,#3012,.T.);
#5788=CARTESIAN_POINT('',(259.73125,-114.475,0.));
#5789=DIRECTION('',(-0.,-0.,1.));
#5790=VECTOR('',#5789,1.51);
#5791=LINE('',#5788,#5790);
#5792=EDGE_CURVE('',#1164,#3007,#5791,.T.);
#5793=ORIENTED_EDGE('',*,*,#5792,.F.);
#5794=ORIENTED_EDGE('',*,*,#1193,.F.);
#5795=EDGE_LOOP('',(#5786,#5787,#5793,#5794));
#5796=FACE_BOUND('',#5795,.T.);
#5797=ADVANCED_FACE('',(#5796),#5780,.T.);
#5798=CARTESIAN_POINT('',(245.63125,-100.375,0.));
#5799=DIRECTION('',(1.,0.,0.));
#5800=DIRECTION('',(0.,-1.,0.));
#5801=AXIS2_PLACEMENT_3D('',#5798,#5799,#5800);
#5802=PLANE('',#5801);
#5803=CARTESIAN_POINT('',(245.63125,-100.375,0.));
#5804=DIRECTION('',(-0.,-0.,1.));
#5805=VECTOR('',#5804,1.51);
#5806=LINE('',#5803,#5805);
#5807=EDGE_CURVE('',#1174,#3015,#5806,.T.);
#5808=ORIENTED_EDGE('',*,*,#5807,.T.);
#5809=ORIENTED_EDGE('',*,*,#3020,.T.);
#5810=ORIENTED_EDGE('',*,*,#5785,.F.);
#5811=ORIENTED_EDGE('',*,*,#1187,.F.);
#5812=EDGE_LOOP('',(#5808,#5809,#5810,#5811));
#5813=FACE_BOUND('',#5812,.T.);
#5814=ADVANCED_FACE('',(#5813),#5802,.T.);
#5815=CARTESIAN_POINT('',(259.73125,-114.475,0.));
#5816=DIRECTION('',(-1.,0.,0.));
#5817=DIRECTION('',(0.,1.,0.));
#5818=AXIS2_PLACEMENT_3D('',#5815,#5816,#5817);
#5819=PLANE('',#5818);
#5820=ORIENTED_EDGE('',*,*,#5792,.T.);
#5821=ORIENTED_EDGE('',*,*,#3034,.T.);
#5822=CARTESIAN_POINT('',(259.73125,-100.375,0.));
#5823=DIRECTION('',(-0.,-0.,1.));
#5824=VECTOR('',#5823,1.51);
#5825=LINE('',#5822,#5824);
#5826=EDGE_CURVE('',#1166,#3023,#5825,.T.);
#5827=ORIENTED_EDGE('',*,*,#5826,.F.);
#5828=ORIENTED_EDGE('',*,*,#1171,.F.);
#5829=EDGE_LOOP('',(#5820,#5821,#5827,#5828));
#5830=FACE_BOUND('',#5829,.T.);
#5831=ADVANCED_FACE('',(#5830),#5819,.T.);
#5832=CARTESIAN_POINT('',(259.73125,-100.375,0.));
#5833=DIRECTION('',(0.,-1.,0.));
#5834=DIRECTION('',(-1.,0.,0.));
#5835=AXIS2_PLACEMENT_3D('',#5832,#5833,#5834);
#5836=PLANE('',#5835);
#5837=ORIENTED_EDGE('',*,*,#5826,.T.);
#5838=ORIENTED_EDGE('',*,*,#3028,.T.);
#5839=ORIENTED_EDGE('',*,*,#5807,.F.);
#5840=ORIENTED_EDGE('',*,*,#1179,.F.);
#5841=EDGE_LOOP('',(#5837,#5838,#5839,#5840));
#5842=FACE_BOUND('',#5841,.T.);
#5843=ADVANCED_FACE('',(#5842),#5836,.T.);
#5844=CARTESIAN_POINT('',(36.08125,-95.425,0.));
#5845=DIRECTION('',(0.,1.,0.));
#5846=DIRECTION('',(1.,0.,0.));
#5847=AXIS2_PLACEMENT_3D('',#5844,#5845,#5846);
#5848=PLANE('',#5847);
#5849=CARTESIAN_POINT('',(36.08125,-95.425,0.));
#5850=DIRECTION('',(-0.,-0.,1.));
#5851=VECTOR('',#5850,1.51);
#5852=LINE('',#5849,#5851);
#5853=EDGE_CURVE('',#1216,#3039,#5852,.T.);
#5854=ORIENTED_EDGE('',*,*,#5853,.T.);
#5855=ORIENTED_EDGE('',*,*,#3046,.T.);
#5856=CARTESIAN_POINT('',(50.18125,-95.425,0.));
#5857=DIRECTION('',(-0.,-0.,1.));
#5858=VECTOR('',#5857,1.51);
#5859=LINE('',#5856,#5858);
#5860=EDGE_CURVE('',#1198,#3041,#5859,.T.);
#5861=ORIENTED_EDGE('',*,*,#5860,.F.);
#5862=ORIENTED_EDGE('',*,*,#1227,.F.);
#5863=EDGE_LOOP('',(#5854,#5855,#5861,#5862));
#5864=FACE_BOUND('',#5863,.T.);
#5865=ADVANCED_FACE('',(#5864),#5848,.T.);
#5866=CARTESIAN_POINT('',(36.08125,-81.325,0.));
#5867=DIRECTION('',(1.,0.,0.));
#5868=DIRECTION('',(0.,-1.,0.));
#5869=AXIS2_PLACEMENT_3D('',#5866,#5867,#5868);
#5870=PLANE('',#5869);
#5871=CARTESIAN_POINT('',(36.08125,-81.325,0.));
#5872=DIRECTION('',(-0.,-0.,1.));
#5873=VECTOR('',#5872,1.51);
#5874=LINE('',#5871,#5873);
#5875=EDGE_CURVE('',#1208,#3049,#5874,.T.);
#5876=ORIENTED_EDGE('',*,*,#5875,.T.);
#5877=ORIENTED_EDGE('',*,*,#3054,.T.);
#5878=ORIENTED_EDGE('',*,*,#5853,.F.);
#5879=ORIENTED_EDGE('',*,*,#1221,.F.);
#5880=EDGE_LOOP('',(#5876,#5877,#5878,#5879));
#5881=FACE_BOUND('',#5880,.T.);
#5882=ADVANCED_FACE('',(#5881),#5870,.T.);
#5883=CARTESIAN_POINT('',(50.18125,-95.425,0.));
#5884=DIRECTION('',(-1.,0.,0.));
#5885=DIRECTION('',(0.,1.,0.));
#5886=AXIS2_PLACEMENT_3D('',#5883,#5884,#5885);
#5887=PLANE('',#5886);
#5888=ORIENTED_EDGE('',*,*,#5860,.T.);
#5889=ORIENTED_EDGE('',*,*,#3068,.T.);
#5890=CARTESIAN_POINT('',(50.18125,-81.325,0.));
#5891=DIRECTION('',(-0.,-0.,1.));
#5892=VECTOR('',#5891,1.51);
#5893=LINE('',#5890,#5892);
#5894=EDGE_CURVE('',#1200,#3057,#5893,.T.);
#5895=ORIENTED_EDGE('',*,*,#5894,.F.);
#5896=ORIENTED_EDGE('',*,*,#1205,.F.);
#5897=EDGE_LOOP('',(#5888,#5889,#5895,#5896));
#5898=FACE_BOUND('',#5897,.T.);
#5899=ADVANCED_FACE('',(#5898),#5887,.T.);
#5900=CARTESIAN_POINT('',(50.18125,-81.325,0.));
#5901=DIRECTION('',(0.,-1.,0.));
#5902=DIRECTION('',(-1.,0.,0.));
#5903=AXIS2_PLACEMENT_3D('',#5900,#5901,#5902);
#5904=PLANE('',#5903);
#5905=ORIENTED_EDGE('',*,*,#5894,.T.);
#5906=ORIENTED_EDGE('',*,*,#3062,.T.);
#5907=ORIENTED_EDGE('',*,*,#5875,.F.);
#5908=ORIENTED_EDGE('',*,*,#1213,.F.);
#5909=EDGE_LOOP('',(#5905,#5906,#5907,#5908));
#5910=FACE_BOUND('',#5909,.T.);
#5911=ADVANCED_FACE('',(#5910),#5904,.T.);
#5912=CARTESIAN_POINT('',(57.5125,-95.425,0.));
#5913=DIRECTION('',(0.,1.,0.));
#5914=DIRECTION('',(1.,0.,0.));
#5915=AXIS2_PLACEMENT_3D('',#5912,#5913,#5914);
#5916=PLANE('',#5915);
#5917=CARTESIAN_POINT('',(57.5125,-95.425,0.));
#5918=DIRECTION('',(-0.,-0.,1.));
#5919=VECTOR('',#5918,1.51);
#5920=LINE('',#5917,#5919);
#5921=EDGE_CURVE('',#1250,#3073,#5920,.T.);
#5922=ORIENTED_EDGE('',*,*,#5921,.T.);
#5923=ORIENTED_EDGE('',*,*,#3080,.T.);
#5924=CARTESIAN_POINT('',(71.6125,-95.425,0.));
#5925=DIRECTION('',(-0.,-0.,1.));
#5926=VECTOR('',#5925,1.51);
#5927=LINE('',#5924,#5926);
#5928=EDGE_CURVE('',#1232,#3075,#5927,.T.);
#5929=ORIENTED_EDGE('',*,*,#5928,.F.);
#5930=ORIENTED_EDGE('',*,*,#1261,.F.);
#5931=EDGE_LOOP('',(#5922,#5923,#5929,#5930));
#5932=FACE_BOUND('',#5931,.T.);
#5933=ADVANCED_FACE('',(#5932),#5916,.T.);
#5934=CARTESIAN_POINT('',(57.5125,-81.325,0.));
#5935=DIRECTION('',(1.,0.,0.));
#5936=DIRECTION('',(0.,-1.,0.));
#5937=AXIS2_PLACEMENT_3D('',#5934,#5935,#5936);
#5938=PLANE('',#5937);
#5939=CARTESIAN_POINT('',(57.5125,-81.325,0.));
#5940=DIRECTION('',(-0.,-0.,1.));
#5941=VECTOR('',#5940,1.51);
#5942=LINE('',#5939,#5941);
#5943=EDGE_CURVE('',#1242,#3083,#5942,.T.);
#5944=ORIENTED_EDGE('',*,*,#5943,.T.);
#5945=ORIENTED_EDGE('',*,*,#3088,.T.);
#5946=ORIENTED_EDGE('',*,*,#5921,.F.);
#5947=ORIENTED_EDGE('',*,*,#1255,.F.);
#5948=EDGE_LOOP('',(#5944,#5945,#5946,#5947));
#5949=FACE_BOUND('',#5948,.T.);
#5950=ADVANCED_FACE('',(#5949),#5938,.T.);
#5951=CARTESIAN_POINT('',(71.6125,-95.425,0.));
#5952=DIRECTION('',(-1.,0.,0.));
#5953=DIRECTION('',(0.,1.,0.));
#5954=AXIS2_PLACEMENT_3D('',#5951,#5952,#5953);
#5955=PLANE('',#5954);
#5956=ORIENTED_EDGE('',*,*,#5928,.T.);
#5957=ORIENTED_EDGE('',*,*,#3102,.T.);
#5958=CARTESIAN_POINT('',(71.6125,-81.325,0.));
#5959=DIRECTION('',(-0.,-0.,1.));
#5960=VECTOR('',#5959,1.51);
#5961=LINE('',#5958,#5960);
#5962=EDGE_CURVE('',#1234,#3091,#5961,.T.);
#5963=ORIENTED_EDGE('',*,*,#5962,.F.);
#5964=ORIENTED_EDGE('',*,*,#1239,.F.);
#5965=EDGE_LOOP('',(#5956,#5957,#5963,#5964));
#5966=FACE_BOUND('',#5965,.T.);
#5967=ADVANCED_FACE('',(#5966),#5955,.T.);
#5968=CARTESIAN_POINT('',(71.6125,-81.325,0.));
#5969=DIRECTION('',(0.,-1.,0.));
#5970=DIRECTION('',(-1.,0.,0.));
#5971=AXIS2_PLACEMENT_3D('',#5968,#5969,#5970);
#5972=PLANE('',#5971);
#5973=ORIENTED_EDGE('',*,*,#5962,.T.);
#5974=ORIENTED_EDGE('',*,*,#3096,.T.);
#5975=ORIENTED_EDGE('',*,*,#5943,.F.);
#5976=ORIENTED_EDGE('',*,*,#1247,.F.);
#5977=EDGE_LOOP('',(#5973,#5974,#5975,#5976));
#5978=FACE_BOUND('',#5977,.T.);
#5979=ADVANCED_FACE('',(#5978),#5972,.T.);
#5980=CARTESIAN_POINT('',(76.5625,-95.425,0.));
#5981=DIRECTION('',(0.,1.,0.));
#5982=DIRECTION('',(1.,0.,0.));
#5983=AXIS2_PLACEMENT_3D('',#5980,#5981,#5982);
#5984=PLANE('',#5983);
#5985=CARTESIAN_POINT('',(76.5625,-95.425,0.));
#5986=DIRECTION('',(-0.,-0.,1.));
#5987=VECTOR('',#5986,1.51);
#5988=LINE('',#5985,#5987);
#5989=EDGE_CURVE('',#1284,#3107,#5988,.T.);
#5990=ORIENTED_EDGE('',*,*,#5989,.T.);
#5991=ORIENTED_EDGE('',*,*,#3114,.T.);
#5992=CARTESIAN_POINT('',(90.6625,-95.425,0.));
#5993=DIRECTION('',(-0.,-0.,1.));
#5994=VECTOR('',#5993,1.51);
#5995=LINE('',#5992,#5994);
#5996=EDGE_CURVE('',#1266,#3109,#5995,.T.);
#5997=ORIENTED_EDGE('',*,*,#5996,.F.);
#5998=ORIENTED_EDGE('',*,*,#1295,.F.);
#5999=EDGE_LOOP('',(#5990,#5991,#5997,#5998));
#6000=FACE_BOUND('',#5999,.T.);
#6001=ADVANCED_FACE('',(#6000),#5984,.T.);
#6002=CARTESIAN_POINT('',(76.5625,-81.325,0.));
#6003=DIRECTION('',(1.,0.,0.));
#6004=DIRECTION('',(0.,-1.,0.));
#6005=AXIS2_PLACEMENT_3D('',#6002,#6003,#6004);
#6006=PLANE('',#6005);
#6007=CARTESIAN_POINT('',(76.5625,-81.325,0.));
#6008=DIRECTION('',(-0.,-0.,1.));
#6009=VECTOR('',#6008,1.51);
#6010=LINE('',#6007,#6009);
#6011=EDGE_CURVE('',#1276,#3117,#6010,.T.);
#6012=ORIENTED_EDGE('',*,*,#6011,.T.);
#6013=ORIENTED_EDGE('',*,*,#3122,.T.);
#6014=ORIENTED_EDGE('',*,*,#5989,.F.);
#6015=ORIENTED_EDGE('',*,*,#1289,.F.);
#6016=EDGE_LOOP('',(#6012,#6013,#6014,#6015));
#6017=FACE_BOUND('',#6016,.T.);
#6018=ADVANCED_FACE('',(#6017),#6006,.T.);
#6019=CARTESIAN_POINT('',(90.6625,-95.425,0.));
#6020=DIRECTION('',(-1.,0.,0.));
#6021=DIRECTION('',(0.,1.,0.));
#6022=AXIS2_PLACEMENT_3D('',#6019,#6020,#6021);
#6023=PLANE('',#6022);
#6024=ORIENTED_EDGE('',*,*,#5996,.T.);
#6025=ORIENTED_EDGE('',*,*,#3136,.T.);
#6026=CARTESIAN_POINT('',(90.6625,-81.325,0.));
#6027=DIRECTION('',(-0.,-0.,1.));
#6028=VECTOR('',#6027,1.51);
#6029=LINE('',#6026,#6028);
#6030=EDGE_CURVE('',#1268,#3125,#6029,.T.);
#6031=ORIENTED_EDGE('',*,*,#6030,.F.);
#6032=ORIENTED_EDGE('',*,*,#1273,.F.);
#6033=EDGE_LOOP('',(#6024,#6025,#6031,#6032));
#6034=FACE_BOUND('',#6033,.T.);
#6035=ADVANCED_FACE('',(#6034),#6023,.T.);
#6036=CARTESIAN_POINT('',(90.6625,-81.325,0.));
#6037=DIRECTION('',(0.,-1.,0.));
#6038=DIRECTION('',(-1.,0.,0.));
#6039=AXIS2_PLACEMENT_3D('',#6036,#6037,#6038);
#6040=PLANE('',#6039);
#6041=ORIENTED_EDGE('',*,*,#6030,.T.);
#6042=ORIENTED_EDGE('',*,*,#3130,.T.);
#6043=ORIENTED_EDGE('',*,*,#6011,.F.);
#6044=ORIENTED_EDGE('',*,*,#1281,.F.);
#6045=EDGE_LOOP('',(#6041,#6042,#6043,#6044));
#6046=FACE_BOUND('',#6045,.T.);
#6047=ADVANCED_FACE('',(#6046),#6040,.T.);
#6048=CARTESIAN_POINT('',(95.6125,-95.425,0.));
#6049=DIRECTION('',(0.,1.,0.));
#6050=DIRECTION('',(1.,0.,0.));
#6051=AXIS2_PLACEMENT_3D('',#6048,#6049,#6050);
#6052=PLANE('',#6051);
#6053=CARTESIAN_POINT('',(95.6125,-95.425,0.));
#6054=DIRECTION('',(-0.,-0.,1.));
#6055=VECTOR('',#6054,1.51);
#6056=LINE('',#6053,#6055);
#6057=EDGE_CURVE('',#1318,#3141,#6056,.T.);
#6058=ORIENTED_EDGE('',*,*,#6057,.T.);
#6059=ORIENTED_EDGE('',*,*,#3148,.T.);
#6060=CARTESIAN_POINT('',(109.7125,-95.425,0.));
#6061=DIRECTION('',(-0.,-0.,1.));
#6062=VECTOR('',#6061,1.51);
#6063=LINE('',#6060,#6062);
#6064=EDGE_CURVE('',#1300,#3143,#6063,.T.);
#6065=ORIENTED_EDGE('',*,*,#6064,.F.);
#6066=ORIENTED_EDGE('',*,*,#1329,.F.);
#6067=EDGE_LOOP('',(#6058,#6059,#6065,#6066));
#6068=FACE_BOUND('',#6067,.T.);
#6069=ADVANCED_FACE('',(#6068),#6052,.T.);
#6070=CARTESIAN_POINT('',(95.6125,-81.325,0.));
#6071=DIRECTION('',(1.,0.,0.));
#6072=DIRECTION('',(0.,-1.,0.));
#6073=AXIS2_PLACEMENT_3D('',#6070,#6071,#6072);
#6074=PLANE('',#6073);
#6075=CARTESIAN_POINT('',(95.6125,-81.325,0.));
#6076=DIRECTION('',(-0.,-0.,1.));
#6077=VECTOR('',#6076,1.51);
#6078=LINE('',#6075,#6077);
#6079=EDGE_CURVE('',#1310,#3151,#6078,.T.);
#6080=ORIENTED_EDGE('',*,*,#6079,.T.);
#6081=ORIENTED_EDGE('',*,*,#3156,.T.);
#6082=ORIENTED_EDGE('',*,*,#6057,.F.);
#6083=ORIENTED_EDGE('',*,*,#1323,.F.);
#6084=EDGE_LOOP('',(#6080,#6081,#6082,#6083));
#6085=FACE_BOUND('',#6084,.T.);
#6086=ADVANCED_FACE('',(#6085),#6074,.T.);
#6087=CARTESIAN_POINT('',(109.7125,-95.425,0.));
#6088=DIRECTION('',(-1.,0.,0.));
#6089=DIRECTION('',(0.,1.,0.));
#6090=AXIS2_PLACEMENT_3D('',#6087,#6088,#6089);
#6091=PLANE('',#6090);
#6092=ORIENTED_EDGE('',*,*,#6064,.T.);
#6093=ORIENTED_EDGE('',*,*,#3170,.T.);
#6094=CARTESIAN_POINT('',(109.7125,-81.325,0.));
#6095=DIRECTION('',(-0.,-0.,1.));
#6096=VECTOR('',#6095,1.51);
#6097=LINE('',#6094,#6096);
#6098=EDGE_CURVE('',#1302,#3159,#6097,.T.);
#6099=ORIENTED_EDGE('',*,*,#6098,.F.);
#6100=ORIENTED_EDGE('',*,*,#1307,.F.);
#6101=EDGE_LOOP('',(#6092,#6093,#6099,#6100));
#6102=FACE_BOUND('',#6101,.T.);
#6103=ADVANCED_FACE('',(#6102),#6091,.T.);
#6104=CARTESIAN_POINT('',(109.7125,-81.325,0.));
#6105=DIRECTION('',(0.,-1.,0.));
#6106=DIRECTION('',(-1.,0.,0.));
#6107=AXIS2_PLACEMENT_3D('',#6104,#6105,#6106);
#6108=PLANE('',#6107);
#6109=ORIENTED_EDGE('',*,*,#6098,.T.);
#6110=ORIENTED_EDGE('',*,*,#3164,.T.);
#6111=ORIENTED_EDGE('',*,*,#6079,.F.);
#6112=ORIENTED_EDGE('',*,*,#1315,.F.);
#6113=EDGE_LOOP('',(#6109,#6110,#6111,#6112));
#6114=FACE_BOUND('',#6113,.T.);
#6115=ADVANCED_FACE('',(#6114),#6108,.T.);
#6116=CARTESIAN_POINT('',(114.6625,-95.425,0.));
#6117=DIRECTION('',(0.,1.,0.));
#6118=DIRECTION('',(1.,0.,0.));
#6119=AXIS2_PLACEMENT_3D('',#6116,#6117,#6118);
#6120=PLANE('',#6119);
#6121=CARTESIAN_POINT('',(114.6625,-95.425,0.));
#6122=DIRECTION('',(-0.,-0.,1.));
#6123=VECTOR('',#6122,1.51);
#6124=LINE('',#6121,#6123);
#6125=EDGE_CURVE('',#1352,#3175,#6124,.T.);
#6126=ORIENTED_EDGE('',*,*,#6125,.T.);
#6127=ORIENTED_EDGE('',*,*,#3182,.T.);
#6128=CARTESIAN_POINT('',(128.7625,-95.425,0.));
#6129=DIRECTION('',(-0.,-0.,1.));
#6130=VECTOR('',#6129,1.51);
#6131=LINE('',#6128,#6130);
#6132=EDGE_CURVE('',#1334,#3177,#6131,.T.);
#6133=ORIENTED_EDGE('',*,*,#6132,.F.);
#6134=ORIENTED_EDGE('',*,*,#1363,.F.);
#6135=EDGE_LOOP('',(#6126,#6127,#6133,#6134));
#6136=FACE_BOUND('',#6135,.T.);
#6137=ADVANCED_FACE('',(#6136),#6120,.T.);
#6138=CARTESIAN_POINT('',(114.6625,-81.325,0.));
#6139=DIRECTION('',(1.,0.,0.));
#6140=DIRECTION('',(0.,-1.,0.));
#6141=AXIS2_PLACEMENT_3D('',#6138,#6139,#6140);
#6142=PLANE('',#6141);
#6143=CARTESIAN_POINT('',(114.6625,-81.325,0.));
#6144=DIRECTION('',(-0.,-0.,1.));
#6145=VECTOR('',#6144,1.51);
#6146=LINE('',#6143,#6145);
#6147=EDGE_CURVE('',#1344,#3185,#6146,.T.);
#6148=ORIENTED_EDGE('',*,*,#6147,.T.);
#6149=ORIENTED_EDGE('',*,*,#3190,.T.);
#6150=ORIENTED_EDGE('',*,*,#6125,.F.);
#6151=ORIENTED_EDGE('',*,*,#1357,.F.);
#6152=EDGE_LOOP('',(#6148,#6149,#6150,#6151));
#6153=FACE_BOUND('',#6152,.T.);
#6154=ADVANCED_FACE('',(#6153),#6142,.T.);
#6155=CARTESIAN_POINT('',(128.7625,-95.425,0.));
#6156=DIRECTION('',(-1.,0.,0.));
#6157=DIRECTION('',(0.,1.,0.));
#6158=AXIS2_PLACEMENT_3D('',#6155,#6156,#6157);
#6159=PLANE('',#6158);
#6160=ORIENTED_EDGE('',*,*,#6132,.T.);
#6161=ORIENTED_EDGE('',*,*,#3204,.T.);
#6162=CARTESIAN_POINT('',(128.7625,-81.325,0.));
#6163=DIRECTION('',(-0.,-0.,1.));
#6164=VECTOR('',#6163,1.51);
#6165=LINE('',#6162,#6164);
#6166=EDGE_CURVE('',#1336,#3193,#6165,.T.);
#6167=ORIENTED_EDGE('',*,*,#6166,.F.);
#6168=ORIENTED_EDGE('',*,*,#1341,.F.);
#6169=EDGE_LOOP('',(#6160,#6161,#6167,#6168));
#6170=FACE_BOUND('',#6169,.T.);
#6171=ADVANCED_FACE('',(#6170),#6159,.T.);
#6172=CARTESIAN_POINT('',(128.7625,-81.325,0.));
#6173=DIRECTION('',(0.,-1.,0.));
#6174=DIRECTION('',(-1.,0.,0.));
#6175=AXIS2_PLACEMENT_3D('',#6172,#6173,#6174);
#6176=PLANE('',#6175);
#6177=ORIENTED_EDGE('',*,*,#6166,.T.);
#6178=ORIENTED_EDGE('',*,*,#3198,.T.);
#6179=ORIENTED_EDGE('',*,*,#6147,.F.);
#6180=ORIENTED_EDGE('',*,*,#1349,.F.);
#6181=EDGE_LOOP('',(#6177,#6178,#6179,#6180));
#6182=FACE_BOUND('',#6181,.T.);
#6183=ADVANCED_FACE('',(#6182),#6176,.T.);
#6184=CARTESIAN_POINT('',(133.7125,-95.425,0.));
#6185=DIRECTION('',(0.,1.,0.));
#6186=DIRECTION('',(1.,0.,0.));
#6187=AXIS2_PLACEMENT_3D('',#6184,#6185,#6186);
#6188=PLANE('',#6187);
#6189=CARTESIAN_POINT('',(133.7125,-95.425,0.));
#6190=DIRECTION('',(-0.,-0.,1.));
#6191=VECTOR('',#6190,1.51);
#6192=LINE('',#6189,#6191);
#6193=EDGE_CURVE('',#1386,#3209,#6192,.T.);
#6194=ORIENTED_EDGE('',*,*,#6193,.T.);
#6195=ORIENTED_EDGE('',*,*,#3216,.T.);
#6196=CARTESIAN_POINT('',(147.8125,-95.425,0.));
#6197=DIRECTION('',(-0.,-0.,1.));
#6198=VECTOR('',#6197,1.51);
#6199=LINE('',#6196,#6198);
#6200=EDGE_CURVE('',#1368,#3211,#6199,.T.);
#6201=ORIENTED_EDGE('',*,*,#6200,.F.);
#6202=ORIENTED_EDGE('',*,*,#1397,.F.);
#6203=EDGE_LOOP('',(#6194,#6195,#6201,#6202));
#6204=FACE_BOUND('',#6203,.T.);
#6205=ADVANCED_FACE('',(#6204),#6188,.T.);
#6206=CARTESIAN_POINT('',(133.7125,-81.325,0.));
#6207=DIRECTION('',(1.,0.,0.));
#6208=DIRECTION('',(0.,-1.,0.));
#6209=AXIS2_PLACEMENT_3D('',#6206,#6207,#6208);
#6210=PLANE('',#6209);
#6211=CARTESIAN_POINT('',(133.7125,-81.325,0.));
#6212=DIRECTION('',(-0.,-0.,1.));
#6213=VECTOR('',#6212,1.51);
#6214=LINE('',#6211,#6213);
#6215=EDGE_CURVE('',#1378,#3219,#6214,.T.);
#6216=ORIENTED_EDGE('',*,*,#6215,.T.);
#6217=ORIENTED_EDGE('',*,*,#3224,.T.);
#6218=ORIENTED_EDGE('',*,*,#6193,.F.);
#6219=ORIENTED_EDGE('',*,*,#1391,.F.);
#6220=EDGE_LOOP('',(#6216,#6217,#6218,#6219));
#6221=FACE_BOUND('',#6220,.T.);
#6222=ADVANCED_FACE('',(#6221),#6210,.T.);
#6223=CARTESIAN_POINT('',(147.8125,-95.425,0.));
#6224=DIRECTION('',(-1.,0.,0.));
#6225=DIRECTION('',(0.,1.,0.));
#6226=AXIS2_PLACEMENT_3D('',#6223,#6224,#6225);
#6227=PLANE('',#6226);
#6228=ORIENTED_EDGE('',*,*,#6200,.T.);
#6229=ORIENTED_EDGE('',*,*,#3238,.T.);
#6230=CARTESIAN_POINT('',(147.8125,-81.325,0.));
#6231=DIRECTION('',(-0.,-0.,1.));
#6232=VECTOR('',#6231,1.51);
#6233=LINE('',#6230,#6232);
#6234=EDGE_CURVE('',#1370,#3227,#6233,.T.);
#6235=ORIENTED_EDGE('',*,*,#6234,.F.);
#6236=ORIENTED_EDGE('',*,*,#1375,.F.);
#6237=EDGE_LOOP('',(#6228,#6229,#6235,#6236));
#6238=FACE_BOUND('',#6237,.T.);
#6239=ADVANCED_FACE('',(#6238),#6227,.T.);
#6240=CARTESIAN_POINT('',(147.8125,-81.325,0.));
#6241=DIRECTION('',(0.,-1.,0.));
#6242=DIRECTION('',(-1.,0.,0.));
#6243=AXIS2_PLACEMENT_3D('',#6240,#6241,#6242);
#6244=PLANE('',#6243);
#6245=ORIENTED_EDGE('',*,*,#6234,.T.);
#6246=ORIENTED_EDGE('',*,*,#3232,.T.);
#6247=ORIENTED_EDGE('',*,*,#6215,.F.);
#6248=ORIENTED_EDGE('',*,*,#1383,.F.);
#6249=EDGE_LOOP('',(#6245,#6246,#6247,#6248));
#6250=FACE_BOUND('',#6249,.T.);
#6251=ADVANCED_FACE('',(#6250),#6244,.T.);
#6252=CARTESIAN_POINT('',(33.7,-76.375,0.));
#6253=DIRECTION('',(0.,1.,0.));
#6254=DIRECTION('',(1.,0.,0.));
#6255=AXIS2_PLACEMENT_3D('',#6252,#6253,#6254);
#6256=PLANE('',#6255);
#6257=CARTESIAN_POINT('',(33.7,-76.375,0.));
#6258=DIRECTION('',(-0.,-0.,1.));
#6259=VECTOR('',#6258,1.51);
#6260=LINE('',#6257,#6259);
#6261=EDGE_CURVE('',#1420,#3243,#6260,.T.);
#6262=ORIENTED_EDGE('',*,*,#6261,.T.);
#6263=ORIENTED_EDGE('',*,*,#3250,.T.);
#6264=CARTESIAN_POINT('',(47.8,-76.375,0.));
#6265=DIRECTION('',(-0.,-0.,1.));
#6266=VECTOR('',#6265,1.51);
#6267=LINE('',#6264,#6266);
#6268=EDGE_CURVE('',#1402,#3245,#6267,.T.);
#6269=ORIENTED_EDGE('',*,*,#6268,.F.);
#6270=ORIENTED_EDGE('',*,*,#1431,.F.);
#6271=EDGE_LOOP('',(#6262,#6263,#6269,#6270));
#6272=FACE_BOUND('',#6271,.T.);
#6273=ADVANCED_FACE('',(#6272),#6256,.T.);
#6274=CARTESIAN_POINT('',(33.7,-62.275,0.));
#6275=DIRECTION('',(1.,0.,0.));
#6276=DIRECTION('',(0.,-1.,0.));
#6277=AXIS2_PLACEMENT_3D('',#6274,#6275,#6276);
#6278=PLANE('',#6277);
#6279=CARTESIAN_POINT('',(33.7,-62.275,0.));
#6280=DIRECTION('',(-0.,-0.,1.));
#6281=VECTOR('',#6280,1.51);
#6282=LINE('',#6279,#6281);
#6283=EDGE_CURVE('',#1412,#3253,#6282,.T.);
#6284=ORIENTED_EDGE('',*,*,#6283,.T.);
#6285=ORIENTED_EDGE('',*,*,#3258,.T.);
#6286=ORIENTED_EDGE('',*,*,#6261,.F.);
#6287=ORIENTED_EDGE('',*,*,#1425,.F.);
#6288=EDGE_LOOP('',(#6284,#6285,#6286,#6287));
#6289=FACE_BOUND('',#6288,.T.);
#6290=ADVANCED_FACE('',(#6289),#6278,.T.);
#6291=CARTESIAN_POINT('',(47.8,-76.375,0.));
#6292=DIRECTION('',(-1.,0.,0.));
#6293=DIRECTION('',(0.,1.,0.));
#6294=AXIS2_PLACEMENT_3D('',#6291,#6292,#6293);
#6295=PLANE('',#6294);
#6296=ORIENTED_EDGE('',*,*,#6268,.T.);
#6297=ORIENTED_EDGE('',*,*,#3272,.T.);
#6298=CARTESIAN_POINT('',(47.8,-62.275,0.));
#6299=DIRECTION('',(-0.,-0.,1.));
#6300=VECTOR('',#6299,1.51);
#6301=LINE('',#6298,#6300);
#6302=EDGE_CURVE('',#1404,#3261,#6301,.T.);
#6303=ORIENTED_EDGE('',*,*,#6302,.F.);
#6304=ORIENTED_EDGE('',*,*,#1409,.F.);
#6305=EDGE_LOOP('',(#6296,#6297,#6303,#6304));
#6306=FACE_BOUND('',#6305,.T.);
#6307=ADVANCED_FACE('',(#6306),#6295,.T.);
#6308=CARTESIAN_POINT('',(47.8,-62.275,0.));
#6309=DIRECTION('',(0.,-1.,0.));
#6310=DIRECTION('',(-1.,0.,0.));
#6311=AXIS2_PLACEMENT_3D('',#6308,#6309,#6310);
#6312=PLANE('',#6311);
#6313=ORIENTED_EDGE('',*,*,#6302,.T.);
#6314=ORIENTED_EDGE('',*,*,#3266,.T.);
#6315=ORIENTED_EDGE('',*,*,#6283,.F.);
#6316=ORIENTED_EDGE('',*,*,#1417,.F.);
#6317=EDGE_LOOP('',(#6313,#6314,#6315,#6316));
#6318=FACE_BOUND('',#6317,.T.);
#6319=ADVANCED_FACE('',(#6318),#6312,.T.);
#6320=CARTESIAN_POINT('',(52.75,-76.375,0.));
#6321=DIRECTION('',(0.,1.,0.));
#6322=DIRECTION('',(1.,0.,0.));
#6323=AXIS2_PLACEMENT_3D('',#6320,#6321,#6322);
#6324=PLANE('',#6323);
#6325=CARTESIAN_POINT('',(52.75,-76.375,0.));
#6326=DIRECTION('',(-0.,-0.,1.));
#6327=VECTOR('',#6326,1.51);
#6328=LINE('',#6325,#6327);
#6329=EDGE_CURVE('',#1454,#3277,#6328,.T.);
#6330=ORIENTED_EDGE('',*,*,#6329,.T.);
#6331=ORIENTED_EDGE('',*,*,#3284,.T.);
#6332=CARTESIAN_POINT('',(66.85,-76.375,0.));
#6333=DIRECTION('',(-0.,-0.,1.));
#6334=VECTOR('',#6333,1.51);
#6335=LINE('',#6332,#6334);
#6336=EDGE_CURVE('',#1436,#3279,#6335,.T.);
#6337=ORIENTED_EDGE('',*,*,#6336,.F.);
#6338=ORIENTED_EDGE('',*,*,#1465,.F.);
#6339=EDGE_LOOP('',(#6330,#6331,#6337,#6338));
#6340=FACE_BOUND('',#6339,.T.);
#6341=ADVANCED_FACE('',(#6340),#6324,.T.);
#6342=CARTESIAN_POINT('',(52.75,-62.275,0.));
#6343=DIRECTION('',(1.,0.,0.));
#6344=DIRECTION('',(0.,-1.,0.));
#6345=AXIS2_PLACEMENT_3D('',#6342,#6343,#6344);
#6346=PLANE('',#6345);
#6347=CARTESIAN_POINT('',(52.75,-62.275,0.));
#6348=DIRECTION('',(-0.,-0.,1.));
#6349=VECTOR('',#6348,1.51);
#6350=LINE('',#6347,#6349);
#6351=EDGE_CURVE('',#1446,#3287,#6350,.T.);
#6352=ORIENTED_EDGE('',*,*,#6351,.T.);
#6353=ORIENTED_EDGE('',*,*,#3292,.T.);
#6354=ORIENTED_EDGE('',*,*,#6329,.F.);
#6355=ORIENTED_EDGE('',*,*,#1459,.F.);
#6356=EDGE_LOOP('',(#6352,#6353,#6354,#6355));
#6357=FACE_BOUND('',#6356,.T.);
#6358=ADVANCED_FACE('',(#6357),#6346,.T.);
#6359=CARTESIAN_POINT('',(66.85,-76.375,0.));
#6360=DIRECTION('',(-1.,0.,0.));
#6361=DIRECTION('',(0.,1.,0.));
#6362=AXIS2_PLACEMENT_3D('',#6359,#6360,#6361);
#6363=PLANE('',#6362);
#6364=ORIENTED_EDGE('',*,*,#6336,.T.);
#6365=ORIENTED_EDGE('',*,*,#3306,.T.);
#6366=CARTESIAN_POINT('',(66.85,-62.275,0.));
#6367=DIRECTION('',(-0.,-0.,1.));
#6368=VECTOR('',#6367,1.51);
#6369=LINE('',#6366,#6368);
#6370=EDGE_CURVE('',#1438,#3295,#6369,.T.);
#6371=ORIENTED_EDGE('',*,*,#6370,.F.);
#6372=ORIENTED_EDGE('',*,*,#1443,.F.);
#6373=EDGE_LOOP('',(#6364,#6365,#6371,#6372));
#6374=FACE_BOUND('',#6373,.T.);
#6375=ADVANCED_FACE('',(#6374),#6363,.T.);
#6376=CARTESIAN_POINT('',(66.85,-62.275,0.));
#6377=DIRECTION('',(0.,-1.,0.));
#6378=DIRECTION('',(-1.,0.,0.));
#6379=AXIS2_PLACEMENT_3D('',#6376,#6377,#6378);
#6380=PLANE('',#6379);
#6381=ORIENTED_EDGE('',*,*,#6370,.T.);
#6382=ORIENTED_EDGE('',*,*,#3300,.T.);
#6383=ORIENTED_EDGE('',*,*,#6351,.F.);
#6384=ORIENTED_EDGE('',*,*,#1451,.F.);
#6385=EDGE_LOOP('',(#6381,#6382,#6383,#6384));
#6386=FACE_BOUND('',#6385,.T.);
#6387=ADVANCED_FACE('',(#6386),#6380,.T.);
#6388=CARTESIAN_POINT('',(71.8,-76.375,0.));
#6389=DIRECTION('',(0.,1.,0.));
#6390=DIRECTION('',(1.,0.,0.));
#6391=AXIS2_PLACEMENT_3D('',#6388,#6389,#6390);
#6392=PLANE('',#6391);
#6393=CARTESIAN_POINT('',(71.8,-76.375,0.));
#6394=DIRECTION('',(-0.,-0.,1.));
#6395=VECTOR('',#6394,1.51);
#6396=LINE('',#6393,#6395);
#6397=EDGE_CURVE('',#1488,#3311,#6396,.T.);
#6398=ORIENTED_EDGE('',*,*,#6397,.T.);
#6399=ORIENTED_EDGE('',*,*,#3318,.T.);
#6400=CARTESIAN_POINT('',(85.9,-76.375,0.));
#6401=DIRECTION('',(-0.,-0.,1.));
#6402=VECTOR('',#6401,1.51);
#6403=LINE('',#6400,#6402);
#6404=EDGE_CURVE('',#1470,#3313,#6403,.T.);
#6405=ORIENTED_EDGE('',*,*,#6404,.F.);
#6406=ORIENTED_EDGE('',*,*,#1499,.F.);
#6407=EDGE_LOOP('',(#6398,#6399,#6405,#6406));
#6408=FACE_BOUND('',#6407,.T.);
#6409=ADVANCED_FACE('',(#6408),#6392,.T.);
#6410=CARTESIAN_POINT('',(71.8,-62.275,0.));
#6411=DIRECTION('',(1.,0.,0.));
#6412=DIRECTION('',(0.,-1.,0.));
#6413=AXIS2_PLACEMENT_3D('',#6410,#6411,#6412);
#6414=PLANE('',#6413);
#6415=CARTESIAN_POINT('',(71.8,-62.275,0.));
#6416=DIRECTION('',(-0.,-0.,1.));
#6417=VECTOR('',#6416,1.51);
#6418=LINE('',#6415,#6417);
#6419=EDGE_CURVE('',#1480,#3321,#6418,.T.);
#6420=ORIENTED_EDGE('',*,*,#6419,.T.);
#6421=ORIENTED_EDGE('',*,*,#3326,.T.);
#6422=ORIENTED_EDGE('',*,*,#6397,.F.);
#6423=ORIENTED_EDGE('',*,*,#1493,.F.);
#6424=EDGE_LOOP('',(#6420,#6421,#6422,#6423));
#6425=FACE_BOUND('',#6424,.T.);
#6426=ADVANCED_FACE('',(#6425),#6414,.T.);
#6427=CARTESIAN_POINT('',(85.9,-76.375,0.));
#6428=DIRECTION('',(-1.,0.,0.));
#6429=DIRECTION('',(0.,1.,0.));
#6430=AXIS2_PLACEMENT_3D('',#6427,#6428,#6429);
#6431=PLANE('',#6430);
#6432=ORIENTED_EDGE('',*,*,#6404,.T.);
#6433=ORIENTED_EDGE('',*,*,#3340,.T.);
#6434=CARTESIAN_POINT('',(85.9,-62.275,0.));
#6435=DIRECTION('',(-0.,-0.,1.));
#6436=VECTOR('',#6435,1.51);
#6437=LINE('',#6434,#6436);
#6438=EDGE_CURVE('',#1472,#3329,#6437,.T.);
#6439=ORIENTED_EDGE('',*,*,#6438,.F.);
#6440=ORIENTED_EDGE('',*,*,#1477,.F.);
#6441=EDGE_LOOP('',(#6432,#6433,#6439,#6440));
#6442=FACE_BOUND('',#6441,.T.);
#6443=ADVANCED_FACE('',(#6442),#6431,.T.);
#6444=CARTESIAN_POINT('',(85.9,-62.275,0.));
#6445=DIRECTION('',(0.,-1.,0.));
#6446=DIRECTION('',(-1.,0.,0.));
#6447=AXIS2_PLACEMENT_3D('',#6444,#6445,#6446);
#6448=PLANE('',#6447);
#6449=ORIENTED_EDGE('',*,*,#6438,.T.);
#6450=ORIENTED_EDGE('',*,*,#3334,.T.);
#6451=ORIENTED_EDGE('',*,*,#6419,.F.);
#6452=ORIENTED_EDGE('',*,*,#1485,.F.);
#6453=EDGE_LOOP('',(#6449,#6450,#6451,#6452));
#6454=FACE_BOUND('',#6453,.T.);
#6455=ADVANCED_FACE('',(#6454),#6448,.T.);
#6456=CARTESIAN_POINT('',(93.1375,-78.85,-0.046));
#6457=DIRECTION('',(0.,0.,-1.));
#6458=DIRECTION('',(0.,-1.,0.));
#6459=AXIS2_PLACEMENT_3D('',#6456,#6457,#6458);
#6460=CYLINDRICAL_SURFACE('',#6459,1.1);
#6461=ORIENTED_EDGE('',*,*,#1510,.T.);
#6462=CARTESIAN_POINT('',(93.1375,-79.95,0.));
#6463=DIRECTION('',(-0.,-0.,1.));
#6464=VECTOR('',#6463,1.51);
#6465=LINE('',#6462,#6464);
#6466=EDGE_CURVE('',#1504,#3345,#6465,.T.);
#6467=ORIENTED_EDGE('',*,*,#6466,.T.);
#6468=ORIENTED_EDGE('',*,*,#3351,.F.);
#6469=ORIENTED_EDGE('',*,*,#6466,.F.);
#6470=EDGE_LOOP('',(#6461,#6467,#6468,#6469));
#6471=FACE_BOUND('',#6470,.T.);
#6472=ADVANCED_FACE('',(#6471),#6460,.F.);
#6473=CARTESIAN_POINT('',(90.85,-76.375,0.));
#6474=DIRECTION('',(0.,1.,0.));
#6475=DIRECTION('',(1.,0.,0.));
#6476=AXIS2_PLACEMENT_3D('',#6473,#6474,#6475);
#6477=PLANE('',#6476);
#6478=CARTESIAN_POINT('',(90.85,-76.375,0.));
#6479=DIRECTION('',(-0.,-0.,1.));
#6480=VECTOR('',#6479,1.51);
#6481=LINE('',#6478,#6480);
#6482=EDGE_CURVE('',#1533,#3356,#6481,.T.);
#6483=ORIENTED_EDGE('',*,*,#6482,.T.);
#6484=ORIENTED_EDGE('',*,*,#3363,.T.);
#6485=CARTESIAN_POINT('',(104.95,-76.375,0.));
#6486=DIRECTION('',(-0.,-0.,1.));
#6487=VECTOR('',#6486,1.51);
#6488=LINE('',#6485,#6487);
#6489=EDGE_CURVE('',#1515,#3358,#6488,.T.);
#6490=ORIENTED_EDGE('',*,*,#6489,.F.);
#6491=ORIENTED_EDGE('',*,*,#1544,.F.);
#6492=EDGE_LOOP('',(#6483,#6484,#6490,#6491));
#6493=FACE_BOUND('',#6492,.T.);
#6494=ADVANCED_FACE('',(#6493),#6477,.T.);
#6495=CARTESIAN_POINT('',(90.85,-62.275,0.));
#6496=DIRECTION('',(1.,0.,0.));
#6497=DIRECTION('',(0.,-1.,0.));
#6498=AXIS2_PLACEMENT_3D('',#6495,#6496,#6497);
#6499=PLANE('',#6498);
#6500=CARTESIAN_POINT('',(90.85,-62.275,0.));
#6501=DIRECTION('',(-0.,-0.,1.));
#6502=VECTOR('',#6501,1.51);
#6503=LINE('',#6500,#6502);
#6504=EDGE_CURVE('',#1525,#3366,#6503,.T.);
#6505=ORIENTED_EDGE('',*,*,#6504,.T.);
#6506=ORIENTED_EDGE('',*,*,#3371,.T.);
#6507=ORIENTED_EDGE('',*,*,#6482,.F.);
#6508=ORIENTED_EDGE('',*,*,#1538,.F.);
#6509=EDGE_LOOP('',(#6505,#6506,#6507,#6508));
#6510=FACE_BOUND('',#6509,.T.);
#6511=ADVANCED_FACE('',(#6510),#6499,.T.);
#6512=CARTESIAN_POINT('',(104.95,-76.375,0.));
#6513=DIRECTION('',(-1.,0.,0.));
#6514=DIRECTION('',(0.,1.,0.));
#6515=AXIS2_PLACEMENT_3D('',#6512,#6513,#6514);
#6516=PLANE('',#6515);
#6517=ORIENTED_EDGE('',*,*,#6489,.T.);
#6518=ORIENTED_EDGE('',*,*,#3385,.T.);
#6519=CARTESIAN_POINT('',(104.95,-62.275,0.));
#6520=DIRECTION('',(-0.,-0.,1.));
#6521=VECTOR('',#6520,1.51);
#6522=LINE('',#6519,#6521);
#6523=EDGE_CURVE('',#1517,#3374,#6522,.T.);
#6524=ORIENTED_EDGE('',*,*,#6523,.F.);
#6525=ORIENTED_EDGE('',*,*,#1522,.F.);
#6526=EDGE_LOOP('',(#6517,#6518,#6524,#6525));
#6527=FACE_BOUND('',#6526,.T.);
#6528=ADVANCED_FACE('',(#6527),#6516,.T.);
#6529=CARTESIAN_POINT('',(104.95,-62.275,0.));
#6530=DIRECTION('',(0.,-1.,0.));
#6531=DIRECTION('',(-1.,0.,0.));
#6532=AXIS2_PLACEMENT_3D('',#6529,#6530,#6531);
#6533=PLANE('',#6532);
#6534=ORIENTED_EDGE('',*,*,#6523,.T.);
#6535=ORIENTED_EDGE('',*,*,#3379,.T.);
#6536=ORIENTED_EDGE('',*,*,#6504,.F.);
#6537=ORIENTED_EDGE('',*,*,#1530,.F.);
#6538=EDGE_LOOP('',(#6534,#6535,#6536,#6537));
#6539=FACE_BOUND('',#6538,.T.);
#6540=ADVANCED_FACE('',(#6539),#6533,.T.);
#6541=CARTESIAN_POINT('',(109.9,-76.375,0.));
#6542=DIRECTION('',(0.,1.,0.));
#6543=DIRECTION('',(1.,0.,0.));
#6544=AXIS2_PLACEMENT_3D('',#6541,#6542,#6543);
#6545=PLANE('',#6544);
#6546=CARTESIAN_POINT('',(109.9,-76.375,0.));
#6547=DIRECTION('',(-0.,-0.,1.));
#6548=VECTOR('',#6547,1.51);
#6549=LINE('',#6546,#6548);
#6550=EDGE_CURVE('',#1567,#3390,#6549,.T.);
#6551=ORIENTED_EDGE('',*,*,#6550,.T.);
#6552=ORIENTED_EDGE('',*,*,#3397,.T.);
#6553=CARTESIAN_POINT('',(124.,-76.375,0.));
#6554=DIRECTION('',(-0.,-0.,1.));
#6555=VECTOR('',#6554,1.51);
#6556=LINE('',#6553,#6555);
#6557=EDGE_CURVE('',#1549,#3392,#6556,.T.);
#6558=ORIENTED_EDGE('',*,*,#6557,.F.);
#6559=ORIENTED_EDGE('',*,*,#1578,.F.);
#6560=EDGE_LOOP('',(#6551,#6552,#6558,#6559));
#6561=FACE_BOUND('',#6560,.T.);
#6562=ADVANCED_FACE('',(#6561),#6545,.T.);
#6563=CARTESIAN_POINT('',(109.9,-62.275,0.));
#6564=DIRECTION('',(1.,0.,0.));
#6565=DIRECTION('',(0.,-1.,0.));
#6566=AXIS2_PLACEMENT_3D('',#6563,#6564,#6565);
#6567=PLANE('',#6566);
#6568=CARTESIAN_POINT('',(109.9,-62.275,0.));
#6569=DIRECTION('',(-0.,-0.,1.));
#6570=VECTOR('',#6569,1.51);
#6571=LINE('',#6568,#6570);
#6572=EDGE_CURVE('',#1559,#3400,#6571,.T.);
#6573=ORIENTED_EDGE('',*,*,#6572,.T.);
#6574=ORIENTED_EDGE('',*,*,#3405,.T.);
#6575=ORIENTED_EDGE('',*,*,#6550,.F.);
#6576=ORIENTED_EDGE('',*,*,#1572,.F.);
#6577=EDGE_LOOP('',(#6573,#6574,#6575,#6576));
#6578=FACE_BOUND('',#6577,.T.);
#6579=ADVANCED_FACE('',(#6578),#6567,.T.);
#6580=CARTESIAN_POINT('',(124.,-76.375,0.));
#6581=DIRECTION('',(-1.,0.,0.));
#6582=DIRECTION('',(0.,1.,0.));
#6583=AXIS2_PLACEMENT_3D('',#6580,#6581,#6582);
#6584=PLANE('',#6583);
#6585=ORIENTED_EDGE('',*,*,#6557,.T.);
#6586=ORIENTED_EDGE('',*,*,#3419,.T.);
#6587=CARTESIAN_POINT('',(124.,-62.275,0.));
#6588=DIRECTION('',(-0.,-0.,1.));
#6589=VECTOR('',#6588,1.51);
#6590=LINE('',#6587,#6589);
#6591=EDGE_CURVE('',#1551,#3408,#6590,.T.);
#6592=ORIENTED_EDGE('',*,*,#6591,.F.);
#6593=ORIENTED_EDGE('',*,*,#1556,.F.);
#6594=EDGE_LOOP('',(#6585,#6586,#6592,#6593));
#6595=FACE_BOUND('',#6594,.T.);
#6596=ADVANCED_FACE('',(#6595),#6584,.T.);
#6597=CARTESIAN_POINT('',(124.,-62.275,0.));
#6598=DIRECTION('',(0.,-1.,0.));
#6599=DIRECTION('',(-1.,0.,0.));
#6600=AXIS2_PLACEMENT_3D('',#6597,#6598,#6599);
#6601=PLANE('',#6600);
#6602=ORIENTED_EDGE('',*,*,#6591,.T.);
#6603=ORIENTED_EDGE('',*,*,#3413,.T.);
#6604=ORIENTED_EDGE('',*,*,#6572,.F.);
#6605=ORIENTED_EDGE('',*,*,#1564,.F.);
#6606=EDGE_LOOP('',(#6602,#6603,#6604,#6605));
#6607=FACE_BOUND('',#6606,.T.);
#6608=ADVANCED_FACE('',(#6607),#6601,.T.);
#6609=CARTESIAN_POINT('',(128.95,-76.375,0.));
#6610=DIRECTION('',(0.,1.,0.));
#6611=DIRECTION('',(1.,0.,0.));
#6612=AXIS2_PLACEMENT_3D('',#6609,#6610,#6611);
#6613=PLANE('',#6612);
#6614=CARTESIAN_POINT('',(128.95,-76.375,0.));
#6615=DIRECTION('',(-0.,-0.,1.));
#6616=VECTOR('',#6615,1.51);
#6617=LINE('',#6614,#6616);
#6618=EDGE_CURVE('',#1601,#3424,#6617,.T.);
#6619=ORIENTED_EDGE('',*,*,#6618,.T.);
#6620=ORIENTED_EDGE('',*,*,#3431,.T.);
#6621=CARTESIAN_POINT('',(143.05,-76.375,0.));
#6622=DIRECTION('',(-0.,-0.,1.));
#6623=VECTOR('',#6622,1.51);
#6624=LINE('',#6621,#6623);
#6625=EDGE_CURVE('',#1583,#3426,#6624,.T.);
#6626=ORIENTED_EDGE('',*,*,#6625,.F.);
#6627=ORIENTED_EDGE('',*,*,#1612,.F.);
#6628=EDGE_LOOP('',(#6619,#6620,#6626,#6627));
#6629=FACE_BOUND('',#6628,.T.);
#6630=ADVANCED_FACE('',(#6629),#6613,.T.);
#6631=CARTESIAN_POINT('',(128.95,-62.275,0.));
#6632=DIRECTION('',(1.,0.,0.));
#6633=DIRECTION('',(0.,-1.,0.));
#6634=AXIS2_PLACEMENT_3D('',#6631,#6632,#6633);
#6635=PLANE('',#6634);
#6636=CARTESIAN_POINT('',(128.95,-62.275,0.));
#6637=DIRECTION('',(-0.,-0.,1.));
#6638=VECTOR('',#6637,1.51);
#6639=LINE('',#6636,#6638);
#6640=EDGE_CURVE('',#1593,#3434,#6639,.T.);
#6641=ORIENTED_EDGE('',*,*,#6640,.T.);
#6642=ORIENTED_EDGE('',*,*,#3439,.T.);
#6643=ORIENTED_EDGE('',*,*,#6618,.F.);
#6644=ORIENTED_EDGE('',*,*,#1606,.F.);
#6645=EDGE_LOOP('',(#6641,#6642,#6643,#6644));
#6646=FACE_BOUND('',#6645,.T.);
#6647=ADVANCED_FACE('',(#6646),#6635,.T.);
#6648=CARTESIAN_POINT('',(143.05,-76.375,0.));
#6649=DIRECTION('',(-1.,0.,0.));
#6650=DIRECTION('',(0.,1.,0.));
#6651=AXIS2_PLACEMENT_3D('',#6648,#6649,#6650);
#6652=PLANE('',#6651);
#6653=ORIENTED_EDGE('',*,*,#6625,.T.);
#6654=ORIENTED_EDGE('',*,*,#3453,.T.);
#6655=CARTESIAN_POINT('',(143.05,-62.275,0.));
#6656=DIRECTION('',(-0.,-0.,1.));
#6657=VECTOR('',#6656,1.51);
#6658=LINE('',#6655,#6657);
#6659=EDGE_CURVE('',#1585,#3442,#6658,.T.);
#6660=ORIENTED_EDGE('',*,*,#6659,.F.);
#6661=ORIENTED_EDGE('',*,*,#1590,.F.);
#6662=EDGE_LOOP('',(#6653,#6654,#6660,#6661));
#6663=FACE_BOUND('',#6662,.T.);
#6664=ADVANCED_FACE('',(#6663),#6652,.T.);
#6665=CARTESIAN_POINT('',(143.05,-62.275,0.));
#6666=DIRECTION('',(0.,-1.,0.));
#6667=DIRECTION('',(-1.,0.,0.));
#6668=AXIS2_PLACEMENT_3D('',#6665,#6666,#6667);
#6669=PLANE('',#6668);
#6670=ORIENTED_EDGE('',*,*,#6659,.T.);
#6671=ORIENTED_EDGE('',*,*,#3447,.T.);
#6672=ORIENTED_EDGE('',*,*,#6640,.F.);
#6673=ORIENTED_EDGE('',*,*,#1598,.F.);
#6674=EDGE_LOOP('',(#6670,#6671,#6672,#6673));
#6675=FACE_BOUND('',#6674,.T.);
#6676=ADVANCED_FACE('',(#6675),#6669,.T.);
#6677=CARTESIAN_POINT('',(152.7625,-95.425,0.));
#6678=DIRECTION('',(0.,1.,0.));
#6679=DIRECTION('',(1.,0.,0.));
#6680=AXIS2_PLACEMENT_3D('',#6677,#6678,#6679);
#6681=PLANE('',#6680);
#6682=CARTESIAN_POINT('',(152.7625,-95.425,0.));
#6683=DIRECTION('',(-0.,-0.,1.));
#6684=VECTOR('',#6683,1.51);
#6685=LINE('',#6682,#6684);
#6686=EDGE_CURVE('',#1635,#3458,#6685,.T.);
#6687=ORIENTED_EDGE('',*,*,#6686,.T.);
#6688=ORIENTED_EDGE('',*,*,#3465,.T.);
#6689=CARTESIAN_POINT('',(166.8625,-95.425,0.));
#6690=DIRECTION('',(-0.,-0.,1.));
#6691=VECTOR('',#6690,1.51);
#6692=LINE('',#6689,#6691);
#6693=EDGE_CURVE('',#1617,#3460,#6692,.T.);
#6694=ORIENTED_EDGE('',*,*,#6693,.F.);
#6695=ORIENTED_EDGE('',*,*,#1646,.F.);
#6696=EDGE_LOOP('',(#6687,#6688,#6694,#6695));
#6697=FACE_BOUND('',#6696,.T.);
#6698=ADVANCED_FACE('',(#6697),#6681,.T.);
#6699=CARTESIAN_POINT('',(152.7625,-81.325,0.));
#6700=DIRECTION('',(1.,0.,0.));
#6701=DIRECTION('',(0.,-1.,0.));
#6702=AXIS2_PLACEMENT_3D('',#6699,#6700,#6701);
#6703=PLANE('',#6702);
#6704=CARTESIAN_POINT('',(152.7625,-81.325,0.));
#6705=DIRECTION('',(-0.,-0.,1.));
#6706=VECTOR('',#6705,1.51);
#6707=LINE('',#6704,#6706);
#6708=EDGE_CURVE('',#1627,#3468,#6707,.T.);
#6709=ORIENTED_EDGE('',*,*,#6708,.T.);
#6710=ORIENTED_EDGE('',*,*,#3473,.T.);
#6711=ORIENTED_EDGE('',*,*,#6686,.F.);
#6712=ORIENTED_EDGE('',*,*,#1640,.F.);
#6713=EDGE_LOOP('',(#6709,#6710,#6711,#6712));
#6714=FACE_BOUND('',#6713,.T.);
#6715=ADVANCED_FACE('',(#6714),#6703,.T.);
#6716=CARTESIAN_POINT('',(166.8625,-95.425,0.));
#6717=DIRECTION('',(-1.,0.,0.));
#6718=DIRECTION('',(0.,1.,0.));
#6719=AXIS2_PLACEMENT_3D('',#6716,#6717,#6718);
#6720=PLANE('',#6719);
#6721=ORIENTED_EDGE('',*,*,#6693,.T.);
#6722=ORIENTED_EDGE('',*,*,#3487,.T.);
#6723=CARTESIAN_POINT('',(166.8625,-81.325,0.));
#6724=DIRECTION('',(-0.,-0.,1.));
#6725=VECTOR('',#6724,1.51);
#6726=LINE('',#6723,#6725);
#6727=EDGE_CURVE('',#1619,#3476,#6726,.T.);
#6728=ORIENTED_EDGE('',*,*,#6727,.F.);
#6729=ORIENTED_EDGE('',*,*,#1624,.F.);
#6730=EDGE_LOOP('',(#6721,#6722,#6728,#6729));
#6731=FACE_BOUND('',#6730,.T.);
#6732=ADVANCED_FACE('',(#6731),#6720,.T.);
#6733=CARTESIAN_POINT('',(166.8625,-81.325,0.));
#6734=DIRECTION('',(0.,-1.,0.));
#6735=DIRECTION('',(-1.,0.,0.));
#6736=AXIS2_PLACEMENT_3D('',#6733,#6734,#6735);
#6737=PLANE('',#6736);
#6738=ORIENTED_EDGE('',*,*,#6727,.T.);
#6739=ORIENTED_EDGE('',*,*,#3481,.T.);
#6740=ORIENTED_EDGE('',*,*,#6708,.F.);
#6741=ORIENTED_EDGE('',*,*,#1632,.F.);
#6742=EDGE_LOOP('',(#6738,#6739,#6740,#6741));
#6743=FACE_BOUND('',#6742,.T.);
#6744=ADVANCED_FACE('',(#6743),#6737,.T.);
#6745=CARTESIAN_POINT('',(171.8125,-95.425,0.));
#6746=DIRECTION('',(0.,1.,0.));
#6747=DIRECTION('',(1.,0.,0.));
#6748=AXIS2_PLACEMENT_3D('',#6745,#6746,#6747);
#6749=PLANE('',#6748);
#6750=CARTESIAN_POINT('',(171.8125,-95.425,0.));
#6751=DIRECTION('',(-0.,-0.,1.));
#6752=VECTOR('',#6751,1.51);
#6753=LINE('',#6750,#6752);
#6754=EDGE_CURVE('',#1669,#3492,#6753,.T.);
#6755=ORIENTED_EDGE('',*,*,#6754,.T.);
#6756=ORIENTED_EDGE('',*,*,#3499,.T.);
#6757=CARTESIAN_POINT('',(185.9125,-95.425,0.));
#6758=DIRECTION('',(-0.,-0.,1.));
#6759=VECTOR('',#6758,1.51);
#6760=LINE('',#6757,#6759);
#6761=EDGE_CURVE('',#1651,#3494,#6760,.T.);
#6762=ORIENTED_EDGE('',*,*,#6761,.F.);
#6763=ORIENTED_EDGE('',*,*,#1680,.F.);
#6764=EDGE_LOOP('',(#6755,#6756,#6762,#6763));
#6765=FACE_BOUND('',#6764,.T.);
#6766=ADVANCED_FACE('',(#6765),#6749,.T.);
#6767=CARTESIAN_POINT('',(171.8125,-81.325,0.));
#6768=DIRECTION('',(1.,0.,0.));
#6769=DIRECTION('',(0.,-1.,0.));
#6770=AXIS2_PLACEMENT_3D('',#6767,#6768,#6769);
#6771=PLANE('',#6770);
#6772=CARTESIAN_POINT('',(171.8125,-81.325,0.));
#6773=DIRECTION('',(-0.,-0.,1.));
#6774=VECTOR('',#6773,1.51);
#6775=LINE('',#6772,#6774);
#6776=EDGE_CURVE('',#1661,#3502,#6775,.T.);
#6777=ORIENTED_EDGE('',*,*,#6776,.T.);
#6778=ORIENTED_EDGE('',*,*,#3507,.T.);
#6779=ORIENTED_EDGE('',*,*,#6754,.F.);
#6780=ORIENTED_EDGE('',*,*,#1674,.F.);
#6781=EDGE_LOOP('',(#6777,#6778,#6779,#6780));
#6782=FACE_BOUND('',#6781,.T.);
#6783=ADVANCED_FACE('',(#6782),#6771,.T.);
#6784=CARTESIAN_POINT('',(185.9125,-95.425,0.));
#6785=DIRECTION('',(-1.,0.,0.));
#6786=DIRECTION('',(0.,1.,0.));
#6787=AXIS2_PLACEMENT_3D('',#6784,#6785,#6786);
#6788=PLANE('',#6787);
#6789=ORIENTED_EDGE('',*,*,#6761,.T.);
#6790=ORIENTED_EDGE('',*,*,#3521,.T.);
#6791=CARTESIAN_POINT('',(185.9125,-81.325,0.));
#6792=DIRECTION('',(-0.,-0.,1.));
#6793=VECTOR('',#6792,1.51);
#6794=LINE('',#6791,#6793);
#6795=EDGE_CURVE('',#1653,#3510,#6794,.T.);
#6796=ORIENTED_EDGE('',*,*,#6795,.F.);
#6797=ORIENTED_EDGE('',*,*,#1658,.F.);
#6798=EDGE_LOOP('',(#6789,#6790,#6796,#6797));
#6799=FACE_BOUND('',#6798,.T.);
#6800=ADVANCED_FACE('',(#6799),#6788,.T.);
#6801=CARTESIAN_POINT('',(185.9125,-81.325,0.));
#6802=DIRECTION('',(0.,-1.,0.));
#6803=DIRECTION('',(-1.,0.,0.));
#6804=AXIS2_PLACEMENT_3D('',#6801,#6802,#6803);
#6805=PLANE('',#6804);
#6806=ORIENTED_EDGE('',*,*,#6795,.T.);
#6807=ORIENTED_EDGE('',*,*,#3515,.T.);
#6808=ORIENTED_EDGE('',*,*,#6776,.F.);
#6809=ORIENTED_EDGE('',*,*,#1666,.F.);
#6810=EDGE_LOOP('',(#6806,#6807,#6808,#6809));
#6811=FACE_BOUND('',#6810,.T.);
#6812=ADVANCED_FACE('',(#6811),#6805,.T.);
#6813=CARTESIAN_POINT('',(190.8625,-95.425,0.));
#6814=DIRECTION('',(0.,1.,0.));
#6815=DIRECTION('',(1.,0.,0.));
#6816=AXIS2_PLACEMENT_3D('',#6813,#6814,#6815);
#6817=PLANE('',#6816);
#6818=CARTESIAN_POINT('',(190.8625,-95.425,0.));
#6819=DIRECTION('',(-0.,-0.,1.));
#6820=VECTOR('',#6819,1.51);
#6821=LINE('',#6818,#6820);
#6822=EDGE_CURVE('',#1703,#3526,#6821,.T.);
#6823=ORIENTED_EDGE('',*,*,#6822,.T.);
#6824=ORIENTED_EDGE('',*,*,#3533,.T.);
#6825=CARTESIAN_POINT('',(204.9625,-95.425,0.));
#6826=DIRECTION('',(-0.,-0.,1.));
#6827=VECTOR('',#6826,1.51);
#6828=LINE('',#6825,#6827);
#6829=EDGE_CURVE('',#1685,#3528,#6828,.T.);
#6830=ORIENTED_EDGE('',*,*,#6829,.F.);
#6831=ORIENTED_EDGE('',*,*,#1714,.F.);
#6832=EDGE_LOOP('',(#6823,#6824,#6830,#6831));
#6833=FACE_BOUND('',#6832,.T.);
#6834=ADVANCED_FACE('',(#6833),#6817,.T.);
#6835=CARTESIAN_POINT('',(190.8625,-81.325,0.));
#6836=DIRECTION('',(1.,0.,0.));
#6837=DIRECTION('',(0.,-1.,0.));
#6838=AXIS2_PLACEMENT_3D('',#6835,#6836,#6837);
#6839=PLANE('',#6838);
#6840=CARTESIAN_POINT('',(190.8625,-81.325,0.));
#6841=DIRECTION('',(-0.,-0.,1.));
#6842=VECTOR('',#6841,1.51);
#6843=LINE('',#6840,#6842);
#6844=EDGE_CURVE('',#1695,#3536,#6843,.T.);
#6845=ORIENTED_EDGE('',*,*,#6844,.T.);
#6846=ORIENTED_EDGE('',*,*,#3541,.T.);
#6847=ORIENTED_EDGE('',*,*,#6822,.F.);
#6848=ORIENTED_EDGE('',*,*,#1708,.F.);
#6849=EDGE_LOOP('',(#6845,#6846,#6847,#6848));
#6850=FACE_BOUND('',#6849,.T.);
#6851=ADVANCED_FACE('',(#6850),#6839,.T.);
#6852=CARTESIAN_POINT('',(204.9625,-95.425,0.));
#6853=DIRECTION('',(-1.,0.,0.));
#6854=DIRECTION('',(0.,1.,0.));
#6855=AXIS2_PLACEMENT_3D('',#6852,#6853,#6854);
#6856=PLANE('',#6855);
#6857=ORIENTED_EDGE('',*,*,#6829,.T.);
#6858=ORIENTED_EDGE('',*,*,#3555,.T.);
#6859=CARTESIAN_POINT('',(204.9625,-81.325,0.));
#6860=DIRECTION('',(-0.,-0.,1.));
#6861=VECTOR('',#6860,1.51);
#6862=LINE('',#6859,#6861);
#6863=EDGE_CURVE('',#1687,#3544,#6862,.T.);
#6864=ORIENTED_EDGE('',*,*,#6863,.F.);
#6865=ORIENTED_EDGE('',*,*,#1692,.F.);
#6866=EDGE_LOOP('',(#6857,#6858,#6864,#6865));
#6867=FACE_BOUND('',#6866,.T.);
#6868=ADVANCED_FACE('',(#6867),#6856,.T.);
#6869=CARTESIAN_POINT('',(204.9625,-81.325,0.));
#6870=DIRECTION('',(0.,-1.,0.));
#6871=DIRECTION('',(-1.,0.,0.));
#6872=AXIS2_PLACEMENT_3D('',#6869,#6870,#6871);
#6873=PLANE('',#6872);
#6874=ORIENTED_EDGE('',*,*,#6863,.T.);
#6875=ORIENTED_EDGE('',*,*,#3549,.T.);
#6876=ORIENTED_EDGE('',*,*,#6844,.F.);
#6877=ORIENTED_EDGE('',*,*,#1700,.F.);
#6878=EDGE_LOOP('',(#6874,#6875,#6876,#6877));
#6879=FACE_BOUND('',#6878,.T.);
#6880=ADVANCED_FACE('',(#6879),#6873,.T.);
#6881=CARTESIAN_POINT('',(209.9125,-95.425,0.));
#6882=DIRECTION('',(0.,1.,0.));
#6883=DIRECTION('',(1.,0.,0.));
#6884=AXIS2_PLACEMENT_3D('',#6881,#6882,#6883);
#6885=PLANE('',#6884);
#6886=CARTESIAN_POINT('',(209.9125,-95.425,0.));
#6887=DIRECTION('',(-0.,-0.,1.));
#6888=VECTOR('',#6887,1.51);
#6889=LINE('',#6886,#6888);
#6890=EDGE_CURVE('',#1737,#3560,#6889,.T.);
#6891=ORIENTED_EDGE('',*,*,#6890,.T.);
#6892=ORIENTED_EDGE('',*,*,#3567,.T.);
#6893=CARTESIAN_POINT('',(224.0125,-95.425,0.));
#6894=DIRECTION('',(-0.,-0.,1.));
#6895=VECTOR('',#6894,1.51);
#6896=LINE('',#6893,#6895);
#6897=EDGE_CURVE('',#1719,#3562,#6896,.T.);
#6898=ORIENTED_EDGE('',*,*,#6897,.F.);
#6899=ORIENTED_EDGE('',*,*,#1748,.F.);
#6900=EDGE_LOOP('',(#6891,#6892,#6898,#6899));
#6901=FACE_BOUND('',#6900,.T.);
#6902=ADVANCED_FACE('',(#6901),#6885,.T.);
#6903=CARTESIAN_POINT('',(209.9125,-81.325,0.));
#6904=DIRECTION('',(1.,0.,0.));
#6905=DIRECTION('',(0.,-1.,0.));
#6906=AXIS2_PLACEMENT_3D('',#6903,#6904,#6905);
#6907=PLANE('',#6906);
#6908=CARTESIAN_POINT('',(209.9125,-81.325,0.));
#6909=DIRECTION('',(-0.,-0.,1.));
#6910=VECTOR('',#6909,1.51);
#6911=LINE('',#6908,#6910);
#6912=EDGE_CURVE('',#1729,#3570,#6911,.T.);
#6913=ORIENTED_EDGE('',*,*,#6912,.T.);
#6914=ORIENTED_EDGE('',*,*,#3575,.T.);
#6915=ORIENTED_EDGE('',*,*,#6890,.F.);
#6916=ORIENTED_EDGE('',*,*,#1742,.F.);
#6917=EDGE_LOOP('',(#6913,#6914,#6915,#6916));
#6918=FACE_BOUND('',#6917,.T.);
#6919=ADVANCED_FACE('',(#6918),#6907,.T.);
#6920=CARTESIAN_POINT('',(224.0125,-95.425,0.));
#6921=DIRECTION('',(-1.,0.,0.));
#6922=DIRECTION('',(0.,1.,0.));
#6923=AXIS2_PLACEMENT_3D('',#6920,#6921,#6922);
#6924=PLANE('',#6923);
#6925=ORIENTED_EDGE('',*,*,#6897,.T.);
#6926=ORIENTED_EDGE('',*,*,#3589,.T.);
#6927=CARTESIAN_POINT('',(224.0125,-81.325,0.));
#6928=DIRECTION('',(-0.,-0.,1.));
#6929=VECTOR('',#6928,1.51);
#6930=LINE('',#6927,#6929);
#6931=EDGE_CURVE('',#1721,#3578,#6930,.T.);
#6932=ORIENTED_EDGE('',*,*,#6931,.F.);
#6933=ORIENTED_EDGE('',*,*,#1726,.F.);
#6934=EDGE_LOOP('',(#6925,#6926,#6932,#6933));
#6935=FACE_BOUND('',#6934,.T.);
#6936=ADVANCED_FACE('',(#6935),#6924,.T.);
#6937=CARTESIAN_POINT('',(224.0125,-81.325,0.));
#6938=DIRECTION('',(0.,-1.,0.));
#6939=DIRECTION('',(-1.,0.,0.));
#6940=AXIS2_PLACEMENT_3D('',#6937,#6938,#6939);
#6941=PLANE('',#6940);
#6942=ORIENTED_EDGE('',*,*,#6931,.T.);
#6943=ORIENTED_EDGE('',*,*,#3583,.T.);
#6944=ORIENTED_EDGE('',*,*,#6912,.F.);
#6945=ORIENTED_EDGE('',*,*,#1734,.F.);
#6946=EDGE_LOOP('',(#6942,#6943,#6944,#6945));
#6947=FACE_BOUND('',#6946,.T.);
#6948=ADVANCED_FACE('',(#6947),#6941,.T.);
#6949=CARTESIAN_POINT('',(228.9625,-95.425,0.));
#6950=DIRECTION('',(0.,1.,0.));
#6951=DIRECTION('',(1.,0.,0.));
#6952=AXIS2_PLACEMENT_3D('',#6949,#6950,#6951);
#6953=PLANE('',#6952);
#6954=CARTESIAN_POINT('',(228.9625,-95.425,0.));
#6955=DIRECTION('',(-0.,-0.,1.));
#6956=VECTOR('',#6955,1.51);
#6957=LINE('',#6954,#6956);
#6958=EDGE_CURVE('',#1771,#3594,#6957,.T.);
#6959=ORIENTED_EDGE('',*,*,#6958,.T.);
#6960=ORIENTED_EDGE('',*,*,#3601,.T.);
#6961=CARTESIAN_POINT('',(243.0625,-95.425,0.));
#6962=DIRECTION('',(-0.,-0.,1.));
#6963=VECTOR('',#6962,1.51);
#6964=LINE('',#6961,#6963);
#6965=EDGE_CURVE('',#1753,#3596,#6964,.T.);
#6966=ORIENTED_EDGE('',*,*,#6965,.F.);
#6967=ORIENTED_EDGE('',*,*,#1782,.F.);
#6968=EDGE_LOOP('',(#6959,#6960,#6966,#6967));
#6969=FACE_BOUND('',#6968,.T.);
#6970=ADVANCED_FACE('',(#6969),#6953,.T.);
#6971=CARTESIAN_POINT('',(228.9625,-81.325,0.));
#6972=DIRECTION('',(1.,0.,0.));
#6973=DIRECTION('',(0.,-1.,0.));
#6974=AXIS2_PLACEMENT_3D('',#6971,#6972,#6973);
#6975=PLANE('',#6974);
#6976=CARTESIAN_POINT('',(228.9625,-81.325,0.));
#6977=DIRECTION('',(-0.,-0.,1.));
#6978=VECTOR('',#6977,1.51);
#6979=LINE('',#6976,#6978);
#6980=EDGE_CURVE('',#1763,#3604,#6979,.T.);
#6981=ORIENTED_EDGE('',*,*,#6980,.T.);
#6982=ORIENTED_EDGE('',*,*,#3609,.T.);
#6983=ORIENTED_EDGE('',*,*,#6958,.F.);
#6984=ORIENTED_EDGE('',*,*,#1776,.F.);
#6985=EDGE_LOOP('',(#6981,#6982,#6983,#6984));
#6986=FACE_BOUND('',#6985,.T.);
#6987=ADVANCED_FACE('',(#6986),#6975,.T.);
#6988=CARTESIAN_POINT('',(243.0625,-95.425,0.));
#6989=DIRECTION('',(-1.,0.,0.));
#6990=DIRECTION('',(0.,1.,0.));
#6991=AXIS2_PLACEMENT_3D('',#6988,#6989,#6990);
#6992=PLANE('',#6991);
#6993=ORIENTED_EDGE('',*,*,#6965,.T.);
#6994=ORIENTED_EDGE('',*,*,#3623,.T.);
#6995=CARTESIAN_POINT('',(243.0625,-81.325,0.));
#6996=DIRECTION('',(-0.,-0.,1.));
#6997=VECTOR('',#6996,1.51);
#6998=LINE('',#6995,#6997);
#6999=EDGE_CURVE('',#1755,#3612,#6998,.T.);
#7000=ORIENTED_EDGE('',*,*,#6999,.F.);
#7001=ORIENTED_EDGE('',*,*,#1760,.F.);
#7002=EDGE_LOOP('',(#6993,#6994,#7000,#7001));
#7003=FACE_BOUND('',#7002,.T.);
#7004=ADVANCED_FACE('',(#7003),#6992,.T.);
#7005=CARTESIAN_POINT('',(243.0625,-81.325,0.));
#7006=DIRECTION('',(0.,-1.,0.));
#7007=DIRECTION('',(-1.,0.,0.));
#7008=AXIS2_PLACEMENT_3D('',#7005,#7006,#7007);
#7009=PLANE('',#7008);
#7010=ORIENTED_EDGE('',*,*,#6999,.T.);
#7011=ORIENTED_EDGE('',*,*,#3617,.T.);
#7012=ORIENTED_EDGE('',*,*,#6980,.F.);
#7013=ORIENTED_EDGE('',*,*,#1768,.F.);
#7014=EDGE_LOOP('',(#7010,#7011,#7012,#7013));
#7015=FACE_BOUND('',#7014,.T.);
#7016=ADVANCED_FACE('',(#7015),#7009,.T.);
#7017=CARTESIAN_POINT('',(250.39375,-95.425,0.));
#7018=DIRECTION('',(0.,1.,0.));
#7019=DIRECTION('',(1.,0.,0.));
#7020=AXIS2_PLACEMENT_3D('',#7017,#7018,#7019);
#7021=PLANE('',#7020);
#7022=CARTESIAN_POINT('',(250.39375,-95.425,0.));
#7023=DIRECTION('',(-0.,-0.,1.));
#7024=VECTOR('',#7023,1.51);
#7025=LINE('',#7022,#7024);
#7026=EDGE_CURVE('',#1805,#3628,#7025,.T.);
#7027=ORIENTED_EDGE('',*,*,#7026,.T.);
#7028=ORIENTED_EDGE('',*,*,#3635,.T.);
#7029=CARTESIAN_POINT('',(264.49375,-95.425,0.));
#7030=DIRECTION('',(-0.,-0.,1.));
#7031=VECTOR('',#7030,1.51);
#7032=LINE('',#7029,#7031);
#7033=EDGE_CURVE('',#1787,#3630,#7032,.T.);
#7034=ORIENTED_EDGE('',*,*,#7033,.F.);
#7035=ORIENTED_EDGE('',*,*,#1816,.F.);
#7036=EDGE_LOOP('',(#7027,#7028,#7034,#7035));
#7037=FACE_BOUND('',#7036,.T.);
#7038=ADVANCED_FACE('',(#7037),#7021,.T.);
#7039=CARTESIAN_POINT('',(250.39375,-81.325,0.));
#7040=DIRECTION('',(1.,0.,0.));
#7041=DIRECTION('',(0.,-1.,0.));
#7042=AXIS2_PLACEMENT_3D('',#7039,#7040,#7041);
#7043=PLANE('',#7042);
#7044=CARTESIAN_POINT('',(250.39375,-81.325,0.));
#7045=DIRECTION('',(-0.,-0.,1.));
#7046=VECTOR('',#7045,1.51);
#7047=LINE('',#7044,#7046);
#7048=EDGE_CURVE('',#1797,#3638,#7047,.T.);
#7049=ORIENTED_EDGE('',*,*,#7048,.T.);
#7050=ORIENTED_EDGE('',*,*,#3643,.T.);
#7051=ORIENTED_EDGE('',*,*,#7026,.F.);
#7052=ORIENTED_EDGE('',*,*,#1810,.F.);
#7053=EDGE_LOOP('',(#7049,#7050,#7051,#7052));
#7054=FACE_BOUND('',#7053,.T.);
#7055=ADVANCED_FACE('',(#7054),#7043,.T.);
#7056=CARTESIAN_POINT('',(264.49375,-95.425,0.));
#7057=DIRECTION('',(-1.,0.,0.));
#7058=DIRECTION('',(0.,1.,0.));
#7059=AXIS2_PLACEMENT_3D('',#7056,#7057,#7058);
#7060=PLANE('',#7059);
#7061=ORIENTED_EDGE('',*,*,#7033,.T.);
#7062=ORIENTED_EDGE('',*,*,#3657,.T.);
#7063=CARTESIAN_POINT('',(264.49375,-81.325,0.));
#7064=DIRECTION('',(-0.,-0.,1.));
#7065=VECTOR('',#7064,1.51);
#7066=LINE('',#7063,#7065);
#7067=EDGE_CURVE('',#1789,#3646,#7066,.T.);
#7068=ORIENTED_EDGE('',*,*,#7067,.F.);
#7069=ORIENTED_EDGE('',*,*,#1794,.F.);
#7070=EDGE_LOOP('',(#7061,#7062,#7068,#7069));
#7071=FACE_BOUND('',#7070,.T.);
#7072=ADVANCED_FACE('',(#7071),#7060,.T.);
#7073=CARTESIAN_POINT('',(264.49375,-81.325,0.));
#7074=DIRECTION('',(0.,-1.,0.));
#7075=DIRECTION('',(-1.,0.,0.));
#7076=AXIS2_PLACEMENT_3D('',#7073,#7074,#7075);
#7077=PLANE('',#7076);
#7078=ORIENTED_EDGE('',*,*,#7067,.T.);
#7079=ORIENTED_EDGE('',*,*,#3651,.T.);
#7080=ORIENTED_EDGE('',*,*,#7048,.F.);
#7081=ORIENTED_EDGE('',*,*,#1802,.F.);
#7082=EDGE_LOOP('',(#7078,#7079,#7080,#7081));
#7083=FACE_BOUND('',#7082,.T.);
#7084=ADVANCED_FACE('',(#7083),#7077,.T.);
#7085=CARTESIAN_POINT('',(148.,-76.375,0.));
#7086=DIRECTION('',(0.,1.,0.));
#7087=DIRECTION('',(1.,0.,0.));
#7088=AXIS2_PLACEMENT_3D('',#7085,#7086,#7087);
#7089=PLANE('',#7088);
#7090=CARTESIAN_POINT('',(148.,-76.375,0.));
#7091=DIRECTION('',(-0.,-0.,1.));
#7092=VECTOR('',#7091,1.51);
#7093=LINE('',#7090,#7092);
#7094=EDGE_CURVE('',#1839,#3662,#7093,.T.);
#7095=ORIENTED_EDGE('',*,*,#7094,.T.);
#7096=ORIENTED_EDGE('',*,*,#3669,.T.);
#7097=CARTESIAN_POINT('',(162.1,-76.375,0.));
#7098=DIRECTION('',(-0.,-0.,1.));
#7099=VECTOR('',#7098,1.51);
#7100=LINE('',#7097,#7099);
#7101=EDGE_CURVE('',#1821,#3664,#7100,.T.);
#7102=ORIENTED_EDGE('',*,*,#7101,.F.);
#7103=ORIENTED_EDGE('',*,*,#1850,.F.);
#7104=EDGE_LOOP('',(#7095,#7096,#7102,#7103));
#7105=FACE_BOUND('',#7104,.T.);
#7106=ADVANCED_FACE('',(#7105),#7089,.T.);
#7107=CARTESIAN_POINT('',(148.,-62.275,0.));
#7108=DIRECTION('',(1.,0.,0.));
#7109=DIRECTION('',(0.,-1.,0.));
#7110=AXIS2_PLACEMENT_3D('',#7107,#7108,#7109);
#7111=PLANE('',#7110);
#7112=CARTESIAN_POINT('',(148.,-62.275,0.));
#7113=DIRECTION('',(-0.,-0.,1.));
#7114=VECTOR('',#7113,1.51);
#7115=LINE('',#7112,#7114);
#7116=EDGE_CURVE('',#1831,#3672,#7115,.T.);
#7117=ORIENTED_EDGE('',*,*,#7116,.T.);
#7118=ORIENTED_EDGE('',*,*,#3677,.T.);
#7119=ORIENTED_EDGE('',*,*,#7094,.F.);
#7120=ORIENTED_EDGE('',*,*,#1844,.F.);
#7121=EDGE_LOOP('',(#7117,#7118,#7119,#7120));
#7122=FACE_BOUND('',#7121,.T.);
#7123=ADVANCED_FACE('',(#7122),#7111,.T.);
#7124=CARTESIAN_POINT('',(162.1,-76.375,0.));
#7125=DIRECTION('',(-1.,0.,0.));
#7126=DIRECTION('',(0.,1.,0.));
#7127=AXIS2_PLACEMENT_3D('',#7124,#7125,#7126);
#7128=PLANE('',#7127);
#7129=ORIENTED_EDGE('',*,*,#7101,.T.);
#7130=ORIENTED_EDGE('',*,*,#3691,.T.);
#7131=CARTESIAN_POINT('',(162.1,-62.275,0.));
#7132=DIRECTION('',(-0.,-0.,1.));
#7133=VECTOR('',#7132,1.51);
#7134=LINE('',#7131,#7133);
#7135=EDGE_CURVE('',#1823,#3680,#7134,.T.);
#7136=ORIENTED_EDGE('',*,*,#7135,.F.);
#7137=ORIENTED_EDGE('',*,*,#1828,.F.);
#7138=EDGE_LOOP('',(#7129,#7130,#7136,#7137));
#7139=FACE_BOUND('',#7138,.T.);
#7140=ADVANCED_FACE('',(#7139),#7128,.T.);
#7141=CARTESIAN_POINT('',(162.1,-62.275,0.));
#7142=DIRECTION('',(0.,-1.,0.));
#7143=DIRECTION('',(-1.,0.,0.));
#7144=AXIS2_PLACEMENT_3D('',#7141,#7142,#7143);
#7145=PLANE('',#7144);
#7146=ORIENTED_EDGE('',*,*,#7135,.T.);
#7147=ORIENTED_EDGE('',*,*,#3685,.T.);
#7148=ORIENTED_EDGE('',*,*,#7116,.F.);
#7149=ORIENTED_EDGE('',*,*,#1836,.F.);
#7150=EDGE_LOOP('',(#7146,#7147,#7148,#7149));
#7151=FACE_BOUND('',#7150,.T.);
#7152=ADVANCED_FACE('',(#7151),#7145,.T.);
#7153=CARTESIAN_POINT('',(167.05,-76.375,0.));
#7154=DIRECTION('',(0.,1.,0.));
#7155=DIRECTION('',(1.,0.,0.));
#7156=AXIS2_PLACEMENT_3D('',#7153,#7154,#7155);
#7157=PLANE('',#7156);
#7158=CARTESIAN_POINT('',(167.05,-76.375,0.));
#7159=DIRECTION('',(-0.,-0.,1.));
#7160=VECTOR('',#7159,1.51);
#7161=LINE('',#7158,#7160);
#7162=EDGE_CURVE('',#1873,#3696,#7161,.T.);
#7163=ORIENTED_EDGE('',*,*,#7162,.T.);
#7164=ORIENTED_EDGE('',*,*,#3703,.T.);
#7165=CARTESIAN_POINT('',(181.15,-76.375,0.));
#7166=DIRECTION('',(-0.,-0.,1.));
#7167=VECTOR('',#7166,1.51);
#7168=LINE('',#7165,#7167);
#7169=EDGE_CURVE('',#1855,#3698,#7168,.T.);
#7170=ORIENTED_EDGE('',*,*,#7169,.F.);
#7171=ORIENTED_EDGE('',*,*,#1884,.F.);
#7172=EDGE_LOOP('',(#7163,#7164,#7170,#7171));
#7173=FACE_BOUND('',#7172,.T.);
#7174=ADVANCED_FACE('',(#7173),#7157,.T.);
#7175=CARTESIAN_POINT('',(167.05,-62.275,0.));
#7176=DIRECTION('',(1.,0.,0.));
#7177=DIRECTION('',(0.,-1.,0.));
#7178=AXIS2_PLACEMENT_3D('',#7175,#7176,#7177);
#7179=PLANE('',#7178);
#7180=CARTESIAN_POINT('',(167.05,-62.275,0.));
#7181=DIRECTION('',(-0.,-0.,1.));
#7182=VECTOR('',#7181,1.51);
#7183=LINE('',#7180,#7182);
#7184=EDGE_CURVE('',#1865,#3706,#7183,.T.);
#7185=ORIENTED_EDGE('',*,*,#7184,.T.);
#7186=ORIENTED_EDGE('',*,*,#3711,.T.);
#7187=ORIENTED_EDGE('',*,*,#7162,.F.);
#7188=ORIENTED_EDGE('',*,*,#1878,.F.);
#7189=EDGE_LOOP('',(#7185,#7186,#7187,#7188));
#7190=FACE_BOUND('',#7189,.T.);
#7191=ADVANCED_FACE('',(#7190),#7179,.T.);
#7192=CARTESIAN_POINT('',(181.15,-76.375,0.));
#7193=DIRECTION('',(-1.,0.,0.));
#7194=DIRECTION('',(0.,1.,0.));
#7195=AXIS2_PLACEMENT_3D('',#7192,#7193,#7194);
#7196=PLANE('',#7195);
#7197=ORIENTED_EDGE('',*,*,#7169,.T.);
#7198=ORIENTED_EDGE('',*,*,#3725,.T.);
#7199=CARTESIAN_POINT('',(181.15,-62.275,0.));
#7200=DIRECTION('',(-0.,-0.,1.));
#7201=VECTOR('',#7200,1.51);
#7202=LINE('',#7199,#7201);
#7203=EDGE_CURVE('',#1857,#3714,#7202,.T.);
#7204=ORIENTED_EDGE('',*,*,#7203,.F.);
#7205=ORIENTED_EDGE('',*,*,#1862,.F.);
#7206=EDGE_LOOP('',(#7197,#7198,#7204,#7205));
#7207=FACE_BOUND('',#7206,.T.);
#7208=ADVANCED_FACE('',(#7207),#7196,.T.);
#7209=CARTESIAN_POINT('',(181.15,-62.275,0.));
#7210=DIRECTION('',(0.,-1.,0.));
#7211=DIRECTION('',(-1.,0.,0.));
#7212=AXIS2_PLACEMENT_3D('',#7209,#7210,#7211);
#7213=PLANE('',#7212);
#7214=ORIENTED_EDGE('',*,*,#7203,.T.);
#7215=ORIENTED_EDGE('',*,*,#3719,.T.);
#7216=ORIENTED_EDGE('',*,*,#7184,.F.);
#7217=ORIENTED_EDGE('',*,*,#1870,.F.);
#7218=EDGE_LOOP('',(#7214,#7215,#7216,#7217));
#7219=FACE_BOUND('',#7218,.T.);
#7220=ADVANCED_FACE('',(#7219),#7213,.T.);
#7221=CARTESIAN_POINT('',(186.1,-76.375,0.));
#7222=DIRECTION('',(0.,1.,0.));
#7223=DIRECTION('',(1.,0.,0.));
#7224=AXIS2_PLACEMENT_3D('',#7221,#7222,#7223);
#7225=PLANE('',#7224);
#7226=CARTESIAN_POINT('',(186.1,-76.375,0.));
#7227=DIRECTION('',(-0.,-0.,1.));
#7228=VECTOR('',#7227,1.51);
#7229=LINE('',#7226,#7228);
#7230=EDGE_CURVE('',#1907,#3730,#7229,.T.);
#7231=ORIENTED_EDGE('',*,*,#7230,.T.);
#7232=ORIENTED_EDGE('',*,*,#3737,.T.);
#7233=CARTESIAN_POINT('',(200.2,-76.375,0.));
#7234=DIRECTION('',(-0.,-0.,1.));
#7235=VECTOR('',#7234,1.51);
#7236=LINE('',#7233,#7235);
#7237=EDGE_CURVE('',#1889,#3732,#7236,.T.);
#7238=ORIENTED_EDGE('',*,*,#7237,.F.);
#7239=ORIENTED_EDGE('',*,*,#1918,.F.);
#7240=EDGE_LOOP('',(#7231,#7232,#7238,#7239));
#7241=FACE_BOUND('',#7240,.T.);
#7242=ADVANCED_FACE('',(#7241),#7225,.T.);
#7243=CARTESIAN_POINT('',(186.1,-62.275,0.));
#7244=DIRECTION('',(1.,0.,0.));
#7245=DIRECTION('',(0.,-1.,0.));
#7246=AXIS2_PLACEMENT_3D('',#7243,#7244,#7245);
#7247=PLANE('',#7246);
#7248=CARTESIAN_POINT('',(186.1,-62.275,0.));
#7249=DIRECTION('',(-0.,-0.,1.));
#7250=VECTOR('',#7249,1.51);
#7251=LINE('',#7248,#7250);
#7252=EDGE_CURVE('',#1899,#3740,#7251,.T.);
#7253=ORIENTED_EDGE('',*,*,#7252,.T.);
#7254=ORIENTED_EDGE('',*,*,#3745,.T.);
#7255=ORIENTED_EDGE('',*,*,#7230,.F.);
#7256=ORIENTED_EDGE('',*,*,#1912,.F.);
#7257=EDGE_LOOP('',(#7253,#7254,#7255,#7256));
#7258=FACE_BOUND('',#7257,.T.);
#7259=ADVANCED_FACE('',(#7258),#7247,.T.);
#7260=CARTESIAN_POINT('',(200.2,-76.375,0.));
#7261=DIRECTION('',(-1.,0.,0.));
#7262=DIRECTION('',(0.,1.,0.));
#7263=AXIS2_PLACEMENT_3D('',#7260,#7261,#7262);
#7264=PLANE('',#7263);
#7265=ORIENTED_EDGE('',*,*,#7237,.T.);
#7266=ORIENTED_EDGE('',*,*,#3759,.T.);
#7267=CARTESIAN_POINT('',(200.2,-62.275,0.));
#7268=DIRECTION('',(-0.,-0.,1.));
#7269=VECTOR('',#7268,1.51);
#7270=LINE('',#7267,#7269);
#7271=EDGE_CURVE('',#1891,#3748,#7270,.T.);
#7272=ORIENTED_EDGE('',*,*,#7271,.F.);
#7273=ORIENTED_EDGE('',*,*,#1896,.F.);
#7274=EDGE_LOOP('',(#7265,#7266,#7272,#7273));
#7275=FACE_BOUND('',#7274,.T.);
#7276=ADVANCED_FACE('',(#7275),#7264,.T.);
#7277=CARTESIAN_POINT('',(200.2,-62.275,0.));
#7278=DIRECTION('',(0.,-1.,0.));
#7279=DIRECTION('',(-1.,0.,0.));
#7280=AXIS2_PLACEMENT_3D('',#7277,#7278,#7279);
#7281=PLANE('',#7280);
#7282=ORIENTED_EDGE('',*,*,#7271,.T.);
#7283=ORIENTED_EDGE('',*,*,#3753,.T.);
#7284=ORIENTED_EDGE('',*,*,#7252,.F.);
#7285=ORIENTED_EDGE('',*,*,#1904,.F.);
#7286=EDGE_LOOP('',(#7282,#7283,#7284,#7285));
#7287=FACE_BOUND('',#7286,.T.);
#7288=ADVANCED_FACE('',(#7287),#7281,.T.);
#7289=CARTESIAN_POINT('',(207.4375,-78.85,-0.046));
#7290=DIRECTION('',(0.,0.,-1.));
#7291=DIRECTION('',(0.,-1.,0.));
#7292=AXIS2_PLACEMENT_3D('',#7289,#7290,#7291);
#7293=CYLINDRICAL_SURFACE('',#7292,1.1);
#7294=ORIENTED_EDGE('',*,*,#1929,.T.);
#7295=CARTESIAN_POINT('',(207.4375,-79.95,0.));
#7296=DIRECTION('',(-0.,-0.,1.));
#7297=VECTOR('',#7296,1.51);
#7298=LINE('',#7295,#7297);
#7299=EDGE_CURVE('',#1923,#3764,#7298,.T.);
#7300=ORIENTED_EDGE('',*,*,#7299,.T.);
#7301=ORIENTED_EDGE('',*,*,#3770,.F.);
#7302=ORIENTED_EDGE('',*,*,#7299,.F.);
#7303=EDGE_LOOP('',(#7294,#7300,#7301,#7302));
#7304=FACE_BOUND('',#7303,.T.);
#7305=ADVANCED_FACE('',(#7304),#7293,.F.);
#7306=CARTESIAN_POINT('',(205.15,-76.375,0.));
#7307=DIRECTION('',(0.,1.,0.));
#7308=DIRECTION('',(1.,0.,0.));
#7309=AXIS2_PLACEMENT_3D('',#7306,#7307,#7308);
#7310=PLANE('',#7309);
#7311=CARTESIAN_POINT('',(205.15,-76.375,0.));
#7312=DIRECTION('',(-0.,-0.,1.));
#7313=VECTOR('',#7312,1.51);
#7314=LINE('',#7311,#7313);
#7315=EDGE_CURVE('',#1952,#3775,#7314,.T.);
#7316=ORIENTED_EDGE('',*,*,#7315,.T.);
#7317=ORIENTED_EDGE('',*,*,#3782,.T.);
#7318=CARTESIAN_POINT('',(219.25,-76.375,0.));
#7319=DIRECTION('',(-0.,-0.,1.));
#7320=VECTOR('',#7319,1.51);
#7321=LINE('',#7318,#7320);
#7322=EDGE_CURVE('',#1934,#3777,#7321,.T.);
#7323=ORIENTED_EDGE('',*,*,#7322,.F.);
#7324=ORIENTED_EDGE('',*,*,#1963,.F.);
#7325=EDGE_LOOP('',(#7316,#7317,#7323,#7324));
#7326=FACE_BOUND('',#7325,.T.);
#7327=ADVANCED_FACE('',(#7326),#7310,.T.);
#7328=CARTESIAN_POINT('',(205.15,-62.275,0.));
#7329=DIRECTION('',(1.,0.,0.));
#7330=DIRECTION('',(0.,-1.,0.));
#7331=AXIS2_PLACEMENT_3D('',#7328,#7329,#7330);
#7332=PLANE('',#7331);
#7333=CARTESIAN_POINT('',(205.15,-62.275,0.));
#7334=DIRECTION('',(-0.,-0.,1.));
#7335=VECTOR('',#7334,1.51);
#7336=LINE('',#7333,#7335);
#7337=EDGE_CURVE('',#1944,#3785,#7336,.T.);
#7338=ORIENTED_EDGE('',*,*,#7337,.T.);
#7339=ORIENTED_EDGE('',*,*,#3790,.T.);
#7340=ORIENTED_EDGE('',*,*,#7315,.F.);
#7341=ORIENTED_EDGE('',*,*,#1957,.F.);
#7342=EDGE_LOOP('',(#7338,#7339,#7340,#7341));
#7343=FACE_BOUND('',#7342,.T.);
#7344=ADVANCED_FACE('',(#7343),#7332,.T.);
#7345=CARTESIAN_POINT('',(219.25,-76.375,0.));
#7346=DIRECTION('',(-1.,0.,0.));
#7347=DIRECTION('',(0.,1.,0.));
#7348=AXIS2_PLACEMENT_3D('',#7345,#7346,#7347);
#7349=PLANE('',#7348);
#7350=ORIENTED_EDGE('',*,*,#7322,.T.);
#7351=ORIENTED_EDGE('',*,*,#3804,.T.);
#7352=CARTESIAN_POINT('',(219.25,-62.275,0.));
#7353=DIRECTION('',(-0.,-0.,1.));
#7354=VECTOR('',#7353,1.51);
#7355=LINE('',#7352,#7354);
#7356=EDGE_CURVE('',#1936,#3793,#7355,.T.);
#7357=ORIENTED_EDGE('',*,*,#7356,.F.);
#7358=ORIENTED_EDGE('',*,*,#1941,.F.);
#7359=EDGE_LOOP('',(#7350,#7351,#7357,#7358));
#7360=FACE_BOUND('',#7359,.T.);
#7361=ADVANCED_FACE('',(#7360),#7349,.T.);
#7362=CARTESIAN_POINT('',(219.25,-62.275,0.));
#7363=DIRECTION('',(0.,-1.,0.));
#7364=DIRECTION('',(-1.,0.,0.));
#7365=AXIS2_PLACEMENT_3D('',#7362,#7363,#7364);
#7366=PLANE('',#7365);
#7367=ORIENTED_EDGE('',*,*,#7356,.T.);
#7368=ORIENTED_EDGE('',*,*,#3798,.T.);
#7369=ORIENTED_EDGE('',*,*,#7337,.F.);
#7370=ORIENTED_EDGE('',*,*,#1949,.F.);
#7371=EDGE_LOOP('',(#7367,#7368,#7369,#7370));
#7372=FACE_BOUND('',#7371,.T.);
#7373=ADVANCED_FACE('',(#7372),#7366,.T.);
#7374=CARTESIAN_POINT('',(224.2,-76.375,0.));
#7375=DIRECTION('',(0.,1.,0.));
#7376=DIRECTION('',(1.,0.,0.));
#7377=AXIS2_PLACEMENT_3D('',#7374,#7375,#7376);
#7378=PLANE('',#7377);
#7379=CARTESIAN_POINT('',(224.2,-76.375,0.));
#7380=DIRECTION('',(-0.,-0.,1.));
#7381=VECTOR('',#7380,1.51);
#7382=LINE('',#7379,#7381);
#7383=EDGE_CURVE('',#1986,#3809,#7382,.T.);
#7384=ORIENTED_EDGE('',*,*,#7383,.T.);
#7385=ORIENTED_EDGE('',*,*,#3816,.T.);
#7386=CARTESIAN_POINT('',(238.3,-76.375,0.));
#7387=DIRECTION('',(-0.,-0.,1.));
#7388=VECTOR('',#7387,1.51);
#7389=LINE('',#7386,#7388);
#7390=EDGE_CURVE('',#1968,#3811,#7389,.T.);
#7391=ORIENTED_EDGE('',*,*,#7390,.F.);
#7392=ORIENTED_EDGE('',*,*,#1997,.F.);
#7393=EDGE_LOOP('',(#7384,#7385,#7391,#7392));
#7394=FACE_BOUND('',#7393,.T.);
#7395=ADVANCED_FACE('',(#7394),#7378,.T.);
#7396=CARTESIAN_POINT('',(224.2,-62.275,0.));
#7397=DIRECTION('',(1.,0.,0.));
#7398=DIRECTION('',(0.,-1.,0.));
#7399=AXIS2_PLACEMENT_3D('',#7396,#7397,#7398);
#7400=PLANE('',#7399);
#7401=CARTESIAN_POINT('',(224.2,-62.275,0.));
#7402=DIRECTION('',(-0.,-0.,1.));
#7403=VECTOR('',#7402,1.51);
#7404=LINE('',#7401,#7403);
#7405=EDGE_CURVE('',#1978,#3819,#7404,.T.);
#7406=ORIENTED_EDGE('',*,*,#7405,.T.);
#7407=ORIENTED_EDGE('',*,*,#3824,.T.);
#7408=ORIENTED_EDGE('',*,*,#7383,.F.);
#7409=ORIENTED_EDGE('',*,*,#1991,.F.);
#7410=EDGE_LOOP('',(#7406,#7407,#7408,#7409));
#7411=FACE_BOUND('',#7410,.T.);
#7412=ADVANCED_FACE('',(#7411),#7400,.T.);
#7413=CARTESIAN_POINT('',(238.3,-76.375,0.));
#7414=DIRECTION('',(-1.,0.,0.));
#7415=DIRECTION('',(0.,1.,0.));
#7416=AXIS2_PLACEMENT_3D('',#7413,#7414,#7415);
#7417=PLANE('',#7416);
#7418=ORIENTED_EDGE('',*,*,#7390,.T.);
#7419=ORIENTED_EDGE('',*,*,#3838,.T.);
#7420=CARTESIAN_POINT('',(238.3,-62.275,0.));
#7421=DIRECTION('',(-0.,-0.,1.));
#7422=VECTOR('',#7421,1.51);
#7423=LINE('',#7420,#7422);
#7424=EDGE_CURVE('',#1970,#3827,#7423,.T.);
#7425=ORIENTED_EDGE('',*,*,#7424,.F.);
#7426=ORIENTED_EDGE('',*,*,#1975,.F.);
#7427=EDGE_LOOP('',(#7418,#7419,#7425,#7426));
#7428=FACE_BOUND('',#7427,.T.);
#7429=ADVANCED_FACE('',(#7428),#7417,.T.);
#7430=CARTESIAN_POINT('',(238.3,-62.275,0.));
#7431=DIRECTION('',(0.,-1.,0.));
#7432=DIRECTION('',(-1.,0.,0.));
#7433=AXIS2_PLACEMENT_3D('',#7430,#7431,#7432);
#7434=PLANE('',#7433);
#7435=ORIENTED_EDGE('',*,*,#7424,.T.);
#7436=ORIENTED_EDGE('',*,*,#3832,.T.);
#7437=ORIENTED_EDGE('',*,*,#7405,.F.);
#7438=ORIENTED_EDGE('',*,*,#1983,.F.);
#7439=EDGE_LOOP('',(#7435,#7436,#7437,#7438));
#7440=FACE_BOUND('',#7439,.T.);
#7441=ADVANCED_FACE('',(#7440),#7434,.T.);
#7442=CARTESIAN_POINT('',(248.0125,-76.375,0.));
#7443=DIRECTION('',(0.,1.,0.));
#7444=DIRECTION('',(1.,0.,0.));
#7445=AXIS2_PLACEMENT_3D('',#7442,#7443,#7444);
#7446=PLANE('',#7445);
#7447=CARTESIAN_POINT('',(248.0125,-76.375,0.));
#7448=DIRECTION('',(-0.,-0.,1.));
#7449=VECTOR('',#7448,1.51);
#7450=LINE('',#7447,#7449);
#7451=EDGE_CURVE('',#2020,#3843,#7450,.T.);
#7452=ORIENTED_EDGE('',*,*,#7451,.T.);
#7453=ORIENTED_EDGE('',*,*,#3850,.T.);
#7454=CARTESIAN_POINT('',(262.1125,-76.375,0.));
#7455=DIRECTION('',(-0.,-0.,1.));
#7456=VECTOR('',#7455,1.51);
#7457=LINE('',#7454,#7456);
#7458=EDGE_CURVE('',#2002,#3845,#7457,.T.);
#7459=ORIENTED_EDGE('',*,*,#7458,.F.);
#7460=ORIENTED_EDGE('',*,*,#2031,.F.);
#7461=EDGE_LOOP('',(#7452,#7453,#7459,#7460));
#7462=FACE_BOUND('',#7461,.T.);
#7463=ADVANCED_FACE('',(#7462),#7446,.T.);
#7464=CARTESIAN_POINT('',(248.0125,-62.275,0.));
#7465=DIRECTION('',(1.,0.,0.));
#7466=DIRECTION('',(0.,-1.,0.));
#7467=AXIS2_PLACEMENT_3D('',#7464,#7465,#7466);
#7468=PLANE('',#7467);
#7469=CARTESIAN_POINT('',(248.0125,-62.275,0.));
#7470=DIRECTION('',(-0.,-0.,1.));
#7471=VECTOR('',#7470,1.51);
#7472=LINE('',#7469,#7471);
#7473=EDGE_CURVE('',#2012,#3853,#7472,.T.);
#7474=ORIENTED_EDGE('',*,*,#7473,.T.);
#7475=ORIENTED_EDGE('',*,*,#3858,.T.);
#7476=ORIENTED_EDGE('',*,*,#7451,.F.);
#7477=ORIENTED_EDGE('',*,*,#2025,.F.);
#7478=EDGE_LOOP('',(#7474,#7475,#7476,#7477));
#7479=FACE_BOUND('',#7478,.T.);
#7480=ADVANCED_FACE('',(#7479),#7468,.T.);
#7481=CARTESIAN_POINT('',(262.1125,-76.375,0.));
#7482=DIRECTION('',(-1.,0.,0.));
#7483=DIRECTION('',(0.,1.,0.));
#7484=AXIS2_PLACEMENT_3D('',#7481,#7482,#7483);
#7485=PLANE('',#7484);
#7486=ORIENTED_EDGE('',*,*,#7458,.T.);
#7487=ORIENTED_EDGE('',*,*,#3872,.T.);
#7488=CARTESIAN_POINT('',(262.1125,-62.275,0.));
#7489=DIRECTION('',(-0.,-0.,1.));
#7490=VECTOR('',#7489,1.51);
#7491=LINE('',#7488,#7490);
#7492=EDGE_CURVE('',#2004,#3861,#7491,.T.);
#7493=ORIENTED_EDGE('',*,*,#7492,.F.);
#7494=ORIENTED_EDGE('',*,*,#2009,.F.);
#7495=EDGE_LOOP('',(#7486,#7487,#7493,#7494));
#7496=FACE_BOUND('',#7495,.T.);
#7497=ADVANCED_FACE('',(#7496),#7485,.T.);
#7498=CARTESIAN_POINT('',(262.1125,-62.275,0.));
#7499=DIRECTION('',(0.,-1.,0.));
#7500=DIRECTION('',(-1.,0.,0.));
#7501=AXIS2_PLACEMENT_3D('',#7498,#7499,#7500);
#7502=PLANE('',#7501);
#7503=ORIENTED_EDGE('',*,*,#7492,.T.);
#7504=ORIENTED_EDGE('',*,*,#3866,.T.);
#7505=ORIENTED_EDGE('',*,*,#7473,.F.);
#7506=ORIENTED_EDGE('',*,*,#2017,.F.);
#7507=EDGE_LOOP('',(#7503,#7504,#7505,#7506));
#7508=FACE_BOUND('',#7507,.T.);
#7509=ADVANCED_FACE('',(#7508),#7502,.T.);
#7510=CLOSED_SHELL('',(#132,#163,#194,#2035,#3876,#3893,#3910,#3927,#3944,#3961,#3978,#3995,#4012,#4029,#4046,#4063,#4080,#4097,#4114,#4131,#4148,#4165,#4182,#4199,#4216,#4233,
#4250,#4267,#4284,#4301,#4318,#4335,#4352,#4364,#4386,#4403,#4420,#4432,#4454,#4471,#4488,#4500,#4522,#4539,#4556,#4568,#4585,#4607,#4624,#4641,#4653,
#4675,#4692,#4709,#4721,#4743,#4760,#4777,#4789,#4811,#4828,#4845,#4857,#4879,#4896,#4913,#4925,#4947,#4964,#4981,#4993,#5015,#5032,#5049,#5061,#5083,
#5100,#5117,#5129,#5151,#5168,#5185,#5197,#5214,#5236,#5253,#5270,#5282,#5304,#5321,#5338,#5350,#5372,#5389,#5406,#5418,#5435,#5457,#5474,#5491,#5503,
#5525,#5542,#5559,#5571,#5593,#5610,#5627,#5639,#5661,#5678,#5695,#5707,#5729,#5746,#5763,#5775,#5797,#5814,#5831,#5843,#5865,#5882,#5899,#5911,#5933,
#5950,#5967,#5979,#6001,#6018,#6035,#6047,#6069,#6086,#6103,#6115,#6137,#6154,#6171,#6183,#6205,#6222,#6239,#6251,#6273,#6290,#6307,#6319,#6341,#6358,
#6375,#6387,#6409,#6426,#6443,#6455,#6472,#6494,#6511,#6528,#6540,#6562,#6579,#6596,#6608,#6630,#6647,#6664,#6676,#6698,#6715,#6732,#6744,#6766,#6783,
#6800,#6812,#6834,#6851,#6868,#6880,#6902,#6919,#6936,#6948,#6970,#6987,#7004,#7016,#7038,#7055,#7072,#7084,#7106,#7123,#7140,#7152,#7174,#7191,#7208,
#7220,#7242,#7259,#7276,#7288,#7305,#7327,#7344,#7361,#7373,#7395,#7412,#7429,#7441,#7463,#7480,#7497,#7509));
#7511=MANIFOLD_SOLID_BREP('Solid 2',#7510);
#7512=COLOUR_RGB('',0.309803933,0.482352942,0.407843143);
#7513=FILL_AREA_STYLE_COLOUR('',#7512);
#7514=FILL_AREA_STYLE('',(#7513));
#7515=SURFACE_STYLE_FILL_AREA(#7514);
#7516=SURFACE_SIDE_STYLE('',(#7515));
#7517=SURFACE_STYLE_USAGE(.BOTH.,#7516);
#7518=PRESENTATION_STYLE_ASSIGNMENT((#7517));
#90=STYLED_ITEM('',(#7518),#7511);
#71=SHAPE_REPRESENTATION('Chai45HE_PCB',(#70),#65);
#72=ADVANCED_BREP_SHAPE_REPRESENTATION('Chai45HE_PCB',(#7511),#65);
#7526=SHAPE_REPRESENTATION_RELATIONSHIP('','',#71,#72);
#7527=APPLICATION_CONTEXT('configuration controlled 3D design of mechanical parts and assemblies');
#7528=APPLICATION_PROTOCOL_DEFINITION('international standard','configuration_control_3d_design_ed2_mim',2004,#7527);
#7529=PRODUCT_CONTEXT('',#7527,'mechanical');
#7530=PRODUCT_DEFINITION_CONTEXT('part definition',#7527,'design');
#79=PRODUCT('0','0','',(#7529));
#7531=PRODUCT_RELATED_PRODUCT_CATEGORY('part','',(#79));
#7532=PRODUCT_DEFINITION_FORMATION_WITH_SPECIFIED_SOURCE('','',#79,.NOT_KNOWN.);
#80=PRODUCT_DEFINITION('design','',#7532,#7530);
#78=PRODUCT_DEFINITION_SHAPE('','',#80);
#7533=SHAPE_DEFINITION_REPRESENTATION(#78,#71);
#66=DRAUGHTING_MODEL('',(),#65);
#39=SHAPE_REPRESENTATION('Chai45HE.step',(#38,#84),#33);
#47=PRODUCT('0','0','',(#7529));
#7534=PRODUCT_RELATED_PRODUCT_CATEGORY('part','',(#47));
#7535=PRODUCT_DEFINITION_FORMATION_WITH_SPECIFIED_SOURCE('','',#47,.NOT_KNOWN.);
#48=PRODUCT_DEFINITION('design','',#7535,#7530);
#46=PRODUCT_DEFINITION_SHAPE('','',#48);
#7536=SHAPE_DEFINITION_REPRESENTATION(#46,#39);
#34=DRAUGHTING_MODEL('',(),#33);
#16=SHAPE_REPRESENTATION('root',(#15,#52),#10);
#24=PRODUCT('root','root','',(#7529));
#7537=PRODUCT_RELATED_PRODUCT_CATEGORY('part','',(#24));
#7538=PRODUCT_DEFINITION_FORMATION_WITH_SPECIFIED_SOURCE('','',#24,.NOT_KNOWN.);
#25=PRODUCT_DEFINITION('design','',#7538,#7530);
#23=PRODUCT_DEFINITION_SHAPE('','',#25);
#7539=SHAPE_DEFINITION_REPRESENTATION(#23,#16);
#11=DRAUGHTING_MODEL('',(),#10);
#1=MECHANICAL_DESIGN_GEOMETRIC_PRESENTATION_REPRESENTATION('',(#90),#10);
ENDSEC;
END-ISO-10303-21;
